time,some 10,some 60,some 300
2024-11-15 18:25:10,0,0,0
2024-11-15 18:25:08,0,0,0
2024-11-15 18:25:06,0,0,0
2024-11-15 18:25:04,0,0,0
2024-11-15 18:25:02,0,0,0
2024-11-15 18:25:00,0,0,0
2024-11-15 18:24:58,0,0,0
2024-11-15 18:24:56,0,0,0
2024-11-15 18:24:54,0,0,0
2024-11-15 18:24:52,0,0,0
2024-11-15 18:24:50,0,0,0
2024-11-15 18:24:48,0,0,0
2024-11-15 18:24:46,0,0,0
2024-11-15 18:24:44,0,0,0
2024-11-15 18:24:42,0,0,0
2024-11-15 18:24:40,0,0,0
2024-11-15 18:24:38,0,0,0
2024-11-15 18:24:36,0,0,0
2024-11-15 18:24:34,0,0,0
2024-11-15 18:24:32,0,0,0
2024-11-15 18:24:30,0,0,0
2024-11-15 18:24:28,0,0,0
2024-11-15 18:24:26,0,0,0
2024-11-15 18:24:24,0,0,0
2024-11-15 18:24:22,0,0,0
2024-11-15 18:24:20,0,0,0
2024-11-15 18:24:18,0,0,0
2024-11-15 18:24:16,0,0,0
2024-11-15 18:24:14,0,0,0
2024-11-15 18:24:12,0,0,0
2024-11-15 18:24:10,0,0,0
2024-11-15 18:24:08,0,0,0
2024-11-15 18:24:06,0,0,0
2024-11-15 18:24:04,0,0,0
2024-11-15 18:24:02,0,0,0
2024-11-15 18:24:00,0,0,0
2024-11-15 18:23:58,0,0,0
2024-11-15 18:23:56,0,0,0
2024-11-15 18:23:54,0,0,0
2024-11-15 18:23:52,0,0,0
2024-11-15 18:23:50,0,0,0
2024-11-15 18:23:48,0,0,0
2024-11-15 18:23:46,0,0,0
2024-11-15 18:23:44,0,0,0
2024-11-15 18:23:42,0,0,0
2024-11-15 18:23:40,0,0,0
2024-11-15 18:23:38,0,0,0
2024-11-15 18:23:36,0,0,0
2024-11-15 18:23:34,0,0,0
2024-11-15 18:23:32,0,0,0
2024-11-15 18:23:30,0,0,0
2024-11-15 18:23:28,0,0,0
2024-11-15 18:23:26,0,0,0
2024-11-15 18:23:24,0,0,0
2024-11-15 18:23:22,0,0,0
2024-11-15 18:23:20,0,0,0
2024-11-15 18:23:18,0,0,0
2024-11-15 18:23:16,0,0,0
2024-11-15 18:23:14,0,0,0
2024-11-15 18:23:12,0,0,0
2024-11-15 18:23:10,0,0,0
2024-11-15 18:23:08,0,0,0
2024-11-15 18:23:06,0,0,0
2024-11-15 18:23:04,0,0,0
2024-11-15 18:23:02,0,0,0
2024-11-15 18:23:00,0,0,0
2024-11-15 18:22:58,0,0,0
2024-11-15 18:22:56,0,0,0
2024-11-15 18:22:54,0,0,0
2024-11-15 18:22:52,0,0,0
2024-11-15 18:22:50,0,0,0
2024-11-15 18:22:48,0,0,0
2024-11-15 18:22:46,0,0,0
2024-11-15 18:22:44,0,0,0
2024-11-15 18:22:42,0,0,0
2024-11-15 18:22:40,0,0,0
2024-11-15 18:22:38,0,0,0
2024-11-15 18:22:36,0,0,0
2024-11-15 18:22:34,0,0,0
2024-11-15 18:22:32,0,0,0
2024-11-15 18:22:30,0,0,0
2024-11-15 18:22:28,0,0,0
2024-11-15 18:22:26,0,0,0
2024-11-15 18:22:24,0,0,0
2024-11-15 18:22:22,0,0,0
2024-11-15 18:22:20,0,0,0
2024-11-15 18:22:18,0,0,0
2024-11-15 18:22:16,0,0,0
2024-11-15 18:22:14,0,0,0
2024-11-15 18:22:12,0,0,0
2024-11-15 18:22:10,0,0,0
2024-11-15 18:22:08,0,0,0
2024-11-15 18:22:06,0,0,0
2024-11-15 18:22:04,0,0,0
2024-11-15 18:22:02,0,0,0
2024-11-15 18:22:00,0,0,0
2024-11-15 18:21:58,0,0,0
2024-11-15 18:21:56,0,0,0
2024-11-15 18:21:54,0,0,0
2024-11-15 18:21:52,0,0,0
2024-11-15 18:21:50,0,0,0
2024-11-15 18:21:48,0,0,0
2024-11-15 18:21:46,0,0,0
2024-11-15 18:21:44,0,0,0
2024-11-15 18:21:42,0,0,0
2024-11-15 18:21:40,0,0,0
2024-11-15 18:21:38,0,0,0
2024-11-15 18:21:36,0,0,0
2024-11-15 18:21:34,0,0,0
2024-11-15 18:21:32,0,0,0
2024-11-15 18:21:30,0,0,0
2024-11-15 18:21:28,0,0,0
2024-11-15 18:21:26,0,0,0
2024-11-15 18:21:24,0,0,0
2024-11-15 18:21:22,0,0,0
2024-11-15 18:21:20,0,0,0
2024-11-15 18:21:18,0,0,0
2024-11-15 18:21:16,0,0,0
2024-11-15 18:21:14,0,0,0
2024-11-15 18:21:12,0,0,0
2024-11-15 18:21:10,0,0,0
2024-11-15 18:21:08,0,0,0
2024-11-15 18:21:06,0,0,0
2024-11-15 18:21:04,0,0,0
2024-11-15 18:21:02,0,0,0
2024-11-15 18:21:00,0,0,0
2024-11-15 18:20:58,0,0,0
2024-11-15 18:20:56,0,0,0
2024-11-15 18:20:54,0,0,0
2024-11-15 18:20:52,0,0,0
2024-11-15 18:20:50,0,0,0
2024-11-15 18:20:48,0,0,0
2024-11-15 18:20:46,0,0,0
2024-11-15 18:20:44,0,0,0
2024-11-15 18:20:42,0,0,0
2024-11-15 18:20:40,0,0,0
2024-11-15 18:20:38,0,0,0
2024-11-15 18:20:36,0,0,0
2024-11-15 18:20:34,0,0,0
2024-11-15 18:20:32,0,0,0
2024-11-15 18:20:30,0,0,0
2024-11-15 18:20:28,0,0,0
2024-11-15 18:20:26,0,0,0
2024-11-15 18:20:24,0,0,0
2024-11-15 18:20:22,0,0,0
2024-11-15 18:20:20,0,0,0
2024-11-15 18:20:18,0,0,0
2024-11-15 18:20:16,0,0,0
2024-11-15 18:20:14,0,0,0
2024-11-15 18:20:12,0,0,0
2024-11-15 18:20:10,0,0,0
2024-11-15 18:20:08,0,0,0
2024-11-15 18:20:06,0,0,0
2024-11-15 18:20:04,0,0,0
2024-11-15 18:20:02,0,0,0
2024-11-15 18:20:00,0,0,0
2024-11-15 18:19:58,0,0,0
2024-11-15 18:19:56,0,0,0
2024-11-15 18:19:54,0,0,0
2024-11-15 18:19:52,0,0,0
2024-11-15 18:19:50,0,0,0
2024-11-15 18:19:48,0,0,0
2024-11-15 18:19:46,0,0,0
2024-11-15 18:19:44,0,0,0
2024-11-15 18:19:42,0,0,0
2024-11-15 18:19:40,0,0,0
2024-11-15 18:19:38,0,0,0
2024-11-15 18:19:36,0,0,0
2024-11-15 18:19:34,0,0,0
2024-11-15 18:19:32,0,0,0
2024-11-15 18:19:30,0,0,0
2024-11-15 18:19:28,0,0,0
2024-11-15 18:19:26,0,0,0
2024-11-15 18:19:24,0,0,0
2024-11-15 18:19:22,0,0,0
2024-11-15 18:19:20,0,0,0
2024-11-15 18:19:18,0,0,0
2024-11-15 18:19:16,0,0,0
2024-11-15 18:19:14,0,0,0
2024-11-15 18:19:12,0,0,0
2024-11-15 18:19:10,0,0,0
2024-11-15 18:19:08,0,0,0
2024-11-15 18:19:06,0,0,0
2024-11-15 18:19:04,0,0,0
2024-11-15 18:19:02,0,0,0
2024-11-15 18:19:00,0,0,0
2024-11-15 18:18:58,0,0,0
2024-11-15 18:18:56,0,0,0
2024-11-15 18:18:54,0,0,0
2024-11-15 18:18:52,0,0,0
2024-11-15 18:18:50,0,0,0
2024-11-15 18:18:48,0,0,0
2024-11-15 18:18:46,0,0,0
2024-11-15 18:18:44,0,0,0
2024-11-15 18:18:42,0,0,0
2024-11-15 18:18:40,0,0,0
2024-11-15 18:18:38,0,0,0
2024-11-15 18:18:36,0,0,0
2024-11-15 18:18:34,0,0,0
2024-11-15 18:18:32,0,0,0
2024-11-15 18:18:30,0,0,0
2024-11-15 18:18:28,0,0,0
2024-11-15 18:18:26,0,0,0
2024-11-15 18:18:24,0,0,0
2024-11-15 18:18:22,0,0,0
2024-11-15 18:18:20,0,0,0
2024-11-15 18:18:18,0,0,0
2024-11-15 18:18:16,0,0,0
2024-11-15 18:18:14,0,0,0
2024-11-15 18:18:12,0,0,0
2024-11-15 18:18:10,0,0,0
2024-11-15 18:18:08,0,0,0
2024-11-15 18:18:06,0,0,0
2024-11-15 18:18:04,0,0,0
2024-11-15 18:18:02,0,0,0
2024-11-15 18:18:00,0,0,0
2024-11-15 18:17:58,0,0,0
2024-11-15 18:17:56,0,0,0
2024-11-15 18:17:54,0,0,0
2024-11-15 18:17:52,0,0,0
2024-11-15 18:17:50,0,0,0
2024-11-15 18:17:48,0,0,0
2024-11-15 18:17:46,0,0,0
2024-11-15 18:17:44,0,0,0
2024-11-15 18:17:42,0,0,0
2024-11-15 18:17:40,0,0,0
2024-11-15 18:17:38,0,0,0
2024-11-15 18:17:36,0,0,0
2024-11-15 18:17:34,0,0,0
2024-11-15 18:17:32,0,0,0
2024-11-15 18:17:30,0,0,0
2024-11-15 18:17:28,0,0,0
2024-11-15 18:17:26,0,0,0
2024-11-15 18:17:24,0,0,0
2024-11-15 18:17:22,0,0,0
2024-11-15 18:17:20,0,0,0
2024-11-15 18:17:18,0,0,0
2024-11-15 18:17:16,0,0,0
2024-11-15 18:17:14,0,0,0
2024-11-15 18:17:12,0,0,0
2024-11-15 18:17:10,0,0,0
2024-11-15 18:17:08,0,0,0
2024-11-15 18:17:06,0,0,0
2024-11-15 18:17:04,0,0,0
2024-11-15 18:17:02,0,0,0
2024-11-15 18:17:00,0,0,0
2024-11-15 18:16:58,0,0,0
2024-11-15 18:16:56,0,0,0
2024-11-15 18:16:54,0,0,0
2024-11-15 18:16:52,0,0,0
2024-11-15 18:16:50,0,0,0
2024-11-15 18:16:48,0,0,0
2024-11-15 18:16:46,0,0,0
2024-11-15 18:16:44,0,0,0
2024-11-15 18:16:42,0,0,0
2024-11-15 18:16:40,0,0,0
2024-11-15 18:16:38,0,0,0
2024-11-15 18:16:36,0,0,0
2024-11-15 18:16:34,0,0,0
2024-11-15 18:16:32,0,0,0
2024-11-15 18:16:30,0,0,0
2024-11-15 18:16:28,0,0,0
2024-11-15 18:16:26,0,0,0
2024-11-15 18:16:24,0,0,0
2024-11-15 18:16:22,0,0,0
2024-11-15 18:16:20,0,0,0
2024-11-15 18:16:18,0,0,0
2024-11-15 18:16:16,0,0,0
2024-11-15 18:16:14,0,0,0
2024-11-15 18:16:12,0,0,0
2024-11-15 18:16:10,0,0,0
2024-11-15 18:16:08,0,0,0
2024-11-15 18:16:06,0,0,0
2024-11-15 18:16:04,0,0,0
2024-11-15 18:16:02,0,0,0
2024-11-15 18:16:00,0,0,0
2024-11-15 18:15:58,0,0,0
2024-11-15 18:15:56,0,0,0
2024-11-15 18:15:54,0,0,0
2024-11-15 18:15:52,0,0,0
2024-11-15 18:15:50,0,0,0
2024-11-15 18:15:48,0,0,0
2024-11-15 18:15:46,0,0,0
2024-11-15 18:15:44,0,0,0
2024-11-15 18:15:42,0,0,0
2024-11-15 18:15:40,0,0,0
2024-11-15 18:15:38,0,0,0
2024-11-15 18:15:36,0,0,0
2024-11-15 18:15:34,0,0,0
2024-11-15 18:15:32,0,0,0
2024-11-15 18:15:30,0,0,0
2024-11-15 18:15:28,0,0,0
2024-11-15 18:15:26,0,0,0
2024-11-15 18:15:24,0,0,0
2024-11-15 18:15:22,0,0,0
2024-11-15 18:15:20,0,0,0
2024-11-15 18:15:18,0,0,0
2024-11-15 18:15:16,0,0,0
2024-11-15 18:15:14,0,0,0
2024-11-15 18:15:12,0,0,0
2024-11-15 18:15:10,0,0,0
2024-11-15 18:15:08,0,0,0
2024-11-15 18:15:06,0,0,0
2024-11-15 18:15:04,0,0,0
2024-11-15 18:15:02,0,0,0
2024-11-15 18:15:00,0,0,0
2024-11-15 18:14:58,0,0,0
2024-11-15 18:14:56,0,0,0
2024-11-15 18:14:54,0,0,0
2024-11-15 18:14:52,0,0,0
2024-11-15 18:14:50,0,0,0
2024-11-15 18:14:48,0,0,0
2024-11-15 18:14:46,0,0,0
2024-11-15 18:14:44,0,0,0
2024-11-15 18:14:42,0,0,0
2024-11-15 18:14:40,0,0,0
2024-11-15 18:14:38,0,0,0
2024-11-15 18:14:36,0,0,0
2024-11-15 18:14:34,0,0,0
2024-11-15 18:14:32,0,0,0
2024-11-15 18:14:30,0,0,0
2024-11-15 18:14:28,0,0,0
2024-11-15 18:14:26,0,0,0
2024-11-15 18:14:24,0,0,0
2024-11-15 18:14:22,0,0,0
2024-11-15 18:14:20,0,0,0
2024-11-15 18:14:18,0,0,0
2024-11-15 18:14:16,0,0,0
2024-11-15 18:14:14,0,0,0
2024-11-15 18:14:12,0,0,0
2024-11-15 18:14:10,0,0,0
2024-11-15 18:14:08,0,0,0
2024-11-15 18:14:06,0,0,0
2024-11-15 18:14:04,0,0,0
2024-11-15 18:14:02,0,0,0
2024-11-15 18:14:00,0,0,0
2024-11-15 18:13:58,0,0,0
2024-11-15 18:13:56,0,0,0
2024-11-15 18:13:54,0,0,0
2024-11-15 18:13:52,0,0,0
2024-11-15 18:13:50,0,0,0
2024-11-15 18:13:48,0,0,0
2024-11-15 18:13:46,0,0,0
2024-11-15 18:13:44,0,0,0
2024-11-15 18:13:42,0,0,0
2024-11-15 18:13:40,0,0,0
2024-11-15 18:13:38,0,0,0
2024-11-15 18:13:36,0,0,0
2024-11-15 18:13:34,0,0,0
2024-11-15 18:13:32,0,0,0
2024-11-15 18:13:30,0,0,0
2024-11-15 18:13:28,0,0,0
2024-11-15 18:13:26,0,0,0
2024-11-15 18:13:24,0,0,0
2024-11-15 18:13:22,0,0,0
2024-11-15 18:13:20,0,0,0
2024-11-15 18:13:18,0,0,0
2024-11-15 18:13:16,0,0,0
2024-11-15 18:13:14,0,0,0
2024-11-15 18:13:12,0,0,0
2024-11-15 18:13:10,0,0,0
2024-11-15 18:13:08,0,0,0
2024-11-15 18:13:06,0,0,0
2024-11-15 18:13:04,0,0,0
2024-11-15 18:13:02,0,0,0
2024-11-15 18:13:00,0,0,0
2024-11-15 18:12:58,0,0,0
2024-11-15 18:12:56,0,0,0
2024-11-15 18:12:54,0,0,0
2024-11-15 18:12:52,0,0,0
2024-11-15 18:12:50,0,0,0
2024-11-15 18:12:48,0,0,0
2024-11-15 18:12:46,0,0,0
2024-11-15 18:12:44,0,0,0
2024-11-15 18:12:42,0,0,0
2024-11-15 18:12:40,0,0,0
2024-11-15 18:12:38,0,0,0
2024-11-15 18:12:36,0,0,0
2024-11-15 18:12:34,0,0,0
2024-11-15 18:12:32,0,0,0
2024-11-15 18:12:30,0,0,0
2024-11-15 18:12:28,0,0,0
2024-11-15 18:12:26,0,0,0
2024-11-15 18:12:24,0,0,0
2024-11-15 18:12:22,0,0,0
2024-11-15 18:12:20,0,0,0
2024-11-15 18:12:18,0,0,0
2024-11-15 18:12:16,0,0,0
2024-11-15 18:12:14,0,0,0
2024-11-15 18:12:12,0,0,0
2024-11-15 18:12:10,0,0,0
2024-11-15 18:12:08,0,0,0
2024-11-15 18:12:06,0,0,0
2024-11-15 18:12:04,0,0,0
2024-11-15 18:12:02,0,0,0
2024-11-15 18:12:00,0,0,0
2024-11-15 18:11:58,0,0,0
2024-11-15 18:11:56,0,0,0
2024-11-15 18:11:54,0,0,0
2024-11-15 18:11:52,0,0,0
2024-11-15 18:11:50,0,0,0
2024-11-15 18:11:48,0,0,0
2024-11-15 18:11:46,0,0,0
2024-11-15 18:11:44,0,0,0
2024-11-15 18:11:42,0,0,0
2024-11-15 18:11:40,0,0,0
2024-11-15 18:11:38,0,0,0
2024-11-15 18:11:36,0,0,0
2024-11-15 18:11:34,0,0,0
2024-11-15 18:11:32,0,0,0
2024-11-15 18:11:30,0,0,0
2024-11-15 18:11:28,0,0,0
2024-11-15 18:11:26,0,0,0
2024-11-15 18:11:24,0,0,0
2024-11-15 18:11:22,0,0,0
2024-11-15 18:11:20,0,0,0
2024-11-15 18:11:18,0,0,0
2024-11-15 18:11:16,0,0,0
2024-11-15 18:11:14,0,0,0
2024-11-15 18:11:12,0,0,0
2024-11-15 18:11:10,0,0,0
2024-11-15 18:11:08,0,0,0
2024-11-15 18:11:06,0,0,0
2024-11-15 18:11:04,0,0,0
2024-11-15 18:11:02,0,0,0
2024-11-15 18:11:00,0,0,0
2024-11-15 18:10:58,0,0,0
2024-11-15 18:10:56,0,0,0
2024-11-15 18:10:54,0,0,0
2024-11-15 18:10:52,0,0,0
2024-11-15 18:10:50,0,0,0
2024-11-15 18:10:48,0,0,0
2024-11-15 18:10:46,0,0,0
2024-11-15 18:10:44,0,0,0
2024-11-15 18:10:42,0,0,0
2024-11-15 18:10:40,0,0,0
2024-11-15 18:10:38,0,0,0
2024-11-15 18:10:36,0,0,0
2024-11-15 18:10:34,0,0,0
2024-11-15 18:10:32,0,0,0
2024-11-15 18:10:30,0,0,0
2024-11-15 18:10:28,0,0,0
2024-11-15 18:10:26,0,0,0
2024-11-15 18:10:24,0,0,0
2024-11-15 18:10:22,0,0,0
2024-11-15 18:10:20,0,0,0
2024-11-15 18:10:18,0,0,0
2024-11-15 18:10:16,0,0,0
2024-11-15 18:10:14,0,0,0
2024-11-15 18:10:12,0,0,0
2024-11-15 18:10:10,0,0,0
2024-11-15 18:10:08,0,0,0
2024-11-15 18:10:06,0,0,0
2024-11-15 18:10:04,0,0,0
2024-11-15 18:10:02,0,0,0
2024-11-15 18:10:00,0,0,0
2024-11-15 18:09:58,0,0,0
2024-11-15 18:09:56,0,0,0
2024-11-15 18:09:54,0,0,0
2024-11-15 18:09:52,0,0,0
2024-11-15 18:09:50,0,0,0
2024-11-15 18:09:48,0,0,0
2024-11-15 18:09:46,0,0,0
2024-11-15 18:09:44,0,0,0
2024-11-15 18:09:42,0,0,0
2024-11-15 18:09:40,0,0,0
2024-11-15 18:09:38,0,0,0
2024-11-15 18:09:36,0,0,0
2024-11-15 18:09:34,0,0,0
2024-11-15 18:09:32,0,0,0
2024-11-15 18:09:30,0,0,0
2024-11-15 18:09:28,0,0,0
2024-11-15 18:09:26,0,0,0
2024-11-15 18:09:24,0,0,0
2024-11-15 18:09:22,0,0,0
2024-11-15 18:09:20,0,0,0
2024-11-15 18:09:18,0,0,0
2024-11-15 18:09:16,0,0,0
2024-11-15 18:09:14,0,0,0
2024-11-15 18:09:12,0,0,0
2024-11-15 18:09:10,0,0,0
2024-11-15 18:09:08,0,0,0
2024-11-15 18:09:06,0,0,0
2024-11-15 18:09:04,0,0,0
2024-11-15 18:09:02,0,0,0
2024-11-15 18:09:00,0,0,0
2024-11-15 18:08:58,0,0,0
2024-11-15 18:08:56,0,0,0
2024-11-15 18:08:54,0,0,0
2024-11-15 18:08:52,0,0,0
2024-11-15 18:08:50,0,0,0
2024-11-15 18:08:48,0,0,0
2024-11-15 18:08:46,0,0,0
2024-11-15 18:08:44,0,0,0
2024-11-15 18:08:42,0,0,0
2024-11-15 18:08:40,0,0,0
2024-11-15 18:08:38,0,0,0
2024-11-15 18:08:36,0,0,0
2024-11-15 18:08:34,0,0,0
2024-11-15 18:08:32,0,0,0
2024-11-15 18:08:30,0,0,0
2024-11-15 18:08:28,0,0,0
2024-11-15 18:08:26,0,0,0
2024-11-15 18:08:24,0,0,0
2024-11-15 18:08:22,0,0,0
2024-11-15 18:08:20,0,0,0
2024-11-15 18:08:18,0,0,0
2024-11-15 18:08:16,0,0,0
2024-11-15 18:08:14,0,0,0
2024-11-15 18:08:12,0,0,0
2024-11-15 18:08:10,0,0,0
2024-11-15 18:08:08,0,0,0
2024-11-15 18:08:06,0,0,0
2024-11-15 18:08:04,0,0,0
2024-11-15 18:08:02,0,0,0
2024-11-15 18:08:00,0,0,0
2024-11-15 18:07:58,0,0,0
2024-11-15 18:07:56,0,0,0
2024-11-15 18:07:54,0,0,0
2024-11-15 18:07:52,0,0,0
2024-11-15 18:07:50,0,0,0
2024-11-15 18:07:48,0,0,0
2024-11-15 18:07:46,0,0,0
2024-11-15 18:07:44,0,0,0
2024-11-15 18:07:42,0,0,0
2024-11-15 18:07:40,0,0,0
2024-11-15 18:07:38,0,0,0
2024-11-15 18:07:36,0,0,0
2024-11-15 18:07:34,0,0,0
2024-11-15 18:07:32,0,0,0
2024-11-15 18:07:30,0,0,0
2024-11-15 18:07:28,0,0,0
2024-11-15 18:07:26,0,0,0
2024-11-15 18:07:24,0,0,0
2024-11-15 18:07:22,0,0,0
2024-11-15 18:07:20,0,0,0
2024-11-15 18:07:18,0,0,0
2024-11-15 18:07:16,0,0,0
2024-11-15 18:07:14,0,0,0
2024-11-15 18:07:12,0,0,0
2024-11-15 18:07:10,0,0,0
2024-11-15 18:07:08,0,0,0
2024-11-15 18:07:06,0,0,0
2024-11-15 18:07:04,0,0,0
2024-11-15 18:07:02,0,0,0
2024-11-15 18:07:00,0,0,0
2024-11-15 18:06:58,0,0,0
2024-11-15 18:06:56,0,0,0
2024-11-15 18:06:54,0,0,0
2024-11-15 18:06:52,0,0,0
2024-11-15 18:06:50,0,0,0
2024-11-15 18:06:48,0,0,0
2024-11-15 18:06:46,0,0,0
2024-11-15 18:06:44,0,0,0
2024-11-15 18:06:42,0,0,0
2024-11-15 18:06:40,0,0,0
2024-11-15 18:06:38,0,0,0
2024-11-15 18:06:36,0,0,0
2024-11-15 18:06:34,0,0,0
2024-11-15 18:06:32,0,0,0
2024-11-15 18:06:30,0,0,0
2024-11-15 18:06:28,0,0,0
2024-11-15 18:06:26,0,0,0
2024-11-15 18:06:24,0,0,0
2024-11-15 18:06:22,0,0,0
2024-11-15 18:06:20,0,0,0
2024-11-15 18:06:18,0,0,0
2024-11-15 18:06:16,0,0,0
2024-11-15 18:06:14,0,0,0
2024-11-15 18:06:12,0,0,0
2024-11-15 18:06:10,0,0,0
2024-11-15 18:06:08,0,0,0
2024-11-15 18:06:06,0,0,0
2024-11-15 18:06:04,0,0,0
2024-11-15 18:06:02,0,0,0
2024-11-15 18:06:00,0,0,0
2024-11-15 18:05:58,0,0,0
2024-11-15 18:05:56,0,0,0
2024-11-15 18:05:54,0,0,0
2024-11-15 18:05:52,0,0,0
2024-11-15 18:05:50,0,0,0
2024-11-15 18:05:48,0,0,0
2024-11-15 18:05:46,0,0,0
2024-11-15 18:05:44,0,0,0
2024-11-15 18:05:42,0,0,0
2024-11-15 18:05:40,0,0,0
2024-11-15 18:05:38,0,0,0
2024-11-15 18:05:36,0,0,0
2024-11-15 18:05:34,0,0,0
2024-11-15 18:05:32,0,0,0
2024-11-15 18:05:30,0,0,0
2024-11-15 18:05:28,0,0,0
2024-11-15 18:05:26,0,0,0
2024-11-15 18:05:24,0,0,0
2024-11-15 18:05:22,0,0,0
2024-11-15 18:05:20,0,0,0
2024-11-15 18:05:18,0,0,0
2024-11-15 18:05:16,0,0,0
2024-11-15 18:05:14,0,0,0
2024-11-15 18:05:12,0,0,0
2024-11-15 18:05:10,0,0,0
2024-11-15 18:05:08,0,0,0
2024-11-15 18:05:06,0,0,0
2024-11-15 18:05:04,0,0,0
2024-11-15 18:05:02,0,0,0
2024-11-15 18:05:00,0,0,0
2024-11-15 18:04:58,0,0,0
2024-11-15 18:04:56,0,0,0
2024-11-15 18:04:54,0,0,0
2024-11-15 18:04:52,0,0,0
2024-11-15 18:04:50,0,0,0
2024-11-15 18:04:48,0,0,0
2024-11-15 18:04:46,0,0,0
2024-11-15 18:04:44,0,0,0
2024-11-15 18:04:42,0,0,0
2024-11-15 18:04:40,0,0,0
2024-11-15 18:04:38,0,0,0
2024-11-15 18:04:36,0,0,0
2024-11-15 18:04:34,0,0,0
2024-11-15 18:04:32,0,0,0
2024-11-15 18:04:30,0,0,0
2024-11-15 18:04:28,0,0,0
2024-11-15 18:04:26,0,0,0
2024-11-15 18:04:24,0,0,0
2024-11-15 18:04:22,0,0,0
2024-11-15 18:04:20,0,0,0
2024-11-15 18:04:18,0,0,0
2024-11-15 18:04:16,0,0,0
2024-11-15 18:04:14,0,0,0
2024-11-15 18:04:12,0,0,0
2024-11-15 18:04:10,0,0,0
2024-11-15 18:04:08,0,0,0
2024-11-15 18:04:06,0,0,0
2024-11-15 18:04:04,0,0,0
2024-11-15 18:04:02,0,0,0
2024-11-15 18:04:00,0,0,0
2024-11-15 18:03:58,0,0,0
2024-11-15 18:03:56,0,0,0
2024-11-15 18:03:54,0,0,0
2024-11-15 18:03:52,0,0,0
2024-11-15 18:03:50,0,0,0
2024-11-15 18:03:48,0,0,0
2024-11-15 18:03:46,0,0,0
2024-11-15 18:03:44,0,0,0
2024-11-15 18:03:42,0,0,0
2024-11-15 18:03:40,0,0,0
2024-11-15 18:03:38,0,0,0
2024-11-15 18:03:36,0,0,0
2024-11-15 18:03:34,0,0,0
2024-11-15 18:03:32,0,0,0
2024-11-15 18:03:30,0,0,0
2024-11-15 18:03:28,0,0,0
2024-11-15 18:03:26,0,0,0
2024-11-15 18:03:24,0,0,0
2024-11-15 18:03:22,0,0,0
2024-11-15 18:03:20,0,0,0
2024-11-15 18:03:18,0,0,0
2024-11-15 18:03:16,0,0,0
2024-11-15 18:03:14,0,0,0
2024-11-15 18:03:12,0,0,0
2024-11-15 18:03:10,0,0,0
2024-11-15 18:03:08,0,0,0
2024-11-15 18:03:06,0,0,0
2024-11-15 18:03:04,0,0,0
2024-11-15 18:03:02,0,0,0
2024-11-15 18:03:00,0,0,0
2024-11-15 18:02:58,0,0,0
2024-11-15 18:02:56,0,0,0
2024-11-15 18:02:54,0,0,0
2024-11-15 18:02:52,0,0,0
2024-11-15 18:02:50,0,0,0
2024-11-15 18:02:48,0,0,0
2024-11-15 18:02:46,0,0,0
2024-11-15 18:02:44,0,0,0
2024-11-15 18:02:42,0,0,0
2024-11-15 18:02:40,0,0,0
2024-11-15 18:02:38,0,0,0
2024-11-15 18:02:36,0,0,0
2024-11-15 18:02:34,0,0,0
2024-11-15 18:02:32,0,0,0
2024-11-15 18:02:30,0,0,0
2024-11-15 18:02:28,0,0,0
2024-11-15 18:02:26,0,0,0
2024-11-15 18:02:24,0,0,0
2024-11-15 18:02:22,0,0,0
2024-11-15 18:02:20,0,0,0
2024-11-15 18:02:18,0,0,0
2024-11-15 18:02:16,0,0,0
2024-11-15 18:02:14,0,0,0
2024-11-15 18:02:12,0,0,0
2024-11-15 18:02:10,0,0,0
2024-11-15 18:02:08,0,0,0
2024-11-15 18:02:06,0,0,0
2024-11-15 18:02:04,0,0,0
2024-11-15 18:02:02,0,0,0
2024-11-15 18:02:00,0,0,0
2024-11-15 18:01:58,0,0,0
2024-11-15 18:01:56,0,0,0
2024-11-15 18:01:54,0,0,0
2024-11-15 18:01:52,0,0,0
2024-11-15 18:01:50,0,0,0
2024-11-15 18:01:48,0,0,0
2024-11-15 18:01:46,0,0,0
2024-11-15 18:01:44,0,0,0
2024-11-15 18:01:42,0,0,0
2024-11-15 18:01:40,0,0,0
2024-11-15 18:01:38,0,0,0
2024-11-15 18:01:36,0,0,0
2024-11-15 18:01:34,0,0,0
2024-11-15 18:01:32,0,0,0
2024-11-15 18:01:30,0,0,0
2024-11-15 18:01:28,0,0,0
2024-11-15 18:01:26,0,0,0
2024-11-15 18:01:24,0,0,0
2024-11-15 18:01:22,0,0,0
2024-11-15 18:01:20,0,0,0
2024-11-15 18:01:18,0,0,0
2024-11-15 18:01:16,0,0,0
2024-11-15 18:01:14,0,0,0
2024-11-15 18:01:12,0,0,0
2024-11-15 18:01:10,0,0,0
2024-11-15 18:01:08,0,0,0
2024-11-15 18:01:06,0,0,0
2024-11-15 18:01:04,0,0,0
2024-11-15 18:01:02,0,0,0
2024-11-15 18:01:00,0,0,0
2024-11-15 18:00:58,0,0,0
2024-11-15 18:00:56,0,0,0
2024-11-15 18:00:54,0,0,0
2024-11-15 18:00:52,0,0,0
2024-11-15 18:00:50,0,0,0
2024-11-15 18:00:48,0,0,0
2024-11-15 18:00:46,0,0,0
2024-11-15 18:00:44,0,0,0
2024-11-15 18:00:42,0,0,0
2024-11-15 18:00:40,0,0,0
2024-11-15 18:00:38,0,0,0
2024-11-15 18:00:36,0,0,0
2024-11-15 18:00:34,0,0,0
2024-11-15 18:00:32,0,0,0
2024-11-15 18:00:30,0,0,0
2024-11-15 18:00:28,0,0,0
2024-11-15 18:00:26,0,0,0
2024-11-15 18:00:24,0,0,0
2024-11-15 18:00:22,0,0,0
2024-11-15 18:00:20,0,0,0
2024-11-15 18:00:18,0,0,0
2024-11-15 18:00:16,0,0,0
2024-11-15 18:00:14,0,0,0
2024-11-15 18:00:12,0,0,0
2024-11-15 18:00:10,0,0,0
2024-11-15 18:00:08,0,0,0
2024-11-15 18:00:06,0,0,0
2024-11-15 18:00:04,0,0,0
2024-11-15 18:00:02,0,0,0
2024-11-15 18:00:00,0,0,0
2024-11-15 17:59:58,0,0,0
2024-11-15 17:59:56,0,0,0
2024-11-15 17:59:54,0,0,0
2024-11-15 17:59:52,0,0,0
2024-11-15 17:59:50,0,0,0
2024-11-15 17:59:48,0,0,0
2024-11-15 17:59:46,0,0,0
2024-11-15 17:59:44,0,0,0
2024-11-15 17:59:42,0,0,0
2024-11-15 17:59:40,0,0,0
2024-11-15 17:59:38,0,0,0
2024-11-15 17:59:36,0,0,0
2024-11-15 17:59:34,0,0,0
2024-11-15 17:59:32,0,0,0
2024-11-15 17:59:30,0,0,0
2024-11-15 17:59:28,0,0,0
2024-11-15 17:59:26,0,0,0
2024-11-15 17:59:24,0,0,0
2024-11-15 17:59:22,0,0,0
2024-11-15 17:59:20,0,0,0
2024-11-15 17:59:18,0,0,0
2024-11-15 17:59:16,0,0,0
2024-11-15 17:59:14,0,0,0
2024-11-15 17:59:12,0,0,0
2024-11-15 17:59:10,0,0,0
2024-11-15 17:59:08,0,0,0
2024-11-15 17:59:06,0,0,0
2024-11-15 17:59:04,0,0,0
2024-11-15 17:59:02,0,0,0
2024-11-15 17:59:00,0,0,0
2024-11-15 17:58:58,0,0,0
2024-11-15 17:58:56,0,0,0
2024-11-15 17:58:54,0,0,0
2024-11-15 17:58:52,0,0,0
2024-11-15 17:58:50,0,0,0
2024-11-15 17:58:48,0,0,0
2024-11-15 17:58:46,0,0,0
2024-11-15 17:58:44,0,0,0
2024-11-15 17:58:42,0,0,0
2024-11-15 17:58:40,0,0,0
2024-11-15 17:58:38,0,0,0
2024-11-15 17:58:36,0,0,0
2024-11-15 17:58:34,0,0,0
2024-11-15 17:58:32,0,0,0
2024-11-15 17:58:30,0,0,0
2024-11-15 17:58:28,0,0,0
2024-11-15 17:58:26,0,0,0
2024-11-15 17:58:24,0,0,0
2024-11-15 17:58:22,0,0,0
2024-11-15 17:58:20,0,0,0
2024-11-15 17:58:18,0,0,0
2024-11-15 17:58:16,0,0,0
2024-11-15 17:58:14,0,0,0
2024-11-15 17:58:12,0,0,0
2024-11-15 17:58:10,0,0,0
2024-11-15 17:58:08,0,0,0
2024-11-15 17:58:06,0,0,0
2024-11-15 17:58:04,0,0,0
2024-11-15 17:58:02,0,0,0
2024-11-15 17:58:00,0,0,0
2024-11-15 17:57:58,0,0,0
2024-11-15 17:57:56,0,0,0
2024-11-15 17:57:54,0,0,0
2024-11-15 17:57:52,0,0,0
2024-11-15 17:57:50,0,0,0
2024-11-15 17:57:48,0,0,0
2024-11-15 17:57:46,0,0,0
2024-11-15 17:57:44,0,0,0
2024-11-15 17:57:42,0,0,0
2024-11-15 17:57:40,0,0,0
2024-11-15 17:57:38,0,0,0
2024-11-15 17:57:36,0,0,0
2024-11-15 17:57:34,0,0,0
2024-11-15 17:57:32,0,0,0
2024-11-15 17:57:30,0,0,0
2024-11-15 17:57:28,0,0,0
2024-11-15 17:57:26,0,0,0
2024-11-15 17:57:24,0,0,0
2024-11-15 17:57:22,0,0,0
2024-11-15 17:57:20,0,0,0
2024-11-15 17:57:18,0,0,0
2024-11-15 17:57:16,0,0,0
2024-11-15 17:57:14,0,0,0
2024-11-15 17:57:12,0,0,0
2024-11-15 17:57:10,0,0,0
2024-11-15 17:57:08,0,0,0
2024-11-15 17:57:06,0,0,0
2024-11-15 17:57:04,0,0,0
2024-11-15 17:57:02,0,0,0
2024-11-15 17:57:00,0,0,0
2024-11-15 17:56:58,0,0,0
2024-11-15 17:56:56,0,0,0
2024-11-15 17:56:54,0,0,0
2024-11-15 17:56:52,0,0,0
2024-11-15 17:56:50,0,0,0
2024-11-15 17:56:48,0,0,0
2024-11-15 17:56:46,0,0,0
2024-11-15 17:56:44,0,0,0
2024-11-15 17:56:42,0,0,0
2024-11-15 17:56:40,0,0,0
2024-11-15 17:56:38,0,0,0
2024-11-15 17:56:36,0,0,0
2024-11-15 17:56:34,0,0,0
2024-11-15 17:56:32,0,0,0
2024-11-15 17:56:30,0,0,0
2024-11-15 17:56:28,0,0,0
2024-11-15 17:56:26,0,0,0
2024-11-15 17:56:24,0,0,0
2024-11-15 17:56:22,0,0,0
2024-11-15 17:56:20,0,0,0
2024-11-15 17:56:18,0,0,0
2024-11-15 17:56:16,0,0,0
2024-11-15 17:56:14,0,0,0
2024-11-15 17:56:12,0,0,0
2024-11-15 17:56:10,0,0,0
2024-11-15 17:56:08,0,0,0
2024-11-15 17:56:06,0,0,0
2024-11-15 17:56:04,0,0,0
2024-11-15 17:56:02,0,0,0
2024-11-15 17:56:00,0,0,0
2024-11-15 17:55:58,0,0,0
2024-11-15 17:55:56,0,0,0
2024-11-15 17:55:54,0,0,0
2024-11-15 17:55:52,0,0,0
2024-11-15 17:55:50,0,0,0
2024-11-15 17:55:48,0,0,0
2024-11-15 17:55:46,0,0,0
2024-11-15 17:55:44,0,0,0
2024-11-15 17:55:42,0,0,0
2024-11-15 17:55:40,0,0,0
2024-11-15 17:55:38,0,0,0
2024-11-15 17:55:36,0,0,0
2024-11-15 17:55:34,0,0,0
2024-11-15 17:55:32,0,0,0
2024-11-15 17:55:30,0,0,0
2024-11-15 17:55:28,0,0,0
2024-11-15 17:55:26,0,0,0
2024-11-15 17:55:24,0,0,0
2024-11-15 17:55:22,0,0,0
2024-11-15 17:55:20,0,0,0
2024-11-15 17:55:18,0,0,0
2024-11-15 17:55:16,0,0,0
2024-11-15 17:55:14,0,0,0
2024-11-15 17:55:12,0,0,0
2024-11-15 17:55:10,0,0,0
2024-11-15 17:55:08,0,0,0
2024-11-15 17:55:06,0,0,0
2024-11-15 17:55:04,0,0,0
2024-11-15 17:55:02,0,0,0
2024-11-15 17:55:00,0,0,0
2024-11-15 17:54:58,0,0,0
2024-11-15 17:54:56,0,0,0
2024-11-15 17:54:54,0,0,0
2024-11-15 17:54:52,0,0,0
2024-11-15 17:54:50,0,0,0
2024-11-15 17:54:48,0,0,0
2024-11-15 17:54:46,0,0,0
2024-11-15 17:54:44,0,0,0
2024-11-15 17:54:42,0,0,0
2024-11-15 17:54:40,0,0,0
2024-11-15 17:54:38,0,0,0
2024-11-15 17:54:36,0,0,0
2024-11-15 17:54:34,0,0,0
2024-11-15 17:54:32,0,0,0
2024-11-15 17:54:30,0,0,0
2024-11-15 17:54:28,0,0,0
2024-11-15 17:54:26,0,0,0
2024-11-15 17:54:24,0,0,0
2024-11-15 17:54:22,0,0,0
2024-11-15 17:54:20,0,0,0
2024-11-15 17:54:18,0,0,0
2024-11-15 17:54:16,0,0,0
2024-11-15 17:54:14,0,0,0
2024-11-15 17:54:12,0,0,0
2024-11-15 17:54:10,0,0,0
2024-11-15 17:54:08,0,0,0
2024-11-15 17:54:06,0,0,0
2024-11-15 17:54:04,0,0,0
2024-11-15 17:54:02,0,0,0
2024-11-15 17:54:00,0,0,0
2024-11-15 17:53:58,0,0,0
2024-11-15 17:53:56,0,0,0
2024-11-15 17:53:54,0,0,0
2024-11-15 17:53:52,0,0,0
2024-11-15 17:53:50,0,0,0
2024-11-15 17:53:48,0,0,0
2024-11-15 17:53:46,0,0,0
2024-11-15 17:53:44,0,0,0
2024-11-15 17:53:42,0,0,0
2024-11-15 17:53:40,0,0,0
2024-11-15 17:53:38,0,0,0
2024-11-15 17:53:36,0,0,0
2024-11-15 17:53:34,0,0,0
2024-11-15 17:53:32,0,0,0
2024-11-15 17:53:30,0,0,0
2024-11-15 17:53:28,0,0,0
2024-11-15 17:53:26,0,0,0
2024-11-15 17:53:24,0,0,0
2024-11-15 17:53:22,0,0,0
2024-11-15 17:53:20,0,0,0
2024-11-15 17:53:18,0,0,0
2024-11-15 17:53:16,0,0,0
2024-11-15 17:53:14,0,0,0
2024-11-15 17:53:12,0,0,0
2024-11-15 17:53:10,0,0,0
2024-11-15 17:53:08,0,0,0
2024-11-15 17:53:06,0,0,0
2024-11-15 17:53:04,0,0,0
2024-11-15 17:53:02,0,0,0
2024-11-15 17:53:00,0,0,0
2024-11-15 17:52:58,0,0,0
2024-11-15 17:52:56,0,0,0
2024-11-15 17:52:54,0,0,0
2024-11-15 17:52:52,0,0,0
2024-11-15 17:52:50,0,0,0
2024-11-15 17:52:48,0,0,0
2024-11-15 17:52:46,0,0,0
2024-11-15 17:52:44,0,0,0
2024-11-15 17:52:42,0,0,0
2024-11-15 17:52:40,0,0,0
2024-11-15 17:52:38,0,0,0
2024-11-15 17:52:36,0,0,0
2024-11-15 17:52:34,0,0,0
2024-11-15 17:52:32,0,0,0
2024-11-15 17:52:30,0,0,0
2024-11-15 17:52:28,0,0,0
2024-11-15 17:52:26,0,0,0
2024-11-15 17:52:24,0,0,0
2024-11-15 17:52:22,0,0,0
2024-11-15 17:52:20,0,0,0
2024-11-15 17:52:18,0,0,0
2024-11-15 17:52:16,0,0,0
2024-11-15 17:52:14,0,0,0
2024-11-15 17:52:12,0,0,0
2024-11-15 17:52:10,0,0,0
2024-11-15 17:52:08,0,0,0
2024-11-15 17:52:06,0,0,0
2024-11-15 17:52:04,0,0,0
2024-11-15 17:52:02,0,0,0
2024-11-15 17:52:00,0,0,0
2024-11-15 17:51:58,0,0,0
2024-11-15 17:51:56,0,0,0
2024-11-15 17:51:54,0,0,0
2024-11-15 17:51:52,0,0,0
2024-11-15 17:51:50,0,0,0
2024-11-15 17:51:48,0,0,0
2024-11-15 17:51:46,0,0,0
2024-11-15 17:51:44,0,0,0
2024-11-15 17:51:42,0,0,0
2024-11-15 17:51:40,0,0,0
2024-11-15 17:51:38,0,0,0
2024-11-15 17:51:36,0,0,0
2024-11-15 17:51:34,0,0,0
2024-11-15 17:51:32,0,0,0
2024-11-15 17:51:30,0,0,0
2024-11-15 17:51:28,0,0,0
2024-11-15 17:51:26,0,0,0
2024-11-15 17:51:24,0,0,0
2024-11-15 17:51:22,0,0,0
2024-11-15 17:51:20,0,0,0
2024-11-15 17:51:18,0,0,0
2024-11-15 17:51:16,0,0,0
2024-11-15 17:51:14,0,0,0
2024-11-15 17:51:12,0,0,0
2024-11-15 17:51:10,0,0,0
2024-11-15 17:51:08,0,0,0
2024-11-15 17:51:06,0,0,0
2024-11-15 17:51:04,0,0,0
2024-11-15 17:51:02,0,0,0
2024-11-15 17:51:00,0,0,0
2024-11-15 17:50:58,0,0,0
2024-11-15 17:50:56,0,0,0
2024-11-15 17:50:54,0,0,0
2024-11-15 17:50:52,0,0,0
2024-11-15 17:50:50,0,0,0
2024-11-15 17:50:48,0,0,0
2024-11-15 17:50:46,0,0,0
2024-11-15 17:50:44,0,0,0
2024-11-15 17:50:42,0,0,0
2024-11-15 17:50:40,0,0,0
2024-11-15 17:50:38,0,0,0
2024-11-15 17:50:36,0,0,0
2024-11-15 17:50:34,0,0,0
2024-11-15 17:50:32,0,0,0
2024-11-15 17:50:30,0,0,0
2024-11-15 17:50:28,0,0,0
2024-11-15 17:50:26,0,0,0
2024-11-15 17:50:24,0,0,0
2024-11-15 17:50:22,0,0,0
2024-11-15 17:50:20,0,0,0
2024-11-15 17:50:18,0,0,0
2024-11-15 17:50:16,0,0,0
2024-11-15 17:50:14,0,0,0
2024-11-15 17:50:12,0,0,0
2024-11-15 17:50:10,0,0,0
2024-11-15 17:50:08,0,0,0
2024-11-15 17:50:06,0,0,0
2024-11-15 17:50:04,0,0,0
2024-11-15 17:50:02,0,0,0
2024-11-15 17:50:00,0,0,0
2024-11-15 17:49:58,0,0,0
2024-11-15 17:49:56,0,0,0
2024-11-15 17:49:54,0,0,0
2024-11-15 17:49:52,0,0,0
2024-11-15 17:49:50,0,0,0
2024-11-15 17:49:48,0,0,0
2024-11-15 17:49:46,0,0,0
2024-11-15 17:49:44,0,0,0
2024-11-15 17:49:42,0,0,0
2024-11-15 17:49:40,0,0,0
2024-11-15 17:49:38,0,0,0
2024-11-15 17:49:36,0,0,0
2024-11-15 17:49:34,0,0,0
2024-11-15 17:49:32,0,0,0
2024-11-15 17:49:30,0,0,0
2024-11-15 17:49:28,0,0,0
2024-11-15 17:49:26,0,0,0
2024-11-15 17:49:24,0,0,0
2024-11-15 17:49:22,0,0,0
2024-11-15 17:49:20,0,0,0
2024-11-15 17:49:18,0,0,0
2024-11-15 17:49:16,0,0,0
2024-11-15 17:49:14,0,0,0
2024-11-15 17:49:12,0,0,0
2024-11-15 17:49:10,0,0,0
2024-11-15 17:49:08,0,0,0
2024-11-15 17:49:06,0,0,0
2024-11-15 17:49:04,0,0,0
2024-11-15 17:49:02,0,0,0
2024-11-15 17:49:00,0,0,0
2024-11-15 17:48:58,0,0,0
2024-11-15 17:48:56,0,0,0
2024-11-15 17:48:54,0,0,0
2024-11-15 17:48:52,0,0,0
2024-11-15 17:48:50,0,0,0
2024-11-15 17:48:48,0,0,0
2024-11-15 17:48:46,0,0,0
2024-11-15 17:48:44,0,0,0
2024-11-15 17:48:42,0,0,0
2024-11-15 17:48:40,0,0,0
2024-11-15 17:48:38,0,0,0
2024-11-15 17:48:36,0,0,0
2024-11-15 17:48:34,0,0,0
2024-11-15 17:48:32,0,0,0
2024-11-15 17:48:30,0,0,0
2024-11-15 17:48:28,0,0,0
2024-11-15 17:48:26,0,0,0
2024-11-15 17:48:24,0,0,0
2024-11-15 17:48:22,0,0,0
2024-11-15 17:48:20,0,0,0
2024-11-15 17:48:18,0,0,0
2024-11-15 17:48:16,0,0,0
2024-11-15 17:48:14,0,0,0
2024-11-15 17:48:12,0,0,0
2024-11-15 17:48:10,0,0,0
2024-11-15 17:48:08,0,0,0
2024-11-15 17:48:06,0,0,0
2024-11-15 17:48:04,0,0,0
2024-11-15 17:48:02,0,0,0
2024-11-15 17:48:00,0,0,0
2024-11-15 17:47:58,0,0,0
2024-11-15 17:47:56,0,0,0
2024-11-15 17:47:54,0,0,0
2024-11-15 17:47:52,0,0,0
2024-11-15 17:47:50,0,0,0
2024-11-15 17:47:48,0,0,0
2024-11-15 17:47:46,0,0,0
2024-11-15 17:47:44,0,0,0
2024-11-15 17:47:42,0,0,0
2024-11-15 17:47:40,0,0,0
2024-11-15 17:47:38,0,0,0
2024-11-15 17:47:36,0,0,0
2024-11-15 17:47:34,0,0,0
2024-11-15 17:47:32,0,0,0
2024-11-15 17:47:30,0,0,0
2024-11-15 17:47:28,0,0,0
2024-11-15 17:47:26,0,0,0
2024-11-15 17:47:24,0,0,0
2024-11-15 17:47:22,0,0,0
2024-11-15 17:47:20,0,0,0
2024-11-15 17:47:18,0,0,0
2024-11-15 17:47:16,0,0,0
2024-11-15 17:47:14,0,0,0
2024-11-15 17:47:12,0,0,0
2024-11-15 17:47:10,0,0,0
2024-11-15 17:47:08,0,0,0
2024-11-15 17:47:06,0,0,0
2024-11-15 17:47:04,0,0,0
2024-11-15 17:47:02,0,0,0
2024-11-15 17:47:00,0,0,0
2024-11-15 17:46:58,0,0,0
2024-11-15 17:46:56,0,0,0
2024-11-15 17:46:54,0,0,0
2024-11-15 17:46:52,0,0,0
2024-11-15 17:46:50,0,0,0
2024-11-15 17:46:48,0,0,0
2024-11-15 17:46:46,0,0,0
2024-11-15 17:46:44,0,0,0
2024-11-15 17:46:42,0,0,0
2024-11-15 17:46:40,0,0,0
2024-11-15 17:46:38,0,0,0
2024-11-15 17:46:36,0,0,0
2024-11-15 17:46:34,0,0,0
2024-11-15 17:46:32,0,0,0
2024-11-15 17:46:30,0,0,0
2024-11-15 17:46:28,0,0,0
2024-11-15 17:46:26,0,0,0
2024-11-15 17:46:24,0,0,0
2024-11-15 17:46:22,0,0,0
2024-11-15 17:46:20,0,0,0
2024-11-15 17:46:18,0,0,0
2024-11-15 17:46:16,0,0,0
2024-11-15 17:46:14,0,0,0
2024-11-15 17:46:12,0,0,0
2024-11-15 17:46:10,0,0,0
2024-11-15 17:46:08,0,0,0
2024-11-15 17:46:06,0,0,0
2024-11-15 17:46:04,0,0,0
2024-11-15 17:46:02,0,0,0
2024-11-15 17:46:00,0,0,0
2024-11-15 17:45:58,0,0,0
2024-11-15 17:45:56,0,0,0
2024-11-15 17:45:54,0,0,0
2024-11-15 17:45:52,0,0,0
2024-11-15 17:45:50,0,0,0
2024-11-15 17:45:48,0,0,0
2024-11-15 17:45:46,0,0,0
2024-11-15 17:45:44,0,0,0
2024-11-15 17:45:42,0,0,0
2024-11-15 17:45:40,0,0,0
2024-11-15 17:45:38,0,0,0
2024-11-15 17:45:36,0,0,0
2024-11-15 17:45:34,0,0,0
2024-11-15 17:45:32,0,0,0
2024-11-15 17:45:30,0,0,0
2024-11-15 17:45:28,0,0,0
2024-11-15 17:45:26,0,0,0
2024-11-15 17:45:24,0,0,0
2024-11-15 17:45:22,0,0,0
2024-11-15 17:45:20,0,0,0
2024-11-15 17:45:18,0,0,0
2024-11-15 17:45:16,0,0,0
2024-11-15 17:45:14,0,0,0
2024-11-15 17:45:12,0,0,0
2024-11-15 17:45:10,0,0,0
2024-11-15 17:45:08,0,0,0
2024-11-15 17:45:06,0,0,0
2024-11-15 17:45:04,0,0,0
2024-11-15 17:45:02,0,0,0
2024-11-15 17:45:00,0,0,0
2024-11-15 17:44:58,0,0,0
2024-11-15 17:44:56,0,0,0
2024-11-15 17:44:54,0,0,0
2024-11-15 17:44:52,0,0,0
2024-11-15 17:44:50,0,0,0
2024-11-15 17:44:48,0,0,0
2024-11-15 17:44:46,0,0,0
2024-11-15 17:44:44,0,0,0
2024-11-15 17:44:42,0,0,0
2024-11-15 17:44:40,0,0,0
2024-11-15 17:44:38,0,0,0
2024-11-15 17:44:36,0,0,0
2024-11-15 17:44:34,0,0,0
2024-11-15 17:44:32,0,0,0
2024-11-15 17:44:30,0,0,0
2024-11-15 17:44:28,0,0,0
2024-11-15 17:44:26,0,0,0
2024-11-15 17:44:24,0,0,0
2024-11-15 17:44:22,0,0,0
2024-11-15 17:44:20,0,0,0
2024-11-15 17:44:18,0,0,0
2024-11-15 17:44:16,0,0,0
2024-11-15 17:44:14,0,0,0
2024-11-15 17:44:12,0,0,0
2024-11-15 17:44:10,0,0,0
2024-11-15 17:44:08,0,0,0
2024-11-15 17:44:06,0,0,0
2024-11-15 17:44:04,0,0,0
2024-11-15 17:44:02,0,0,0
2024-11-15 17:44:00,0,0,0
2024-11-15 17:43:58,0,0,0
2024-11-15 17:43:56,0,0,0
2024-11-15 17:43:54,0,0,0
2024-11-15 17:43:52,0,0,0
2024-11-15 17:43:50,0,0,0
2024-11-15 17:43:48,0,0,0
2024-11-15 17:43:46,0,0,0
2024-11-15 17:43:44,0,0,0
2024-11-15 17:43:42,0,0,0
2024-11-15 17:43:40,0,0,0
2024-11-15 17:43:38,0,0,0
2024-11-15 17:43:36,0,0,0
2024-11-15 17:43:34,0,0,0
2024-11-15 17:43:32,0,0,0
2024-11-15 17:43:30,0,0,0
2024-11-15 17:43:28,0,0,0
2024-11-15 17:43:26,0,0,0
2024-11-15 17:43:24,0,0,0
2024-11-15 17:43:22,0,0,0
2024-11-15 17:43:20,0,0,0
2024-11-15 17:43:18,0,0,0
2024-11-15 17:43:16,0,0,0
2024-11-15 17:43:14,0,0,0
2024-11-15 17:43:12,0,0,0
2024-11-15 17:43:10,0,0,0
2024-11-15 17:43:08,0,0,0
2024-11-15 17:43:06,0,0,0
2024-11-15 17:43:04,0,0,0
2024-11-15 17:43:02,0,0,0
2024-11-15 17:43:00,0,0,0
2024-11-15 17:42:58,0,0,0
2024-11-15 17:42:56,0,0,0
2024-11-15 17:42:54,0,0,0
2024-11-15 17:42:52,0,0,0
2024-11-15 17:42:50,0,0,0
2024-11-15 17:42:48,0,0,0
2024-11-15 17:42:46,0,0,0
2024-11-15 17:42:44,0,0,0
2024-11-15 17:42:42,0,0,0
2024-11-15 17:42:40,0,0,0
2024-11-15 17:42:38,0,0,0
2024-11-15 17:42:36,0,0,0
2024-11-15 17:42:34,0,0,0
2024-11-15 17:42:32,0,0,0
2024-11-15 17:42:30,0,0,0
2024-11-15 17:42:28,0,0,0
2024-11-15 17:42:26,0,0,0
2024-11-15 17:42:24,0,0,0
2024-11-15 17:42:22,0,0,0
2024-11-15 17:42:20,0,0,0
2024-11-15 17:42:18,0,0,0
2024-11-15 17:42:16,0,0,0
2024-11-15 17:42:14,0,0,0
2024-11-15 17:42:12,0,0,0
2024-11-15 17:42:10,0,0,0
2024-11-15 17:42:08,0,0,0
2024-11-15 17:42:06,0,0,0
2024-11-15 17:42:04,0,0,0
2024-11-15 17:42:02,0,0,0
2024-11-15 17:42:00,0,0,0
2024-11-15 17:41:58,0,0,0
2024-11-15 17:41:56,0,0,0
2024-11-15 17:41:54,0,0,0
2024-11-15 17:41:52,0,0,0
2024-11-15 17:41:50,0,0,0
2024-11-15 17:41:48,0,0,0
2024-11-15 17:41:46,0,0,0
2024-11-15 17:41:44,0,0,0
2024-11-15 17:41:42,0,0,0
2024-11-15 17:41:40,0,0,0
2024-11-15 17:41:38,0,0,0
2024-11-15 17:41:36,0,0,0
2024-11-15 17:41:34,0,0,0
2024-11-15 17:41:32,0,0,0
2024-11-15 17:41:30,0,0,0
2024-11-15 17:41:28,0,0,0
2024-11-15 17:41:26,0,0,0
2024-11-15 17:41:24,0,0,0
2024-11-15 17:41:22,0,0,0
2024-11-15 17:41:20,0,0,0
2024-11-15 17:41:18,0,0,0
2024-11-15 17:41:16,0,0,0
2024-11-15 17:41:14,0,0,0
2024-11-15 17:41:12,0,0,0
2024-11-15 17:41:10,0,0,0
2024-11-15 17:41:08,0,0,0
2024-11-15 17:41:06,0,0,0
2024-11-15 17:41:04,0,0,0
2024-11-15 17:41:02,0,0,0
2024-11-15 17:41:00,0,0,0
2024-11-15 17:40:58,0,0,0
2024-11-15 17:40:56,0,0,0
2024-11-15 17:40:54,0,0,0
2024-11-15 17:40:52,0,0,0
2024-11-15 17:40:50,0,0,0
2024-11-15 17:40:48,0,0,0
2024-11-15 17:40:46,0,0,0
2024-11-15 17:40:44,0,0,0
2024-11-15 17:40:42,0,0,0
2024-11-15 17:40:40,0,0,0
2024-11-15 17:40:38,0,0,0
2024-11-15 17:40:36,0,0,0
2024-11-15 17:40:34,0,0,0
2024-11-15 17:40:32,0,0,0
2024-11-15 17:40:30,0,0,0
2024-11-15 17:40:28,0,0,0
2024-11-15 17:40:26,0,0,0
2024-11-15 17:40:24,0,0,0
2024-11-15 17:40:22,0,0,0
2024-11-15 17:40:20,0,0,0
2024-11-15 17:40:18,0,0,0
2024-11-15 17:40:16,0,0,0
2024-11-15 17:40:14,0,0,0
2024-11-15 17:40:12,0,0,0
2024-11-15 17:40:10,0,0,0
2024-11-15 17:40:08,0,0,0
2024-11-15 17:40:06,0,0,0
2024-11-15 17:40:04,0,0,0
2024-11-15 17:40:02,0,0,0
2024-11-15 17:40:00,0,0,0
2024-11-15 17:39:58,0,0,0
2024-11-15 17:39:56,0,0,0
2024-11-15 17:39:54,0,0,0
2024-11-15 17:39:52,0,0,0
2024-11-15 17:39:50,0,0,0
2024-11-15 17:39:48,0,0,0
2024-11-15 17:39:46,0,0,0
2024-11-15 17:39:44,0,0,0
2024-11-15 17:39:42,0,0,0
2024-11-15 17:39:40,0,0,0
2024-11-15 17:39:38,0,0,0
2024-11-15 17:39:36,0,0,0
2024-11-15 17:39:34,0,0,0
2024-11-15 17:39:32,0,0,0
2024-11-15 17:39:30,0,0,0
2024-11-15 17:39:28,0,0,0
2024-11-15 17:39:26,0,0,0
2024-11-15 17:39:24,0,0,0
2024-11-15 17:39:22,0,0,0
2024-11-15 17:39:20,0,0,0
2024-11-15 17:39:18,0,0,0
2024-11-15 17:39:16,0,0,0
2024-11-15 17:39:14,0,0,0
2024-11-15 17:39:12,0,0,0
2024-11-15 17:39:10,0,0,0
2024-11-15 17:39:08,0,0,0
2024-11-15 17:39:06,0,0,0
2024-11-15 17:39:04,0,0,0
2024-11-15 17:39:02,0,0,0
2024-11-15 17:39:00,0,0,0
2024-11-15 17:38:58,0,0,0
2024-11-15 17:38:56,0,0,0
2024-11-15 17:38:54,0,0,0
2024-11-15 17:38:52,0,0,0
2024-11-15 17:38:50,0,0,0
2024-11-15 17:38:48,0,0,0
2024-11-15 17:38:46,0,0,0
2024-11-15 17:38:44,0,0,0
2024-11-15 17:38:42,0,0,0
2024-11-15 17:38:40,0,0,0
2024-11-15 17:38:38,0,0,0
2024-11-15 17:38:36,0,0,0
2024-11-15 17:38:34,0,0,0
2024-11-15 17:38:32,0,0,0
2024-11-15 17:38:30,0,0,0
2024-11-15 17:38:28,0,0,0
2024-11-15 17:38:26,0,0,0
2024-11-15 17:38:24,0,0,0
2024-11-15 17:38:22,0,0,0
2024-11-15 17:38:20,0,0,0
2024-11-15 17:38:18,0,0,0
2024-11-15 17:38:16,0,0,0
2024-11-15 17:38:14,0,0,0
2024-11-15 17:38:12,0,0,0
2024-11-15 17:38:10,0,0,0
2024-11-15 17:38:08,0,0,0
2024-11-15 17:38:06,0,0,0
2024-11-15 17:38:04,0,0,0
2024-11-15 17:38:02,0,0,0
2024-11-15 17:38:00,0,0,0
2024-11-15 17:37:58,0,0,0
2024-11-15 17:37:56,0,0,0
2024-11-15 17:37:54,0,0,0
2024-11-15 17:37:52,0,0,0
2024-11-15 17:37:50,0,0,0
2024-11-15 17:37:48,0,0,0
2024-11-15 17:37:46,0,0,0
2024-11-15 17:37:44,0,0,0
2024-11-15 17:37:42,0,0,0
2024-11-15 17:37:40,0,0,0
2024-11-15 17:37:38,0,0,0
2024-11-15 17:37:36,0,0,0
2024-11-15 17:37:34,0,0,0
2024-11-15 17:37:32,0,0,0
2024-11-15 17:37:30,0,0,0
2024-11-15 17:37:28,0,0,0
2024-11-15 17:37:26,0,0,0
2024-11-15 17:37:24,0,0,0
2024-11-15 17:37:22,0,0,0
2024-11-15 17:37:20,0,0,0
2024-11-15 17:37:18,0,0,0
2024-11-15 17:37:16,0,0,0
2024-11-15 17:37:14,0,0,0
2024-11-15 17:37:12,0,0,0
2024-11-15 17:37:10,0,0,0
2024-11-15 17:37:08,0,0,0
2024-11-15 17:37:06,0,0,0
2024-11-15 17:37:04,0,0,0
2024-11-15 17:37:02,0,0,0
2024-11-15 17:37:00,0,0,0
2024-11-15 17:36:58,0,0,0
2024-11-15 17:36:56,0,0,0
2024-11-15 17:36:54,0,0,0
2024-11-15 17:36:52,0,0,0
2024-11-15 17:36:50,0,0,0
2024-11-15 17:36:48,0,0,0
2024-11-15 17:36:46,0,0,0
2024-11-15 17:36:44,0,0,0
2024-11-15 17:36:42,0,0,0
2024-11-15 17:36:40,0,0,0
2024-11-15 17:36:38,0,0,0
2024-11-15 17:36:36,0,0,0
2024-11-15 17:36:34,0,0,0
2024-11-15 17:36:32,0,0,0
2024-11-15 17:36:30,0,0,0
2024-11-15 17:36:28,0,0,0
2024-11-15 17:36:26,0,0,0
2024-11-15 17:36:24,0,0,0
2024-11-15 17:36:22,0,0,0
2024-11-15 17:36:20,0,0,0
2024-11-15 17:36:18,0,0,0
2024-11-15 17:36:16,0,0,0
2024-11-15 17:36:14,0,0,0
2024-11-15 17:36:12,0,0,0
2024-11-15 17:36:10,0,0,0
2024-11-15 17:36:08,0,0,0
2024-11-15 17:36:06,0,0,0
2024-11-15 17:36:04,0,0,0
2024-11-15 17:36:02,0,0,0
2024-11-15 17:36:00,0,0,0
2024-11-15 17:35:58,0,0,0
2024-11-15 17:35:56,0,0,0
2024-11-15 17:35:54,0,0,0
2024-11-15 17:35:52,0,0,0
2024-11-15 17:35:50,0,0,0
2024-11-15 17:35:48,0,0,0
2024-11-15 17:35:46,0,0,0
2024-11-15 17:35:44,0,0,0
2024-11-15 17:35:42,0,0,0
2024-11-15 17:35:40,0,0,0
2024-11-15 17:35:38,0,0,0
2024-11-15 17:35:36,0,0,0
2024-11-15 17:35:34,0,0,0
2024-11-15 17:35:32,0,0,0
2024-11-15 17:35:30,0,0,0
2024-11-15 17:35:28,0,0,0
2024-11-15 17:35:26,0,0,0
2024-11-15 17:35:24,0,0,0
2024-11-15 17:35:22,0,0,0
2024-11-15 17:35:20,0,0,0
2024-11-15 17:35:18,0,0,0
2024-11-15 17:35:16,0,0,0
2024-11-15 17:35:14,0,0,0
2024-11-15 17:35:12,0,0,0
2024-11-15 17:35:10,0,0,0
2024-11-15 17:35:08,0,0,0
2024-11-15 17:35:06,0,0,0
2024-11-15 17:35:04,0,0,0
2024-11-15 17:35:02,0,0,0
2024-11-15 17:35:00,0,0,0
2024-11-15 17:34:58,0,0,0
2024-11-15 17:34:56,0,0,0
2024-11-15 17:34:54,0,0,0
2024-11-15 17:34:52,0,0,0
2024-11-15 17:34:50,0,0,0
2024-11-15 17:34:48,0,0,0
2024-11-15 17:34:46,0,0,0
2024-11-15 17:34:44,0,0,0
2024-11-15 17:34:42,0,0,0
2024-11-15 17:34:40,0,0,0
2024-11-15 17:34:38,0,0,0
2024-11-15 17:34:36,0,0,0
2024-11-15 17:34:34,0,0,0
2024-11-15 17:34:32,0,0,0
2024-11-15 17:34:30,0,0,0
2024-11-15 17:34:28,0,0,0
2024-11-15 17:34:26,0,0,0
2024-11-15 17:34:24,0,0,0
2024-11-15 17:34:22,0,0,0
2024-11-15 17:34:20,0,0,0
2024-11-15 17:34:18,0,0,0
2024-11-15 17:34:16,0,0,0
2024-11-15 17:34:14,0,0,0
2024-11-15 17:34:12,0,0,0
2024-11-15 17:34:10,0,0,0
2024-11-15 17:34:08,0,0,0
2024-11-15 17:34:06,0,0,0
2024-11-15 17:34:04,0,0,0
2024-11-15 17:34:02,0,0,0
2024-11-15 17:34:00,0,0,0
2024-11-15 17:33:58,0,0,0
2024-11-15 17:33:56,0,0,0
2024-11-15 17:33:54,0,0,0
2024-11-15 17:33:52,0,0,0
2024-11-15 17:33:50,0,0,0
2024-11-15 17:33:48,0,0,0
2024-11-15 17:33:46,0,0,0
2024-11-15 17:33:44,0,0,0
2024-11-15 17:33:42,0,0,0
2024-11-15 17:33:40,0,0,0
2024-11-15 17:33:38,0,0,0
2024-11-15 17:33:36,0,0,0
2024-11-15 17:33:34,0,0,0
2024-11-15 17:33:32,0,0,0
2024-11-15 17:33:30,0,0,0
2024-11-15 17:33:28,0,0,0
2024-11-15 17:33:26,0,0,0
2024-11-15 17:33:24,0,0,0
2024-11-15 17:33:22,0,0,0
2024-11-15 17:33:20,0,0,0
2024-11-15 17:33:18,0,0,0
2024-11-15 17:33:16,0,0,0
2024-11-15 17:33:14,0,0,0
2024-11-15 17:33:12,0,0,0
2024-11-15 17:33:10,0,0,0
2024-11-15 17:33:08,0,0,0
2024-11-15 17:33:06,0,0,0
2024-11-15 17:33:04,0,0,0
2024-11-15 17:33:02,0,0,0
2024-11-15 17:33:00,0,0,0
2024-11-15 17:32:58,0,0,0
2024-11-15 17:32:56,0,0,0
2024-11-15 17:32:54,0,0,0
2024-11-15 17:32:52,0,0,0
2024-11-15 17:32:50,0,0,0
2024-11-15 17:32:48,0,0,0
2024-11-15 17:32:46,0,0,0
2024-11-15 17:32:44,0,0,0
2024-11-15 17:32:42,0,0,0
2024-11-15 17:32:40,0,0,0
2024-11-15 17:32:38,0,0,0
2024-11-15 17:32:36,0,0,0
2024-11-15 17:32:34,0,0,0
2024-11-15 17:32:32,0,0,0
2024-11-15 17:32:30,0,0,0
2024-11-15 17:32:28,0,0,0
2024-11-15 17:32:26,0,0,0
2024-11-15 17:32:24,0,0,0
2024-11-15 17:32:22,0,0,0
2024-11-15 17:32:20,0,0,0
2024-11-15 17:32:18,0,0,0
2024-11-15 17:32:16,0,0,0
2024-11-15 17:32:14,0,0,0
2024-11-15 17:32:12,0,0,0
2024-11-15 17:32:10,0,0,0
2024-11-15 17:32:08,0,0,0
2024-11-15 17:32:06,0,0,0
2024-11-15 17:32:04,0,0,0
2024-11-15 17:32:02,0,0,0
2024-11-15 17:32:00,0,0,0
2024-11-15 17:31:58,0,0,0
2024-11-15 17:31:56,0,0,0
2024-11-15 17:31:54,0,0,0
2024-11-15 17:31:52,0,0,0
2024-11-15 17:31:50,0,0,0
2024-11-15 17:31:48,0,0,0
2024-11-15 17:31:46,0,0,0
2024-11-15 17:31:44,0,0,0
2024-11-15 17:31:42,0,0,0
2024-11-15 17:31:40,0,0,0
2024-11-15 17:31:38,0,0,0
2024-11-15 17:31:36,0,0,0
2024-11-15 17:31:34,0,0,0
2024-11-15 17:31:32,0,0,0
2024-11-15 17:31:30,0,0,0
2024-11-15 17:31:28,0,0,0
2024-11-15 17:31:26,0,0,0
2024-11-15 17:31:24,0,0,0
2024-11-15 17:31:22,0,0,0
2024-11-15 17:31:20,0,0,0
2024-11-15 17:31:18,0,0,0
2024-11-15 17:31:16,0,0,0
2024-11-15 17:31:14,0,0,0
2024-11-15 17:31:12,0,0,0
2024-11-15 17:31:10,0,0,0
2024-11-15 17:31:08,0,0,0
2024-11-15 17:31:06,0,0,0
2024-11-15 17:31:04,0,0,0
2024-11-15 17:31:02,0,0,0
2024-11-15 17:31:00,0,0,0
2024-11-15 17:30:58,0,0,0
2024-11-15 17:30:56,0,0,0
2024-11-15 17:30:54,0,0,0
2024-11-15 17:30:52,0,0,0
2024-11-15 17:30:50,0,0,0
2024-11-15 17:30:48,0,0,0
2024-11-15 17:30:46,0,0,0
2024-11-15 17:30:44,0,0,0
2024-11-15 17:30:42,0,0,0
2024-11-15 17:30:40,0,0,0
2024-11-15 17:30:38,0,0,0
2024-11-15 17:30:36,0,0,0
2024-11-15 17:30:34,0,0,0
2024-11-15 17:30:32,0,0,0
2024-11-15 17:30:30,0,0,0
2024-11-15 17:30:28,0,0,0
2024-11-15 17:30:26,0,0,0
2024-11-15 17:30:24,0,0,0
2024-11-15 17:30:22,0,0,0
2024-11-15 17:30:20,0,0,0
2024-11-15 17:30:18,0,0,0
2024-11-15 17:30:16,0,0,0
2024-11-15 17:30:14,0,0,0
2024-11-15 17:30:12,0,0,0
2024-11-15 17:30:10,0,0,0
2024-11-15 17:30:08,0,0,0
2024-11-15 17:30:06,0,0,0
2024-11-15 17:30:04,0,0,0
2024-11-15 17:30:02,0,0,0
2024-11-15 17:30:00,0,0,0
2024-11-15 17:29:58,0,0,0
2024-11-15 17:29:56,0,0,0
2024-11-15 17:29:54,0,0,0
2024-11-15 17:29:52,0,0,0
2024-11-15 17:29:50,0,0,0
2024-11-15 17:29:48,0,0,0
2024-11-15 17:29:46,0,0,0
2024-11-15 17:29:44,0,0,0
2024-11-15 17:29:42,0,0,0
2024-11-15 17:29:40,0,0,0
2024-11-15 17:29:38,0,0,0
2024-11-15 17:29:36,0,0,0
2024-11-15 17:29:34,0,0,0
2024-11-15 17:29:32,0,0,0
2024-11-15 17:29:30,0,0,0
2024-11-15 17:29:28,0,0,0
2024-11-15 17:29:26,0,0,0
2024-11-15 17:29:24,0,0,0
2024-11-15 17:29:22,0,0,0
2024-11-15 17:29:20,0,0,0
2024-11-15 17:29:18,0,0,0
2024-11-15 17:29:16,0,0,0
2024-11-15 17:29:14,0,0,0
2024-11-15 17:29:12,0,0,0
2024-11-15 17:29:10,0,0,0
2024-11-15 17:29:08,0,0,0
2024-11-15 17:29:06,0,0,0
2024-11-15 17:29:04,0,0,0
2024-11-15 17:29:02,0,0,0
2024-11-15 17:29:00,0,0,0
2024-11-15 17:28:58,0,0,0
2024-11-15 17:28:56,0,0,0
2024-11-15 17:28:54,0,0,0
2024-11-15 17:28:52,0,0,0
2024-11-15 17:28:50,0,0,0
2024-11-15 17:28:48,0,0,0
2024-11-15 17:28:46,0,0,0
2024-11-15 17:28:44,0,0,0
2024-11-15 17:28:42,0,0,0
2024-11-15 17:28:40,0,0,0
2024-11-15 17:28:38,0,0,0
2024-11-15 17:28:36,0,0,0
2024-11-15 17:28:34,0,0,0
2024-11-15 17:28:32,0,0,0
2024-11-15 17:28:30,0,0,0
2024-11-15 17:28:28,0,0,0
2024-11-15 17:28:26,0,0,0
2024-11-15 17:28:24,0,0,0
2024-11-15 17:28:22,0,0,0
2024-11-15 17:28:20,0,0,0
2024-11-15 17:28:18,0,0,0
2024-11-15 17:28:16,0,0,0
2024-11-15 17:28:14,0,0,0
2024-11-15 17:28:12,0,0,0
2024-11-15 17:28:10,0,0,0
2024-11-15 17:28:08,0,0,0
2024-11-15 17:28:06,0,0,0
2024-11-15 17:28:04,0,0,0
2024-11-15 17:28:02,0,0,0
2024-11-15 17:28:00,0,0,0
2024-11-15 17:27:58,0,0,0
2024-11-15 17:27:56,0,0,0
2024-11-15 17:27:54,0,0,0
2024-11-15 17:27:52,0,0,0
2024-11-15 17:27:50,0,0,0
2024-11-15 17:27:48,0,0,0
2024-11-15 17:27:46,0,0,0
2024-11-15 17:27:44,0,0,0
2024-11-15 17:27:42,0,0,0
2024-11-15 17:27:40,0,0,0
2024-11-15 17:27:38,0,0,0
2024-11-15 17:27:36,0,0,0
2024-11-15 17:27:34,0,0,0
2024-11-15 17:27:32,0,0,0
2024-11-15 17:27:30,0,0,0
2024-11-15 17:27:28,0,0,0
2024-11-15 17:27:26,0,0,0
2024-11-15 17:27:24,0,0,0
2024-11-15 17:27:22,0,0,0
2024-11-15 17:27:20,0,0,0
2024-11-15 17:27:18,0,0,0
2024-11-15 17:27:16,0,0,0
2024-11-15 17:27:14,0,0,0
2024-11-15 17:27:12,0,0,0
2024-11-15 17:27:10,0,0,0
2024-11-15 17:27:08,0,0,0
2024-11-15 17:27:06,0,0,0
2024-11-15 17:27:04,0,0,0
2024-11-15 17:27:02,0,0,0
2024-11-15 17:27:00,0,0,0
2024-11-15 17:26:58,0,0,0
2024-11-15 17:26:56,0,0,0
2024-11-15 17:26:54,0,0,0
2024-11-15 17:26:52,0,0,0
2024-11-15 17:26:50,0,0,0
2024-11-15 17:26:48,0,0,0
2024-11-15 17:26:46,0,0,0
2024-11-15 17:26:44,0,0,0
2024-11-15 17:26:42,0,0,0
2024-11-15 17:26:40,0,0,0
2024-11-15 17:26:38,0,0,0
2024-11-15 17:26:36,0,0,0
2024-11-15 17:26:34,0,0,0
2024-11-15 17:26:32,0,0,0
2024-11-15 17:26:30,0,0,0
2024-11-15 17:26:28,0,0,0
2024-11-15 17:26:26,0,0,0
2024-11-15 17:26:24,0,0,0
2024-11-15 17:26:22,0,0,0
2024-11-15 17:26:20,0,0,0
2024-11-15 17:26:18,0,0,0
2024-11-15 17:26:16,0,0,0
2024-11-15 17:26:14,0,0,0
2024-11-15 17:26:12,0,0,0
2024-11-15 17:26:10,0,0,0
2024-11-15 17:26:08,0,0,0
2024-11-15 17:26:06,0,0,0
2024-11-15 17:26:04,0,0,0
2024-11-15 17:26:02,0,0,0
2024-11-15 17:26:00,0,0,0
2024-11-15 17:25:58,0,0,0
2024-11-15 17:25:56,0,0,0
2024-11-15 17:25:54,0,0,0
2024-11-15 17:25:52,0,0,0
2024-11-15 17:25:50,0,0,0
2024-11-15 17:25:48,0,0,0
2024-11-15 17:25:46,0,0,0
2024-11-15 17:25:44,0,0,0
2024-11-15 17:25:42,0,0,0
2024-11-15 17:25:40,0,0,0
2024-11-15 17:25:38,0,0,0
2024-11-15 17:25:36,0,0,0
2024-11-15 17:25:34,0,0,0
2024-11-15 17:25:32,0,0,0
2024-11-15 17:25:30,0,0,0
2024-11-15 17:25:28,0,0,0
2024-11-15 17:25:26,0,0,0
2024-11-15 17:25:24,0,0,0
2024-11-15 17:25:22,0,0,0
2024-11-15 17:25:20,0,0,0
2024-11-15 17:25:18,0,0,0
2024-11-15 17:25:16,0,0,0
2024-11-15 17:25:14,0,0,0
2024-11-15 17:25:12,0,0,0
2024-11-15 17:25:10,0,0,0
2024-11-15 17:25:08,0,0,0
2024-11-15 17:25:06,0,0,0
2024-11-15 17:25:04,0,0,0
2024-11-15 17:25:02,0,0,0
2024-11-15 17:25:00,0,0,0
2024-11-15 17:24:58,0,0,0
2024-11-15 17:24:56,0,0,0
2024-11-15 17:24:54,0,0,0
2024-11-15 17:24:52,0,0,0
2024-11-15 17:24:50,0,0,0
2024-11-15 17:24:48,0,0,0
2024-11-15 17:24:46,0,0,0
2024-11-15 17:24:44,0,0,0
2024-11-15 17:24:42,0,0,0
2024-11-15 17:24:40,0,0,0
2024-11-15 17:24:38,0,0,0
