time,active
2024-11-15 13:01:22,996
2024-11-15 13:01:21,996
2024-11-15 13:01:20,996
2024-11-15 13:01:19,996
2024-11-15 13:01:18,996
2024-11-15 13:01:17,996
2024-11-15 13:01:16,996
2024-11-15 13:01:15,996
2024-11-15 13:01:14,996
2024-11-15 13:01:13,996
2024-11-15 13:01:12,996
2024-11-15 13:01:11,996
2024-11-15 13:01:10,996
2024-11-15 13:01:09,996
2024-11-15 13:01:08,996
2024-11-15 13:01:07,996
2024-11-15 13:01:06,996
2024-11-15 13:01:05,996
2024-11-15 13:01:04,996
2024-11-15 13:01:03,996
2024-11-15 13:01:02,996
2024-11-15 13:01:01,996
2024-11-15 13:01:00,996
2024-11-15 13:00:59,996
2024-11-15 13:00:58,996
2024-11-15 13:00:57,996
2024-11-15 13:00:56,996
2024-11-15 13:00:55,996
2024-11-15 13:00:54,996
2024-11-15 13:00:53,996
2024-11-15 13:00:52,996
2024-11-15 13:00:51,996
2024-11-15 13:00:50,996
2024-11-15 13:00:49,996
2024-11-15 13:00:48,996
2024-11-15 13:00:47,996
2024-11-15 13:00:46,996
2024-11-15 13:00:45,996
2024-11-15 13:00:44,996
2024-11-15 13:00:43,996
2024-11-15 13:00:42,996
2024-11-15 13:00:41,996
2024-11-15 13:00:40,996
2024-11-15 13:00:39,996
2024-11-15 13:00:38,996
2024-11-15 13:00:37,996
2024-11-15 13:00:36,996
2024-11-15 13:00:35,996
2024-11-15 13:00:34,996
2024-11-15 13:00:33,996
2024-11-15 13:00:32,996
2024-11-15 13:00:31,996
2024-11-15 13:00:30,996
2024-11-15 13:00:29,996
2024-11-15 13:00:28,996
2024-11-15 13:00:27,996
2024-11-15 13:00:26,996
2024-11-15 13:00:25,996
2024-11-15 13:00:24,996
2024-11-15 13:00:23,996
2024-11-15 13:00:22,996
2024-11-15 13:00:21,996
2024-11-15 13:00:20,996
2024-11-15 13:00:19,996
2024-11-15 13:00:18,996
2024-11-15 13:00:17,996
2024-11-15 13:00:16,996
2024-11-15 13:00:15,996
2024-11-15 13:00:14,996
2024-11-15 13:00:13,996
2024-11-15 13:00:12,996
2024-11-15 13:00:11,996
2024-11-15 13:00:10,996
2024-11-15 13:00:09,996
2024-11-15 13:00:08,996
2024-11-15 13:00:07,996
2024-11-15 13:00:06,996
2024-11-15 13:00:05,996
2024-11-15 13:00:04,996
2024-11-15 13:00:03,996
2024-11-15 13:00:02,996
2024-11-15 13:00:01,996
2024-11-15 13:00:00,996
2024-11-15 12:59:59,996
2024-11-15 12:59:58,996
2024-11-15 12:59:57,996
2024-11-15 12:59:56,996
2024-11-15 12:59:55,996
2024-11-15 12:59:54,996
2024-11-15 12:59:53,996
2024-11-15 12:59:52,996
2024-11-15 12:59:51,996
2024-11-15 12:59:50,996
2024-11-15 12:59:49,996
2024-11-15 12:59:48,996
2024-11-15 12:59:47,996
2024-11-15 12:59:46,996
2024-11-15 12:59:45,996
2024-11-15 12:59:44,996
2024-11-15 12:59:43,996
2024-11-15 12:59:42,996
2024-11-15 12:59:41,996
2024-11-15 12:59:40,996
2024-11-15 12:59:39,996
2024-11-15 12:59:38,996
2024-11-15 12:59:37,996
2024-11-15 12:59:36,996
2024-11-15 12:59:35,996
2024-11-15 12:59:34,996
2024-11-15 12:59:33,996
2024-11-15 12:59:32,996
2024-11-15 12:59:31,996
2024-11-15 12:59:30,996
2024-11-15 12:59:29,996
2024-11-15 12:59:28,996
2024-11-15 12:59:27,996
2024-11-15 12:59:26,996
2024-11-15 12:59:25,996
2024-11-15 12:59:24,996
2024-11-15 12:59:23,996
2024-11-15 12:59:22,996
2024-11-15 12:59:21,996
2024-11-15 12:59:20,996
2024-11-15 12:59:19,996
2024-11-15 12:59:18,996
2024-11-15 12:59:17,996
2024-11-15 12:59:16,996
2024-11-15 12:59:15,996
2024-11-15 12:59:14,996
2024-11-15 12:59:13,996
2024-11-15 12:59:12,996
2024-11-15 12:59:11,996
2024-11-15 12:59:10,996
2024-11-15 12:59:09,996
2024-11-15 12:59:08,996
2024-11-15 12:59:07,996
2024-11-15 12:59:06,996
2024-11-15 12:59:05,996
2024-11-15 12:59:04,996
2024-11-15 12:59:03,996
2024-11-15 12:59:02,996
2024-11-15 12:59:01,996
2024-11-15 12:59:00,996
2024-11-15 12:58:59,996
2024-11-15 12:58:58,996
2024-11-15 12:58:57,996
2024-11-15 12:58:56,996
2024-11-15 12:58:55,996
2024-11-15 12:58:54,996
2024-11-15 12:58:53,996
2024-11-15 12:58:52,996
2024-11-15 12:58:51,996
2024-11-15 12:58:50,996
2024-11-15 12:58:49,996
2024-11-15 12:58:48,996
2024-11-15 12:58:47,996
2024-11-15 12:58:46,996
2024-11-15 12:58:45,996
2024-11-15 12:58:44,996
2024-11-15 12:58:43,996
2024-11-15 12:58:42,996
2024-11-15 12:58:41,996
2024-11-15 12:58:40,996
2024-11-15 12:58:39,996
2024-11-15 12:58:38,996
2024-11-15 12:58:37,996
2024-11-15 12:58:36,996
2024-11-15 12:58:35,996
2024-11-15 12:58:34,996
2024-11-15 12:58:33,996
2024-11-15 12:58:32,996
2024-11-15 12:58:31,996
2024-11-15 12:58:30,996
2024-11-15 12:58:29,996
2024-11-15 12:58:28,996
2024-11-15 12:58:27,996
2024-11-15 12:58:26,996
2024-11-15 12:58:25,996
2024-11-15 12:58:24,996
2024-11-15 12:58:23,996
2024-11-15 12:58:22,996
2024-11-15 12:58:21,996
2024-11-15 12:58:20,996
2024-11-15 12:58:19,996
2024-11-15 12:58:18,996
2024-11-15 12:58:17,996
2024-11-15 12:58:16,996
2024-11-15 12:58:15,996
2024-11-15 12:58:14,996
2024-11-15 12:58:13,996
2024-11-15 12:58:12,996
2024-11-15 12:58:11,996
2024-11-15 12:58:10,996
2024-11-15 12:58:09,996
2024-11-15 12:58:08,996
2024-11-15 12:58:07,996
2024-11-15 12:58:06,996
2024-11-15 12:58:05,996
2024-11-15 12:58:04,996
2024-11-15 12:58:03,996
2024-11-15 12:58:02,996
2024-11-15 12:58:01,996
2024-11-15 12:58:00,996
2024-11-15 12:57:59,996
2024-11-15 12:57:58,996
2024-11-15 12:57:57,996
2024-11-15 12:57:56,996
2024-11-15 12:57:55,996
2024-11-15 12:57:54,996
2024-11-15 12:57:53,996
2024-11-15 12:57:52,996
2024-11-15 12:57:51,996
2024-11-15 12:57:50,996
2024-11-15 12:57:49,996
2024-11-15 12:57:48,996
2024-11-15 12:57:47,996
2024-11-15 12:57:46,996
2024-11-15 12:57:45,996
2024-11-15 12:57:44,996
2024-11-15 12:57:43,996
2024-11-15 12:57:42,996
2024-11-15 12:57:41,996
2024-11-15 12:57:40,996
2024-11-15 12:57:39,996
2024-11-15 12:57:38,996
2024-11-15 12:57:37,996
2024-11-15 12:57:36,996
2024-11-15 12:57:35,996
2024-11-15 12:57:34,996
2024-11-15 12:57:33,996
2024-11-15 12:57:32,996
2024-11-15 12:57:31,996
2024-11-15 12:57:30,996
2024-11-15 12:57:29,996
2024-11-15 12:57:28,996
2024-11-15 12:57:27,996
2024-11-15 12:57:26,996
2024-11-15 12:57:25,996
2024-11-15 12:57:24,996
2024-11-15 12:57:23,996
2024-11-15 12:57:22,996
2024-11-15 12:57:21,996
2024-11-15 12:57:20,996
2024-11-15 12:57:19,996
2024-11-15 12:57:18,996
2024-11-15 12:57:17,996
2024-11-15 12:57:16,996
2024-11-15 12:57:15,996
2024-11-15 12:57:14,996
2024-11-15 12:57:13,996
2024-11-15 12:57:12,996
2024-11-15 12:57:11,996
2024-11-15 12:57:10,996
2024-11-15 12:57:09,996
2024-11-15 12:57:08,996
2024-11-15 12:57:07,996
2024-11-15 12:57:06,996
2024-11-15 12:57:05,996
2024-11-15 12:57:04,998
2024-11-15 12:57:03,998
2024-11-15 12:57:02,998
2024-11-15 12:57:01,995
2024-11-15 12:57:00,995
2024-11-15 12:56:59,995
2024-11-15 12:56:58,995
2024-11-15 12:56:57,995
2024-11-15 12:56:56,995
2024-11-15 12:56:55,995
2024-11-15 12:56:54,995
2024-11-15 12:56:53,995
2024-11-15 12:56:52,995
2024-11-15 12:56:51,995
2024-11-15 12:56:50,995
2024-11-15 12:56:49,995
2024-11-15 12:56:48,995
2024-11-15 12:56:47,995
2024-11-15 12:56:46,995
2024-11-15 12:56:45,995
2024-11-15 12:56:44,995
2024-11-15 12:56:43,995
2024-11-15 12:56:42,995
2024-11-15 12:56:41,995
2024-11-15 12:56:40,995
2024-11-15 12:56:39,995
2024-11-15 12:56:38,995
2024-11-15 12:56:37,995
2024-11-15 12:56:36,995
2024-11-15 12:56:35,995
2024-11-15 12:56:34,995
2024-11-15 12:56:33,995
2024-11-15 12:56:32,995
2024-11-15 12:56:31,995
2024-11-15 12:56:30,995
2024-11-15 12:56:29,995
2024-11-15 12:56:28,995
2024-11-15 12:56:27,995
2024-11-15 12:56:26,995
2024-11-15 12:56:25,995
2024-11-15 12:56:24,995
2024-11-15 12:56:23,995
2024-11-15 12:56:22,995
2024-11-15 12:56:21,995
2024-11-15 12:56:20,995
2024-11-15 12:56:19,995
2024-11-15 12:56:18,995
2024-11-15 12:56:17,995
2024-11-15 12:56:16,995
2024-11-15 12:56:15,995
2024-11-15 12:56:14,995
2024-11-15 12:56:13,995
2024-11-15 12:56:12,995
2024-11-15 12:56:11,995
2024-11-15 12:56:10,995
2024-11-15 12:56:09,995
2024-11-15 12:56:08,995
2024-11-15 12:56:07,995
2024-11-15 12:56:06,995
2024-11-15 12:56:05,995
2024-11-15 12:56:04,995
2024-11-15 12:56:03,995
2024-11-15 12:56:02,995
2024-11-15 12:56:01,995
2024-11-15 12:56:00,995
2024-11-15 12:55:59,995
2024-11-15 12:55:58,995
2024-11-15 12:55:57,995
2024-11-15 12:55:56,995
2024-11-15 12:55:55,995
2024-11-15 12:55:54,995
2024-11-15 12:55:53,995
2024-11-15 12:55:52,995
2024-11-15 12:55:51,995
2024-11-15 12:55:50,995
2024-11-15 12:55:49,995
2024-11-15 12:55:48,995
2024-11-15 12:55:47,995
2024-11-15 12:55:46,995
2024-11-15 12:55:45,995
2024-11-15 12:55:44,995
2024-11-15 12:55:43,995
2024-11-15 12:55:42,995
2024-11-15 12:55:41,995
2024-11-15 12:55:40,995
2024-11-15 12:55:39,995
2024-11-15 12:55:38,995
2024-11-15 12:55:37,995
2024-11-15 12:55:36,995
2024-11-15 12:55:35,995
2024-11-15 12:55:34,995
2024-11-15 12:55:33,995
2024-11-15 12:55:32,995
2024-11-15 12:55:31,995
2024-11-15 12:55:30,995
2024-11-15 12:55:29,995
2024-11-15 12:55:28,995
2024-11-15 12:55:27,995
2024-11-15 12:55:26,995
2024-11-15 12:55:25,995
2024-11-15 12:55:24,995
2024-11-15 12:55:23,995
2024-11-15 12:55:22,995
2024-11-15 12:55:21,995
2024-11-15 12:55:20,995
2024-11-15 12:55:19,995
2024-11-15 12:55:18,995
2024-11-15 12:55:17,995
2024-11-15 12:55:16,995
2024-11-15 12:55:15,995
2024-11-15 12:55:14,995
2024-11-15 12:55:13,995
2024-11-15 12:55:12,995
2024-11-15 12:55:11,995
2024-11-15 12:55:10,995
2024-11-15 12:55:09,995
2024-11-15 12:55:08,995
2024-11-15 12:55:07,995
2024-11-15 12:55:06,995
2024-11-15 12:55:05,995
2024-11-15 12:55:04,995
2024-11-15 12:55:03,995
2024-11-15 12:55:02,995
2024-11-15 12:55:01,995
2024-11-15 12:55:00,995
2024-11-15 12:54:59,995
2024-11-15 12:54:58,995
2024-11-15 12:54:57,995
2024-11-15 12:54:56,995
2024-11-15 12:54:55,995
2024-11-15 12:54:54,995
2024-11-15 12:54:53,995
2024-11-15 12:54:52,995
2024-11-15 12:54:51,995
2024-11-15 12:54:50,995
2024-11-15 12:54:49,995
2024-11-15 12:54:48,995
2024-11-15 12:54:47,995
2024-11-15 12:54:46,995
2024-11-15 12:54:45,995
2024-11-15 12:54:44,995
2024-11-15 12:54:43,995
2024-11-15 12:54:42,995
2024-11-15 12:54:41,995
2024-11-15 12:54:40,995
2024-11-15 12:54:39,995
2024-11-15 12:54:38,995
2024-11-15 12:54:37,995
2024-11-15 12:54:36,995
2024-11-15 12:54:35,995
2024-11-15 12:54:34,995
2024-11-15 12:54:33,995
2024-11-15 12:54:32,995
2024-11-15 12:54:31,995
2024-11-15 12:54:30,995
2024-11-15 12:54:29,995
2024-11-15 12:54:28,995
2024-11-15 12:54:27,995
2024-11-15 12:54:26,995
2024-11-15 12:54:25,995
2024-11-15 12:54:24,995
2024-11-15 12:54:23,995
2024-11-15 12:54:22,995
2024-11-15 12:54:21,995
2024-11-15 12:54:20,995
2024-11-15 12:54:19,995
2024-11-15 12:54:18,995
2024-11-15 12:54:17,995
2024-11-15 12:54:16,995
2024-11-15 12:54:15,995
2024-11-15 12:54:14,995
2024-11-15 12:54:13,995
2024-11-15 12:54:12,995
2024-11-15 12:54:11,995
2024-11-15 12:54:10,995
2024-11-15 12:54:09,995
2024-11-15 12:54:08,995
2024-11-15 12:54:07,995
2024-11-15 12:54:06,995
2024-11-15 12:54:05,995
2024-11-15 12:54:04,995
2024-11-15 12:54:03,995
2024-11-15 12:54:02,995
2024-11-15 12:54:01,995
2024-11-15 12:54:00,995
2024-11-15 12:53:59,995
2024-11-15 12:53:58,995
2024-11-15 12:53:57,995
2024-11-15 12:53:56,995
2024-11-15 12:53:55,996
2024-11-15 12:53:54,996
2024-11-15 12:53:53,996
2024-11-15 12:53:52,996
2024-11-15 12:53:51,996
2024-11-15 12:53:50,996
2024-11-15 12:53:49,996
2024-11-15 12:53:48,996
2024-11-15 12:53:47,996
2024-11-15 12:53:46,996
2024-11-15 12:53:45,996
2024-11-15 12:53:44,996
2024-11-15 12:53:43,996
2024-11-15 12:53:42,996
2024-11-15 12:53:41,996
2024-11-15 12:53:40,996
2024-11-15 12:53:39,995
2024-11-15 12:53:38,995
2024-11-15 12:53:37,995
2024-11-15 12:53:36,995
2024-11-15 12:53:35,995
2024-11-15 12:53:34,995
2024-11-15 12:53:33,995
2024-11-15 12:53:32,995
2024-11-15 12:53:31,995
2024-11-15 12:53:30,995
2024-11-15 12:53:29,995
2024-11-15 12:53:28,995
2024-11-15 12:53:27,995
2024-11-15 12:53:26,995
2024-11-15 12:53:25,995
2024-11-15 12:53:24,995
2024-11-15 12:53:23,995
2024-11-15 12:53:22,995
2024-11-15 12:53:21,995
2024-11-15 12:53:20,995
2024-11-15 12:53:19,995
2024-11-15 12:53:18,995
2024-11-15 12:53:17,995
2024-11-15 12:53:16,995
2024-11-15 12:53:15,995
2024-11-15 12:53:14,995
2024-11-15 12:53:13,995
2024-11-15 12:53:12,995
2024-11-15 12:53:11,995
2024-11-15 12:53:10,995
2024-11-15 12:53:09,995
2024-11-15 12:53:08,995
2024-11-15 12:53:07,995
2024-11-15 12:53:06,995
2024-11-15 12:53:05,995
2024-11-15 12:53:04,995
2024-11-15 12:53:03,995
2024-11-15 12:53:02,995
2024-11-15 12:53:01,995
2024-11-15 12:53:00,995
2024-11-15 12:52:59,995
2024-11-15 12:52:58,995
2024-11-15 12:52:57,995
2024-11-15 12:52:56,995
2024-11-15 12:52:55,995
2024-11-15 12:52:54,995
2024-11-15 12:52:53,995
2024-11-15 12:52:52,995
2024-11-15 12:52:51,995
2024-11-15 12:52:50,995
2024-11-15 12:52:49,995
2024-11-15 12:52:48,995
2024-11-15 12:52:47,995
2024-11-15 12:52:46,995
2024-11-15 12:52:45,995
2024-11-15 12:52:44,995
2024-11-15 12:52:43,995
2024-11-15 12:52:42,995
2024-11-15 12:52:41,995
2024-11-15 12:52:40,995
2024-11-15 12:52:39,995
2024-11-15 12:52:38,995
2024-11-15 12:52:37,995
2024-11-15 12:52:36,995
2024-11-15 12:52:35,995
2024-11-15 12:52:34,995
2024-11-15 12:52:33,995
2024-11-15 12:52:32,995
2024-11-15 12:52:31,995
2024-11-15 12:52:30,995
2024-11-15 12:52:29,995
2024-11-15 12:52:28,995
2024-11-15 12:52:27,995
2024-11-15 12:52:26,995
2024-11-15 12:52:25,995
2024-11-15 12:52:24,995
2024-11-15 12:52:23,995
2024-11-15 12:52:22,995
2024-11-15 12:52:21,995
2024-11-15 12:52:20,995
2024-11-15 12:52:19,995
2024-11-15 12:52:18,995
2024-11-15 12:52:17,995
2024-11-15 12:52:16,995
2024-11-15 12:52:15,995
2024-11-15 12:52:14,995
2024-11-15 12:52:13,995
2024-11-15 12:52:12,995
2024-11-15 12:52:11,995
2024-11-15 12:52:10,995
2024-11-15 12:52:09,995
2024-11-15 12:52:08,995
2024-11-15 12:52:07,995
2024-11-15 12:52:06,995
2024-11-15 12:52:05,995
2024-11-15 12:52:04,995
2024-11-15 12:52:03,995
2024-11-15 12:52:02,995
2024-11-15 12:52:01,995
2024-11-15 12:52:00,995
2024-11-15 12:51:59,995
2024-11-15 12:51:58,995
2024-11-15 12:51:57,995
2024-11-15 12:51:56,995
2024-11-15 12:51:55,995
2024-11-15 12:51:54,995
2024-11-15 12:51:53,995
2024-11-15 12:51:52,995
2024-11-15 12:51:51,995
2024-11-15 12:51:50,995
2024-11-15 12:51:49,995
2024-11-15 12:51:48,995
2024-11-15 12:51:47,995
2024-11-15 12:51:46,995
2024-11-15 12:51:45,995
2024-11-15 12:51:44,995
2024-11-15 12:51:43,995
2024-11-15 12:51:42,995
2024-11-15 12:51:41,995
2024-11-15 12:51:40,995
2024-11-15 12:51:39,995
2024-11-15 12:51:38,995
2024-11-15 12:51:37,995
2024-11-15 12:51:36,995
2024-11-15 12:51:35,995
2024-11-15 12:51:34,995
2024-11-15 12:51:33,995
2024-11-15 12:51:32,995
2024-11-15 12:51:31,995
2024-11-15 12:51:30,995
2024-11-15 12:51:29,995
2024-11-15 12:51:28,995
2024-11-15 12:51:27,995
2024-11-15 12:51:26,995
2024-11-15 12:51:25,995
2024-11-15 12:51:24,995
2024-11-15 12:51:23,995
2024-11-15 12:51:22,995
2024-11-15 12:51:21,995
2024-11-15 12:51:20,995
2024-11-15 12:51:19,995
2024-11-15 12:51:18,995
2024-11-15 12:51:17,995
2024-11-15 12:51:16,995
2024-11-15 12:51:15,995
2024-11-15 12:51:14,995
2024-11-15 12:51:13,995
2024-11-15 12:51:12,995
2024-11-15 12:51:11,995
2024-11-15 12:51:10,995
2024-11-15 12:51:09,995
2024-11-15 12:51:08,995
2024-11-15 12:51:07,995
2024-11-15 12:51:06,995
2024-11-15 12:51:05,995
2024-11-15 12:51:04,995
2024-11-15 12:51:03,995
2024-11-15 12:51:02,995
2024-11-15 12:51:01,995
2024-11-15 12:51:00,995
2024-11-15 12:50:59,995
2024-11-15 12:50:58,995
2024-11-15 12:50:57,995
2024-11-15 12:50:56,995
2024-11-15 12:50:55,995
2024-11-15 12:50:54,995
2024-11-15 12:50:53,995
2024-11-15 12:50:52,995
2024-11-15 12:50:51,995
2024-11-15 12:50:50,995
2024-11-15 12:50:49,995
2024-11-15 12:50:48,995
2024-11-15 12:50:47,995
2024-11-15 12:50:46,995
2024-11-15 12:50:45,995
2024-11-15 12:50:44,995
2024-11-15 12:50:43,995
2024-11-15 12:50:42,995
2024-11-15 12:50:41,995
2024-11-15 12:50:40,995
2024-11-15 12:50:39,995
2024-11-15 12:50:38,995
2024-11-15 12:50:37,995
2024-11-15 12:50:36,995
2024-11-15 12:50:35,995
2024-11-15 12:50:34,995
2024-11-15 12:50:33,995
2024-11-15 12:50:32,995
2024-11-15 12:50:31,995
2024-11-15 12:50:30,995
2024-11-15 12:50:29,995
2024-11-15 12:50:28,995
2024-11-15 12:50:27,995
2024-11-15 12:50:26,995
2024-11-15 12:50:25,995
2024-11-15 12:50:24,995
2024-11-15 12:50:23,995
2024-11-15 12:50:22,995
2024-11-15 12:50:21,995
2024-11-15 12:50:20,995
2024-11-15 12:50:19,995
2024-11-15 12:50:18,995
2024-11-15 12:50:17,995
2024-11-15 12:50:16,995
2024-11-15 12:50:15,995
2024-11-15 12:50:14,995
2024-11-15 12:50:13,995
2024-11-15 12:50:12,995
2024-11-15 12:50:11,995
2024-11-15 12:50:10,995
2024-11-15 12:50:09,995
2024-11-15 12:50:08,995
2024-11-15 12:50:07,995
2024-11-15 12:50:06,995
2024-11-15 12:50:05,995
2024-11-15 12:50:04,995
2024-11-15 12:50:03,995
2024-11-15 12:50:02,995
2024-11-15 12:50:01,995
2024-11-15 12:50:00,995
2024-11-15 12:49:59,995
2024-11-15 12:49:58,995
2024-11-15 12:49:57,995
2024-11-15 12:49:56,995
2024-11-15 12:49:55,995
2024-11-15 12:49:54,995
2024-11-15 12:49:53,995
2024-11-15 12:49:52,995
2024-11-15 12:49:51,995
2024-11-15 12:49:50,995
2024-11-15 12:49:49,995
2024-11-15 12:49:48,995
2024-11-15 12:49:47,995
2024-11-15 12:49:46,995
2024-11-15 12:49:45,995
2024-11-15 12:49:44,995
2024-11-15 12:49:43,995
2024-11-15 12:49:42,995
2024-11-15 12:49:41,995
2024-11-15 12:49:40,995
2024-11-15 12:49:39,995
2024-11-15 12:49:38,995
2024-11-15 12:49:37,995
2024-11-15 12:49:36,995
2024-11-15 12:49:35,995
2024-11-15 12:49:34,995
2024-11-15 12:49:33,995
2024-11-15 12:49:32,995
2024-11-15 12:49:31,995
2024-11-15 12:49:30,995
2024-11-15 12:49:29,995
2024-11-15 12:49:28,995
2024-11-15 12:49:27,995
2024-11-15 12:49:26,995
2024-11-15 12:49:25,995
2024-11-15 12:49:24,995
2024-11-15 12:49:23,995
2024-11-15 12:49:22,995
2024-11-15 12:49:21,995
2024-11-15 12:49:20,995
2024-11-15 12:49:19,995
2024-11-15 12:49:18,995
2024-11-15 12:49:17,995
2024-11-15 12:49:16,995
2024-11-15 12:49:15,995
2024-11-15 12:49:14,995
2024-11-15 12:49:13,995
2024-11-15 12:49:12,995
2024-11-15 12:49:11,995
2024-11-15 12:49:10,995
2024-11-15 12:49:09,995
2024-11-15 12:49:08,995
2024-11-15 12:49:07,995
2024-11-15 12:49:06,995
2024-11-15 12:49:05,995
2024-11-15 12:49:04,995
2024-11-15 12:49:03,995
2024-11-15 12:49:02,995
2024-11-15 12:49:01,995
2024-11-15 12:49:00,995
2024-11-15 12:48:59,995
2024-11-15 12:48:58,995
2024-11-15 12:48:57,995
2024-11-15 12:48:56,995
2024-11-15 12:48:55,995
2024-11-15 12:48:54,995
2024-11-15 12:48:53,995
2024-11-15 12:48:52,995
2024-11-15 12:48:51,995
2024-11-15 12:48:50,995
2024-11-15 12:48:49,995
2024-11-15 12:48:48,995
2024-11-15 12:48:47,995
2024-11-15 12:48:46,995
2024-11-15 12:48:45,995
2024-11-15 12:48:44,995
2024-11-15 12:48:43,995
2024-11-15 12:48:42,995
2024-11-15 12:48:41,995
2024-11-15 12:48:40,995
2024-11-15 12:48:39,995
2024-11-15 12:48:38,995
2024-11-15 12:48:37,995
2024-11-15 12:48:36,995
2024-11-15 12:48:35,995
2024-11-15 12:48:34,995
2024-11-15 12:48:33,995
2024-11-15 12:48:32,995
2024-11-15 12:48:31,995
2024-11-15 12:48:30,995
2024-11-15 12:48:29,995
2024-11-15 12:48:28,995
2024-11-15 12:48:27,995
2024-11-15 12:48:26,995
2024-11-15 12:48:25,995
2024-11-15 12:48:24,995
2024-11-15 12:48:23,995
2024-11-15 12:48:22,995
2024-11-15 12:48:21,995
2024-11-15 12:48:20,995
2024-11-15 12:48:19,995
2024-11-15 12:48:18,995
2024-11-15 12:48:17,995
2024-11-15 12:48:16,995
2024-11-15 12:48:15,995
2024-11-15 12:48:14,995
2024-11-15 12:48:13,995
2024-11-15 12:48:12,995
2024-11-15 12:48:11,995
2024-11-15 12:48:10,995
2024-11-15 12:48:09,995
2024-11-15 12:48:08,995
2024-11-15 12:48:07,995
2024-11-15 12:48:06,995
2024-11-15 12:48:05,995
2024-11-15 12:48:04,995
2024-11-15 12:48:03,995
2024-11-15 12:48:02,995
2024-11-15 12:48:01,995
2024-11-15 12:48:00,995
2024-11-15 12:47:59,995
2024-11-15 12:47:58,995
2024-11-15 12:47:57,995
2024-11-15 12:47:56,995
2024-11-15 12:47:55,995
2024-11-15 12:47:54,995
2024-11-15 12:47:53,995
2024-11-15 12:47:52,995
2024-11-15 12:47:51,995
2024-11-15 12:47:50,995
2024-11-15 12:47:49,995
2024-11-15 12:47:48,995
2024-11-15 12:47:47,995
2024-11-15 12:47:46,995
2024-11-15 12:47:45,995
2024-11-15 12:47:44,995
2024-11-15 12:47:43,995
2024-11-15 12:47:42,995
2024-11-15 12:47:41,995
2024-11-15 12:47:40,995
2024-11-15 12:47:39,995
2024-11-15 12:47:38,995
2024-11-15 12:47:37,995
2024-11-15 12:47:36,995
2024-11-15 12:47:35,995
2024-11-15 12:47:34,995
2024-11-15 12:47:33,995
2024-11-15 12:47:32,995
2024-11-15 12:47:31,995
2024-11-15 12:47:30,995
2024-11-15 12:47:29,995
2024-11-15 12:47:28,995
2024-11-15 12:47:27,995
2024-11-15 12:47:26,995
2024-11-15 12:47:25,995
2024-11-15 12:47:24,995
2024-11-15 12:47:23,995
2024-11-15 12:47:22,995
2024-11-15 12:47:21,995
2024-11-15 12:47:20,995
2024-11-15 12:47:19,995
2024-11-15 12:47:18,995
2024-11-15 12:47:17,995
2024-11-15 12:47:16,995
2024-11-15 12:47:15,995
2024-11-15 12:47:14,995
2024-11-15 12:47:13,995
2024-11-15 12:47:12,995
2024-11-15 12:47:11,995
2024-11-15 12:47:10,995
2024-11-15 12:47:09,995
2024-11-15 12:47:08,995
2024-11-15 12:47:07,995
2024-11-15 12:47:06,995
2024-11-15 12:47:05,995
2024-11-15 12:47:04,995
2024-11-15 12:47:03,995
2024-11-15 12:47:02,995
2024-11-15 12:47:01,995
2024-11-15 12:47:00,995
2024-11-15 12:46:59,995
2024-11-15 12:46:58,995
2024-11-15 12:46:57,995
2024-11-15 12:46:56,995
2024-11-15 12:46:55,995
2024-11-15 12:46:54,995
2024-11-15 12:46:53,995
2024-11-15 12:46:52,995
2024-11-15 12:46:51,995
2024-11-15 12:46:50,995
2024-11-15 12:46:49,995
2024-11-15 12:46:48,995
2024-11-15 12:46:47,995
2024-11-15 12:46:46,995
2024-11-15 12:46:45,995
2024-11-15 12:46:44,995
2024-11-15 12:46:43,995
2024-11-15 12:46:42,995
2024-11-15 12:46:41,995
2024-11-15 12:46:40,995
2024-11-15 12:46:39,995
2024-11-15 12:46:38,995
2024-11-15 12:46:37,995
2024-11-15 12:46:36,995
2024-11-15 12:46:35,995
2024-11-15 12:46:34,995
2024-11-15 12:46:33,995
2024-11-15 12:46:32,995
2024-11-15 12:46:31,995
2024-11-15 12:46:30,995
2024-11-15 12:46:29,995
2024-11-15 12:46:28,995
2024-11-15 12:46:27,995
2024-11-15 12:46:26,995
2024-11-15 12:46:25,995
2024-11-15 12:46:24,995
2024-11-15 12:46:23,995
2024-11-15 12:46:22,995
2024-11-15 12:46:21,995
2024-11-15 12:46:20,995
2024-11-15 12:46:19,995
2024-11-15 12:46:18,995
2024-11-15 12:46:17,995
2024-11-15 12:46:16,995
2024-11-15 12:46:15,995
2024-11-15 12:46:14,995
2024-11-15 12:46:13,995
2024-11-15 12:46:12,995
2024-11-15 12:46:11,995
2024-11-15 12:46:10,995
2024-11-15 12:46:09,995
2024-11-15 12:46:08,995
2024-11-15 12:46:07,995
2024-11-15 12:46:06,995
2024-11-15 12:46:05,995
2024-11-15 12:46:04,995
2024-11-15 12:46:03,995
2024-11-15 12:46:02,995
2024-11-15 12:46:01,995
2024-11-15 12:46:00,995
2024-11-15 12:45:59,995
2024-11-15 12:45:58,995
2024-11-15 12:45:57,995
2024-11-15 12:45:56,995
2024-11-15 12:45:55,995
2024-11-15 12:45:54,995
2024-11-15 12:45:53,995
2024-11-15 12:45:52,995
2024-11-15 12:45:51,995
2024-11-15 12:45:50,995
2024-11-15 12:45:49,995
2024-11-15 12:45:48,995
2024-11-15 12:45:47,995
2024-11-15 12:45:46,995
2024-11-15 12:45:45,995
2024-11-15 12:45:44,995
2024-11-15 12:45:43,995
2024-11-15 12:45:42,995
2024-11-15 12:45:41,995
2024-11-15 12:45:40,995
2024-11-15 12:45:39,995
2024-11-15 12:45:38,995
2024-11-15 12:45:37,995
2024-11-15 12:45:36,995
2024-11-15 12:45:35,995
2024-11-15 12:45:34,995
2024-11-15 12:45:33,995
2024-11-15 12:45:32,995
2024-11-15 12:45:31,995
2024-11-15 12:45:30,996
2024-11-15 12:45:29,996
2024-11-15 12:45:28,996
2024-11-15 12:45:27,996
2024-11-15 12:45:26,996
2024-11-15 12:45:25,996
2024-11-15 12:45:24,996
2024-11-15 12:45:23,996
2024-11-15 12:45:22,996
2024-11-15 12:45:21,996
2024-11-15 12:45:20,996
2024-11-15 12:45:19,996
2024-11-15 12:45:18,996
2024-11-15 12:45:17,996
2024-11-15 12:45:16,996
2024-11-15 12:45:15,996
2024-11-15 12:45:14,996
2024-11-15 12:45:13,996
2024-11-15 12:45:12,996
2024-11-15 12:45:11,996
2024-11-15 12:45:10,996
2024-11-15 12:45:09,996
2024-11-15 12:45:08,996
2024-11-15 12:45:07,996
2024-11-15 12:45:06,996
2024-11-15 12:45:05,996
2024-11-15 12:45:04,996
2024-11-15 12:45:03,996
2024-11-15 12:45:02,996
2024-11-15 12:45:01,996
2024-11-15 12:45:00,996
2024-11-15 12:44:59,996
2024-11-15 12:44:58,996
2024-11-15 12:44:57,996
2024-11-15 12:44:56,996
2024-11-15 12:44:55,996
2024-11-15 12:44:54,996
2024-11-15 12:44:53,996
2024-11-15 12:44:52,996
2024-11-15 12:44:51,996
2024-11-15 12:44:50,996
2024-11-15 12:44:49,996
2024-11-15 12:44:48,996
2024-11-15 12:44:47,996
2024-11-15 12:44:46,996
2024-11-15 12:44:45,996
2024-11-15 12:44:44,996
2024-11-15 12:44:43,996
2024-11-15 12:44:42,996
2024-11-15 12:44:41,996
2024-11-15 12:44:40,996
2024-11-15 12:44:39,996
2024-11-15 12:44:38,996
2024-11-15 12:44:37,996
2024-11-15 12:44:36,996
2024-11-15 12:44:35,996
2024-11-15 12:44:34,996
2024-11-15 12:44:33,996
2024-11-15 12:44:32,996
2024-11-15 12:44:31,996
2024-11-15 12:44:30,996
2024-11-15 12:44:29,996
2024-11-15 12:44:28,996
2024-11-15 12:44:27,996
2024-11-15 12:44:26,996
2024-11-15 12:44:25,996
2024-11-15 12:44:24,996
2024-11-15 12:44:23,996
2024-11-15 12:44:22,996
2024-11-15 12:44:21,996
2024-11-15 12:44:20,996
2024-11-15 12:44:19,996
2024-11-15 12:44:18,996
2024-11-15 12:44:17,996
2024-11-15 12:44:16,996
2024-11-15 12:44:15,996
2024-11-15 12:44:14,996
2024-11-15 12:44:13,996
2024-11-15 12:44:12,996
2024-11-15 12:44:11,996
2024-11-15 12:44:10,996
2024-11-15 12:44:09,996
2024-11-15 12:44:08,996
2024-11-15 12:44:07,996
2024-11-15 12:44:06,996
2024-11-15 12:44:05,996
2024-11-15 12:44:04,996
2024-11-15 12:44:03,996
2024-11-15 12:44:02,996
2024-11-15 12:44:01,996
2024-11-15 12:44:00,996
2024-11-15 12:43:59,996
2024-11-15 12:43:58,996
2024-11-15 12:43:57,996
2024-11-15 12:43:56,996
2024-11-15 12:43:55,997
2024-11-15 12:43:54,997
2024-11-15 12:43:53,997
2024-11-15 12:43:52,997
2024-11-15 12:43:51,997
2024-11-15 12:43:50,997
2024-11-15 12:43:49,997
2024-11-15 12:43:48,997
2024-11-15 12:43:47,997
2024-11-15 12:43:46,997
2024-11-15 12:43:45,997
2024-11-15 12:43:44,997
2024-11-15 12:43:43,997
2024-11-15 12:43:42,997
2024-11-15 12:43:41,997
2024-11-15 12:43:40,997
2024-11-15 12:43:39,996
2024-11-15 12:43:38,996
2024-11-15 12:43:37,996
2024-11-15 12:43:36,996
2024-11-15 12:43:35,996
2024-11-15 12:43:34,996
2024-11-15 12:43:33,996
2024-11-15 12:43:32,996
2024-11-15 12:43:31,996
2024-11-15 12:43:30,996
2024-11-15 12:43:29,996
2024-11-15 12:43:28,996
2024-11-15 12:43:27,996
2024-11-15 12:43:26,996
2024-11-15 12:43:25,996
2024-11-15 12:43:24,996
2024-11-15 12:43:23,996
2024-11-15 12:43:22,996
2024-11-15 12:43:21,996
2024-11-15 12:43:20,996
2024-11-15 12:43:19,996
2024-11-15 12:43:18,996
2024-11-15 12:43:17,996
2024-11-15 12:43:16,996
2024-11-15 12:43:15,996
2024-11-15 12:43:14,996
2024-11-15 12:43:13,996
2024-11-15 12:43:12,996
2024-11-15 12:43:11,996
2024-11-15 12:43:10,996
2024-11-15 12:43:09,996
2024-11-15 12:43:08,996
2024-11-15 12:43:07,996
2024-11-15 12:43:06,996
2024-11-15 12:43:05,996
2024-11-15 12:43:04,996
2024-11-15 12:43:03,996
2024-11-15 12:43:02,996
2024-11-15 12:43:01,996
2024-11-15 12:43:00,996
2024-11-15 12:42:59,996
2024-11-15 12:42:58,996
2024-11-15 12:42:57,996
2024-11-15 12:42:56,996
2024-11-15 12:42:55,996
2024-11-15 12:42:54,996
2024-11-15 12:42:53,996
2024-11-15 12:42:52,996
2024-11-15 12:42:51,996
2024-11-15 12:42:50,996
2024-11-15 12:42:49,996
2024-11-15 12:42:48,996
2024-11-15 12:42:47,996
2024-11-15 12:42:46,996
2024-11-15 12:42:45,996
2024-11-15 12:42:44,996
2024-11-15 12:42:43,996
2024-11-15 12:42:42,996
2024-11-15 12:42:41,996
2024-11-15 12:42:40,996
2024-11-15 12:42:39,996
2024-11-15 12:42:38,996
2024-11-15 12:42:37,996
2024-11-15 12:42:36,996
2024-11-15 12:42:35,996
2024-11-15 12:42:34,996
2024-11-15 12:42:33,996
2024-11-15 12:42:32,996
2024-11-15 12:42:31,996
2024-11-15 12:42:30,996
2024-11-15 12:42:29,996
2024-11-15 12:42:28,996
2024-11-15 12:42:27,996
2024-11-15 12:42:26,996
2024-11-15 12:42:25,996
2024-11-15 12:42:24,996
2024-11-15 12:42:23,996
2024-11-15 12:42:22,996
2024-11-15 12:42:21,996
2024-11-15 12:42:20,996
2024-11-15 12:42:19,996
2024-11-15 12:42:18,996
2024-11-15 12:42:17,996
2024-11-15 12:42:16,996
2024-11-15 12:42:15,996
2024-11-15 12:42:14,996
2024-11-15 12:42:13,996
2024-11-15 12:42:12,996
2024-11-15 12:42:11,996
2024-11-15 12:42:10,996
2024-11-15 12:42:09,996
2024-11-15 12:42:08,996
2024-11-15 12:42:07,996
2024-11-15 12:42:06,996
2024-11-15 12:42:05,996
2024-11-15 12:42:04,996
2024-11-15 12:42:03,996
2024-11-15 12:42:02,996
2024-11-15 12:42:01,996
2024-11-15 12:42:00,996
2024-11-15 12:41:59,996
2024-11-15 12:41:58,996
2024-11-15 12:41:57,996
2024-11-15 12:41:56,996
2024-11-15 12:41:55,996
2024-11-15 12:41:54,996
2024-11-15 12:41:53,996
2024-11-15 12:41:52,996
2024-11-15 12:41:51,996
2024-11-15 12:41:50,996
2024-11-15 12:41:49,996
2024-11-15 12:41:48,996
2024-11-15 12:41:47,996
2024-11-15 12:41:46,996
2024-11-15 12:41:45,996
2024-11-15 12:41:44,996
2024-11-15 12:41:43,996
2024-11-15 12:41:42,996
2024-11-15 12:41:41,996
2024-11-15 12:41:40,996
2024-11-15 12:41:39,996
2024-11-15 12:41:38,996
2024-11-15 12:41:37,996
2024-11-15 12:41:36,996
2024-11-15 12:41:35,996
2024-11-15 12:41:34,996
2024-11-15 12:41:33,996
2024-11-15 12:41:32,996
2024-11-15 12:41:31,996
2024-11-15 12:41:30,996
2024-11-15 12:41:29,996
2024-11-15 12:41:28,996
2024-11-15 12:41:27,996
2024-11-15 12:41:26,996
2024-11-15 12:41:25,996
2024-11-15 12:41:24,996
2024-11-15 12:41:23,996
2024-11-15 12:41:22,996
2024-11-15 12:41:21,996
2024-11-15 12:41:20,996
2024-11-15 12:41:19,996
2024-11-15 12:41:18,996
2024-11-15 12:41:17,996
2024-11-15 12:41:16,996
2024-11-15 12:41:15,996
2024-11-15 12:41:14,996
2024-11-15 12:41:13,996
2024-11-15 12:41:12,996
2024-11-15 12:41:11,996
2024-11-15 12:41:10,996
2024-11-15 12:41:09,996
2024-11-15 12:41:08,996
2024-11-15 12:41:07,996
2024-11-15 12:41:06,996
2024-11-15 12:41:05,996
2024-11-15 12:41:04,996
2024-11-15 12:41:03,996
2024-11-15 12:41:02,996
2024-11-15 12:41:01,996
2024-11-15 12:41:00,996
2024-11-15 12:40:59,996
2024-11-15 12:40:58,996
2024-11-15 12:40:57,996
2024-11-15 12:40:56,996
2024-11-15 12:40:55,996
2024-11-15 12:40:54,996
2024-11-15 12:40:53,996
2024-11-15 12:40:52,996
2024-11-15 12:40:51,996
2024-11-15 12:40:50,996
2024-11-15 12:40:49,996
2024-11-15 12:40:48,996
2024-11-15 12:40:47,996
2024-11-15 12:40:46,996
2024-11-15 12:40:45,996
2024-11-15 12:40:44,996
2024-11-15 12:40:43,996
2024-11-15 12:40:42,996
2024-11-15 12:40:41,996
2024-11-15 12:40:40,996
2024-11-15 12:40:39,996
2024-11-15 12:40:38,996
2024-11-15 12:40:37,996
2024-11-15 12:40:36,996
2024-11-15 12:40:35,996
2024-11-15 12:40:34,996
2024-11-15 12:40:33,996
2024-11-15 12:40:32,996
2024-11-15 12:40:31,996
2024-11-15 12:40:30,996
2024-11-15 12:40:29,996
2024-11-15 12:40:28,996
2024-11-15 12:40:27,996
2024-11-15 12:40:26,996
2024-11-15 12:40:25,996
2024-11-15 12:40:24,996
2024-11-15 12:40:23,996
2024-11-15 12:40:22,995
2024-11-15 12:40:21,995
2024-11-15 12:40:20,995
2024-11-15 12:40:19,995
2024-11-15 12:40:18,995
2024-11-15 12:40:17,995
2024-11-15 12:40:16,995
2024-11-15 12:40:15,995
2024-11-15 12:40:14,995
2024-11-15 12:40:13,995
2024-11-15 12:40:12,995
2024-11-15 12:40:11,995
2024-11-15 12:40:10,995
2024-11-15 12:40:09,995
2024-11-15 12:40:08,995
2024-11-15 12:40:07,995
2024-11-15 12:40:06,995
2024-11-15 12:40:05,995
2024-11-15 12:40:04,995
2024-11-15 12:40:03,995
2024-11-15 12:40:02,996
2024-11-15 12:40:01,996
2024-11-15 12:40:00,996
2024-11-15 12:39:59,996
2024-11-15 12:39:58,996
2024-11-15 12:39:57,996
2024-11-15 12:39:56,996
2024-11-15 12:39:55,996
2024-11-15 12:39:54,996
2024-11-15 12:39:53,996
2024-11-15 12:39:52,996
2024-11-15 12:39:51,996
2024-11-15 12:39:50,996
2024-11-15 12:39:49,996
2024-11-15 12:39:48,996
2024-11-15 12:39:47,996
2024-11-15 12:39:46,996
2024-11-15 12:39:45,996
2024-11-15 12:39:44,996
2024-11-15 12:39:43,996
2024-11-15 12:39:42,996
2024-11-15 12:39:41,996
2024-11-15 12:39:40,996
2024-11-15 12:39:39,996
2024-11-15 12:39:38,996
2024-11-15 12:39:37,996
2024-11-15 12:39:36,996
2024-11-15 12:39:35,996
2024-11-15 12:39:34,996
2024-11-15 12:39:33,996
2024-11-15 12:39:32,996
2024-11-15 12:39:31,996
2024-11-15 12:39:30,996
2024-11-15 12:39:29,996
2024-11-15 12:39:28,996
2024-11-15 12:39:27,996
2024-11-15 12:39:26,996
2024-11-15 12:39:25,996
2024-11-15 12:39:24,996
2024-11-15 12:39:23,996
2024-11-15 12:39:22,996
2024-11-15 12:39:21,996
2024-11-15 12:39:20,996
2024-11-15 12:39:19,996
2024-11-15 12:39:18,996
2024-11-15 12:39:17,996
2024-11-15 12:39:16,996
2024-11-15 12:39:15,996
2024-11-15 12:39:14,996
2024-11-15 12:39:13,996
2024-11-15 12:39:12,996
2024-11-15 12:39:11,996
2024-11-15 12:39:10,996
2024-11-15 12:39:09,996
2024-11-15 12:39:08,996
2024-11-15 12:39:07,996
2024-11-15 12:39:06,996
2024-11-15 12:39:05,996
2024-11-15 12:39:04,996
2024-11-15 12:39:03,996
2024-11-15 12:39:02,996
2024-11-15 12:39:01,996
2024-11-15 12:39:00,996
2024-11-15 12:38:59,996
2024-11-15 12:38:58,996
2024-11-15 12:38:57,996
2024-11-15 12:38:56,996
2024-11-15 12:38:55,996
2024-11-15 12:38:54,996
2024-11-15 12:38:53,996
2024-11-15 12:38:52,996
2024-11-15 12:38:51,996
2024-11-15 12:38:50,996
2024-11-15 12:38:49,996
2024-11-15 12:38:48,996
2024-11-15 12:38:47,996
2024-11-15 12:38:46,996
2024-11-15 12:38:45,996
2024-11-15 12:38:44,996
2024-11-15 12:38:43,996
2024-11-15 12:38:42,996
2024-11-15 12:38:41,996
2024-11-15 12:38:40,996
2024-11-15 12:38:39,996
2024-11-15 12:38:38,996
2024-11-15 12:38:37,996
2024-11-15 12:38:36,996
2024-11-15 12:38:35,996
2024-11-15 12:38:34,996
2024-11-15 12:38:33,996
2024-11-15 12:38:32,996
2024-11-15 12:38:31,996
2024-11-15 12:38:30,996
2024-11-15 12:38:29,996
2024-11-15 12:38:28,996
2024-11-15 12:38:27,996
2024-11-15 12:38:26,996
2024-11-15 12:38:25,996
2024-11-15 12:38:24,996
2024-11-15 12:38:23,996
2024-11-15 12:38:22,996
2024-11-15 12:38:21,996
2024-11-15 12:38:20,996
2024-11-15 12:38:19,996
2024-11-15 12:38:18,996
2024-11-15 12:38:17,996
2024-11-15 12:38:16,996
2024-11-15 12:38:15,996
2024-11-15 12:38:14,996
2024-11-15 12:38:13,996
2024-11-15 12:38:12,996
2024-11-15 12:38:11,996
2024-11-15 12:38:10,996
2024-11-15 12:38:09,996
2024-11-15 12:38:08,996
2024-11-15 12:38:07,996
2024-11-15 12:38:06,996
2024-11-15 12:38:05,996
2024-11-15 12:38:04,996
2024-11-15 12:38:03,996
2024-11-15 12:38:02,996
2024-11-15 12:38:01,996
2024-11-15 12:38:00,996
2024-11-15 12:37:59,996
2024-11-15 12:37:58,996
2024-11-15 12:37:57,996
2024-11-15 12:37:56,996
2024-11-15 12:37:55,996
2024-11-15 12:37:54,996
2024-11-15 12:37:53,996
2024-11-15 12:37:52,996
2024-11-15 12:37:51,996
2024-11-15 12:37:50,996
2024-11-15 12:37:49,996
2024-11-15 12:37:48,996
2024-11-15 12:37:47,996
2024-11-15 12:37:46,996
2024-11-15 12:37:45,996
2024-11-15 12:37:44,996
2024-11-15 12:37:43,996
2024-11-15 12:37:42,996
2024-11-15 12:37:41,996
2024-11-15 12:37:40,996
2024-11-15 12:37:39,996
2024-11-15 12:37:38,996
2024-11-15 12:37:37,996
2024-11-15 12:37:36,996
2024-11-15 12:37:35,996
2024-11-15 12:37:34,996
2024-11-15 12:37:33,996
2024-11-15 12:37:32,996
2024-11-15 12:37:31,996
2024-11-15 12:37:30,996
2024-11-15 12:37:29,996
2024-11-15 12:37:28,996
2024-11-15 12:37:27,996
2024-11-15 12:37:26,996
2024-11-15 12:37:25,996
2024-11-15 12:37:24,996
2024-11-15 12:37:23,996
2024-11-15 12:37:22,996
2024-11-15 12:37:21,996
2024-11-15 12:37:20,996
2024-11-15 12:37:19,996
2024-11-15 12:37:18,996
2024-11-15 12:37:17,996
2024-11-15 12:37:16,996
2024-11-15 12:37:15,996
2024-11-15 12:37:14,996
2024-11-15 12:37:13,996
2024-11-15 12:37:12,996
2024-11-15 12:37:11,996
2024-11-15 12:37:10,996
2024-11-15 12:37:09,996
2024-11-15 12:37:08,996
2024-11-15 12:37:07,996
2024-11-15 12:37:06,996
2024-11-15 12:37:05,996
2024-11-15 12:37:04,996
2024-11-15 12:37:03,996
2024-11-15 12:37:02,996
2024-11-15 12:37:01,996
2024-11-15 12:37:00,996
2024-11-15 12:36:59,996
2024-11-15 12:36:58,996
2024-11-15 12:36:57,996
2024-11-15 12:36:56,996
2024-11-15 12:36:55,996
2024-11-15 12:36:54,996
2024-11-15 12:36:53,996
2024-11-15 12:36:52,996
2024-11-15 12:36:51,996
2024-11-15 12:36:50,996
2024-11-15 12:36:49,996
2024-11-15 12:36:48,996
2024-11-15 12:36:47,996
2024-11-15 12:36:46,996
2024-11-15 12:36:45,996
2024-11-15 12:36:44,996
2024-11-15 12:36:43,996
2024-11-15 12:36:42,996
2024-11-15 12:36:41,996
2024-11-15 12:36:40,996
2024-11-15 12:36:39,996
2024-11-15 12:36:38,996
2024-11-15 12:36:37,996
2024-11-15 12:36:36,996
2024-11-15 12:36:35,996
2024-11-15 12:36:34,996
2024-11-15 12:36:33,996
2024-11-15 12:36:32,996
2024-11-15 12:36:31,996
2024-11-15 12:36:30,996
2024-11-15 12:36:29,996
2024-11-15 12:36:28,996
2024-11-15 12:36:27,996
2024-11-15 12:36:26,996
2024-11-15 12:36:25,996
2024-11-15 12:36:24,996
2024-11-15 12:36:23,996
2024-11-15 12:36:22,996
2024-11-15 12:36:21,996
2024-11-15 12:36:20,996
2024-11-15 12:36:19,996
2024-11-15 12:36:18,996
2024-11-15 12:36:17,996
2024-11-15 12:36:16,996
2024-11-15 12:36:15,996
2024-11-15 12:36:14,996
2024-11-15 12:36:13,996
2024-11-15 12:36:12,996
2024-11-15 12:36:11,996
2024-11-15 12:36:10,996
2024-11-15 12:36:09,996
2024-11-15 12:36:08,996
2024-11-15 12:36:07,996
2024-11-15 12:36:06,996
2024-11-15 12:36:05,996
2024-11-15 12:36:04,996
2024-11-15 12:36:03,996
2024-11-15 12:36:02,996
2024-11-15 12:36:01,996
2024-11-15 12:36:00,996
2024-11-15 12:35:59,996
2024-11-15 12:35:58,996
2024-11-15 12:35:57,996
2024-11-15 12:35:56,996
2024-11-15 12:35:55,996
2024-11-15 12:35:54,996
2024-11-15 12:35:53,996
2024-11-15 12:35:52,996
2024-11-15 12:35:51,996
2024-11-15 12:35:50,996
2024-11-15 12:35:49,996
2024-11-15 12:35:48,996
2024-11-15 12:35:47,996
2024-11-15 12:35:46,996
2024-11-15 12:35:45,996
2024-11-15 12:35:44,996
2024-11-15 12:35:43,996
2024-11-15 12:35:42,996
2024-11-15 12:35:41,996
2024-11-15 12:35:40,996
2024-11-15 12:35:39,996
2024-11-15 12:35:38,996
2024-11-15 12:35:37,996
2024-11-15 12:35:36,996
2024-11-15 12:35:35,996
2024-11-15 12:35:34,996
2024-11-15 12:35:33,996
2024-11-15 12:35:32,996
2024-11-15 12:35:31,996
2024-11-15 12:35:30,996
2024-11-15 12:35:29,996
2024-11-15 12:35:28,996
2024-11-15 12:35:27,996
2024-11-15 12:35:26,996
2024-11-15 12:35:25,996
2024-11-15 12:35:24,996
2024-11-15 12:35:23,996
2024-11-15 12:35:22,996
2024-11-15 12:35:21,996
2024-11-15 12:35:20,996
2024-11-15 12:35:19,996
2024-11-15 12:35:18,996
2024-11-15 12:35:17,996
2024-11-15 12:35:16,996
2024-11-15 12:35:15,996
2024-11-15 12:35:14,996
2024-11-15 12:35:13,996
2024-11-15 12:35:12,996
2024-11-15 12:35:11,996
2024-11-15 12:35:10,996
2024-11-15 12:35:09,996
2024-11-15 12:35:08,996
2024-11-15 12:35:07,996
2024-11-15 12:35:06,996
2024-11-15 12:35:05,996
2024-11-15 12:35:04,996
2024-11-15 12:35:03,996
2024-11-15 12:35:02,996
2024-11-15 12:35:01,996
2024-11-15 12:35:00,996
2024-11-15 12:34:59,996
2024-11-15 12:34:58,996
2024-11-15 12:34:57,996
2024-11-15 12:34:56,996
2024-11-15 12:34:55,996
2024-11-15 12:34:54,996
2024-11-15 12:34:53,996
2024-11-15 12:34:52,996
2024-11-15 12:34:51,996
2024-11-15 12:34:50,995
2024-11-15 12:34:49,995
2024-11-15 12:34:48,995
2024-11-15 12:34:47,995
2024-11-15 12:34:46,995
2024-11-15 12:34:45,995
2024-11-15 12:34:44,995
2024-11-15 12:34:43,995
2024-11-15 12:34:42,995
2024-11-15 12:34:41,995
2024-11-15 12:34:40,995
2024-11-15 12:34:39,995
2024-11-15 12:34:38,995
2024-11-15 12:34:37,995
2024-11-15 12:34:36,995
2024-11-15 12:34:35,995
2024-11-15 12:34:34,995
2024-11-15 12:34:33,995
2024-11-15 12:34:32,995
2024-11-15 12:34:31,995
2024-11-15 12:34:30,995
2024-11-15 12:34:29,995
2024-11-15 12:34:28,995
2024-11-15 12:34:27,995
2024-11-15 12:34:26,995
2024-11-15 12:34:25,995
2024-11-15 12:34:24,995
2024-11-15 12:34:23,995
2024-11-15 12:34:22,995
2024-11-15 12:34:21,995
2024-11-15 12:34:20,995
2024-11-15 12:34:19,995
2024-11-15 12:34:18,995
2024-11-15 12:34:17,995
2024-11-15 12:34:16,995
2024-11-15 12:34:15,995
2024-11-15 12:34:14,995
2024-11-15 12:34:13,995
2024-11-15 12:34:12,995
2024-11-15 12:34:11,995
2024-11-15 12:34:10,995
2024-11-15 12:34:09,995
2024-11-15 12:34:08,995
2024-11-15 12:34:07,995
2024-11-15 12:34:06,995
2024-11-15 12:34:05,995
2024-11-15 12:34:04,995
2024-11-15 12:34:03,995
2024-11-15 12:34:02,995
2024-11-15 12:34:01,995
2024-11-15 12:34:00,995
2024-11-15 12:33:59,995
2024-11-15 12:33:58,995
2024-11-15 12:33:57,995
2024-11-15 12:33:56,995
2024-11-15 12:33:55,996
2024-11-15 12:33:54,996
2024-11-15 12:33:53,996
2024-11-15 12:33:52,996
2024-11-15 12:33:51,996
2024-11-15 12:33:50,996
2024-11-15 12:33:49,996
2024-11-15 12:33:48,996
2024-11-15 12:33:47,996
2024-11-15 12:33:46,996
2024-11-15 12:33:45,996
2024-11-15 12:33:44,996
2024-11-15 12:33:43,996
2024-11-15 12:33:42,996
2024-11-15 12:33:41,996
2024-11-15 12:33:40,996
2024-11-15 12:33:39,995
2024-11-15 12:33:38,995
2024-11-15 12:33:37,995
2024-11-15 12:33:36,995
2024-11-15 12:33:35,995
2024-11-15 12:33:34,995
2024-11-15 12:33:33,995
2024-11-15 12:33:32,995
2024-11-15 12:33:31,995
2024-11-15 12:33:30,995
2024-11-15 12:33:29,995
2024-11-15 12:33:28,995
2024-11-15 12:33:27,995
2024-11-15 12:33:26,995
2024-11-15 12:33:25,995
2024-11-15 12:33:24,995
2024-11-15 12:33:23,995
2024-11-15 12:33:22,995
2024-11-15 12:33:21,995
2024-11-15 12:33:20,995
2024-11-15 12:33:19,995
2024-11-15 12:33:18,995
2024-11-15 12:33:17,995
2024-11-15 12:33:16,995
2024-11-15 12:33:15,995
2024-11-15 12:33:14,995
2024-11-15 12:33:13,995
2024-11-15 12:33:12,995
2024-11-15 12:33:11,995
2024-11-15 12:33:10,995
2024-11-15 12:33:09,995
2024-11-15 12:33:08,995
2024-11-15 12:33:07,995
2024-11-15 12:33:06,995
2024-11-15 12:33:05,995
2024-11-15 12:33:04,995
2024-11-15 12:33:03,995
2024-11-15 12:33:02,995
2024-11-15 12:33:01,995
2024-11-15 12:33:00,995
2024-11-15 12:32:59,995
2024-11-15 12:32:58,995
2024-11-15 12:32:57,995
2024-11-15 12:32:56,995
2024-11-15 12:32:55,995
2024-11-15 12:32:54,995
2024-11-15 12:32:53,995
2024-11-15 12:32:52,995
2024-11-15 12:32:51,995
2024-11-15 12:32:50,995
2024-11-15 12:32:49,995
2024-11-15 12:32:48,995
2024-11-15 12:32:47,995
2024-11-15 12:32:46,995
2024-11-15 12:32:45,995
2024-11-15 12:32:44,995
2024-11-15 12:32:43,995
2024-11-15 12:32:42,995
2024-11-15 12:32:41,995
2024-11-15 12:32:40,995
2024-11-15 12:32:39,995
2024-11-15 12:32:38,995
2024-11-15 12:32:37,995
2024-11-15 12:32:36,995
2024-11-15 12:32:35,995
2024-11-15 12:32:34,995
2024-11-15 12:32:33,995
2024-11-15 12:32:32,995
2024-11-15 12:32:31,995
2024-11-15 12:32:30,995
2024-11-15 12:32:29,995
2024-11-15 12:32:28,995
2024-11-15 12:32:27,995
2024-11-15 12:32:26,995
2024-11-15 12:32:25,995
2024-11-15 12:32:24,995
2024-11-15 12:32:23,995
2024-11-15 12:32:22,995
2024-11-15 12:32:21,995
2024-11-15 12:32:20,995
2024-11-15 12:32:19,995
2024-11-15 12:32:18,995
2024-11-15 12:32:17,995
2024-11-15 12:32:16,995
2024-11-15 12:32:15,995
2024-11-15 12:32:14,995
2024-11-15 12:32:13,995
2024-11-15 12:32:12,995
2024-11-15 12:32:11,995
2024-11-15 12:32:10,995
2024-11-15 12:32:09,995
2024-11-15 12:32:08,995
2024-11-15 12:32:07,995
2024-11-15 12:32:06,995
2024-11-15 12:32:05,995
2024-11-15 12:32:04,995
2024-11-15 12:32:03,995
2024-11-15 12:32:02,995
2024-11-15 12:32:01,995
2024-11-15 12:32:00,995
2024-11-15 12:31:59,995
2024-11-15 12:31:58,995
2024-11-15 12:31:57,995
2024-11-15 12:31:56,995
2024-11-15 12:31:55,995
2024-11-15 12:31:54,995
2024-11-15 12:31:53,995
2024-11-15 12:31:52,995
2024-11-15 12:31:51,995
2024-11-15 12:31:50,995
2024-11-15 12:31:49,995
2024-11-15 12:31:48,995
2024-11-15 12:31:47,995
2024-11-15 12:31:46,995
2024-11-15 12:31:45,995
2024-11-15 12:31:44,995
2024-11-15 12:31:43,995
2024-11-15 12:31:42,995
2024-11-15 12:31:41,995
2024-11-15 12:31:40,995
2024-11-15 12:31:39,995
2024-11-15 12:31:38,995
2024-11-15 12:31:37,995
2024-11-15 12:31:36,995
2024-11-15 12:31:35,995
2024-11-15 12:31:34,995
2024-11-15 12:31:33,995
2024-11-15 12:31:32,995
2024-11-15 12:31:31,995
2024-11-15 12:31:30,995
2024-11-15 12:31:29,995
2024-11-15 12:31:28,995
2024-11-15 12:31:27,995
2024-11-15 12:31:26,995
2024-11-15 12:31:25,995
2024-11-15 12:31:24,995
2024-11-15 12:31:23,995
2024-11-15 12:31:22,995
2024-11-15 12:31:21,995
2024-11-15 12:31:20,995
2024-11-15 12:31:19,995
2024-11-15 12:31:18,995
2024-11-15 12:31:17,995
2024-11-15 12:31:16,995
2024-11-15 12:31:15,995
2024-11-15 12:31:14,995
2024-11-15 12:31:13,995
2024-11-15 12:31:12,995
2024-11-15 12:31:11,995
2024-11-15 12:31:10,995
2024-11-15 12:31:09,995
2024-11-15 12:31:08,995
2024-11-15 12:31:07,995
2024-11-15 12:31:06,995
2024-11-15 12:31:05,995
2024-11-15 12:31:04,995
2024-11-15 12:31:03,995
2024-11-15 12:31:02,995
2024-11-15 12:31:01,995
2024-11-15 12:31:00,995
2024-11-15 12:30:59,995
2024-11-15 12:30:58,995
2024-11-15 12:30:57,995
2024-11-15 12:30:56,995
2024-11-15 12:30:55,995
2024-11-15 12:30:54,995
2024-11-15 12:30:53,995
2024-11-15 12:30:52,995
2024-11-15 12:30:51,995
2024-11-15 12:30:50,995
2024-11-15 12:30:49,995
2024-11-15 12:30:48,995
2024-11-15 12:30:47,995
2024-11-15 12:30:46,995
2024-11-15 12:30:45,995
2024-11-15 12:30:44,995
2024-11-15 12:30:43,995
2024-11-15 12:30:42,995
2024-11-15 12:30:41,995
2024-11-15 12:30:40,995
2024-11-15 12:30:39,995
2024-11-15 12:30:38,995
2024-11-15 12:30:37,995
2024-11-15 12:30:36,995
2024-11-15 12:30:35,995
2024-11-15 12:30:34,995
2024-11-15 12:30:33,995
2024-11-15 12:30:32,995
2024-11-15 12:30:31,995
2024-11-15 12:30:30,995
2024-11-15 12:30:29,996
2024-11-15 12:30:28,996
2024-11-15 12:30:27,996
2024-11-15 12:30:26,996
2024-11-15 12:30:25,996
2024-11-15 12:30:24,996
2024-11-15 12:30:23,996
2024-11-15 12:30:22,996
2024-11-15 12:30:21,996
2024-11-15 12:30:20,996
2024-11-15 12:30:19,996
2024-11-15 12:30:18,996
2024-11-15 12:30:17,996
2024-11-15 12:30:16,996
2024-11-15 12:30:15,996
2024-11-15 12:30:14,996
2024-11-15 12:30:13,996
2024-11-15 12:30:12,996
2024-11-15 12:30:11,996
2024-11-15 12:30:10,996
2024-11-15 12:30:09,996
2024-11-15 12:30:08,996
2024-11-15 12:30:07,996
2024-11-15 12:30:06,996
2024-11-15 12:30:05,996
2024-11-15 12:30:04,996
2024-11-15 12:30:03,996
2024-11-15 12:30:02,996
2024-11-15 12:30:01,996
2024-11-15 12:30:00,996
2024-11-15 12:29:59,996
2024-11-15 12:29:58,996
2024-11-15 12:29:57,996
2024-11-15 12:29:56,996
2024-11-15 12:29:55,996
2024-11-15 12:29:54,996
2024-11-15 12:29:53,996
2024-11-15 12:29:52,996
2024-11-15 12:29:51,996
2024-11-15 12:29:50,996
2024-11-15 12:29:49,996
2024-11-15 12:29:48,996
2024-11-15 12:29:47,996
2024-11-15 12:29:46,996
2024-11-15 12:29:45,996
2024-11-15 12:29:44,996
2024-11-15 12:29:43,996
2024-11-15 12:29:42,996
2024-11-15 12:29:41,996
2024-11-15 12:29:40,996
2024-11-15 12:29:39,996
2024-11-15 12:29:38,996
2024-11-15 12:29:37,996
2024-11-15 12:29:36,996
2024-11-15 12:29:35,996
2024-11-15 12:29:34,996
2024-11-15 12:29:33,996
2024-11-15 12:29:32,996
2024-11-15 12:29:31,996
2024-11-15 12:29:30,996
2024-11-15 12:29:29,996
2024-11-15 12:29:28,996
2024-11-15 12:29:27,996
2024-11-15 12:29:26,996
2024-11-15 12:29:25,996
2024-11-15 12:29:24,996
2024-11-15 12:29:23,996
2024-11-15 12:29:22,996
2024-11-15 12:29:21,996
2024-11-15 12:29:20,996
2024-11-15 12:29:19,996
2024-11-15 12:29:18,996
2024-11-15 12:29:17,996
2024-11-15 12:29:16,996
2024-11-15 12:29:15,996
2024-11-15 12:29:14,996
2024-11-15 12:29:13,996
2024-11-15 12:29:12,996
2024-11-15 12:29:11,996
2024-11-15 12:29:10,996
2024-11-15 12:29:09,996
2024-11-15 12:29:08,996
2024-11-15 12:29:07,996
2024-11-15 12:29:06,996
2024-11-15 12:29:05,996
2024-11-15 12:29:04,996
2024-11-15 12:29:03,996
2024-11-15 12:29:02,996
2024-11-15 12:29:01,996
2024-11-15 12:29:00,996
2024-11-15 12:28:59,996
2024-11-15 12:28:58,996
2024-11-15 12:28:57,996
2024-11-15 12:28:56,996
2024-11-15 12:28:55,996
2024-11-15 12:28:54,996
2024-11-15 12:28:53,996
2024-11-15 12:28:52,996
2024-11-15 12:28:51,996
2024-11-15 12:28:50,996
2024-11-15 12:28:49,996
2024-11-15 12:28:48,996
2024-11-15 12:28:47,996
2024-11-15 12:28:46,996
2024-11-15 12:28:45,996
2024-11-15 12:28:44,996
2024-11-15 12:28:43,996
2024-11-15 12:28:42,996
2024-11-15 12:28:41,996
2024-11-15 12:28:40,996
2024-11-15 12:28:39,996
2024-11-15 12:28:38,996
2024-11-15 12:28:37,996
2024-11-15 12:28:36,996
2024-11-15 12:28:35,996
2024-11-15 12:28:34,996
2024-11-15 12:28:33,996
2024-11-15 12:28:32,996
2024-11-15 12:28:31,996
2024-11-15 12:28:30,996
2024-11-15 12:28:29,996
2024-11-15 12:28:28,996
2024-11-15 12:28:27,996
2024-11-15 12:28:26,996
2024-11-15 12:28:25,996
2024-11-15 12:28:24,996
2024-11-15 12:28:23,996
2024-11-15 12:28:22,996
2024-11-15 12:28:21,996
2024-11-15 12:28:20,996
2024-11-15 12:28:19,996
2024-11-15 12:28:18,996
2024-11-15 12:28:17,996
2024-11-15 12:28:16,996
2024-11-15 12:28:15,996
2024-11-15 12:28:14,996
2024-11-15 12:28:13,996
2024-11-15 12:28:12,996
2024-11-15 12:28:11,996
2024-11-15 12:28:10,996
2024-11-15 12:28:09,996
2024-11-15 12:28:08,996
2024-11-15 12:28:07,996
2024-11-15 12:28:06,996
2024-11-15 12:28:05,996
2024-11-15 12:28:04,996
2024-11-15 12:28:03,996
2024-11-15 12:28:02,996
2024-11-15 12:28:01,996
2024-11-15 12:28:00,996
2024-11-15 12:27:59,996
2024-11-15 12:27:58,996
2024-11-15 12:27:57,996
2024-11-15 12:27:56,996
2024-11-15 12:27:55,996
2024-11-15 12:27:54,996
2024-11-15 12:27:53,996
2024-11-15 12:27:52,996
2024-11-15 12:27:51,996
2024-11-15 12:27:50,996
2024-11-15 12:27:49,996
2024-11-15 12:27:48,996
2024-11-15 12:27:47,996
2024-11-15 12:27:46,996
2024-11-15 12:27:45,996
2024-11-15 12:27:44,996
2024-11-15 12:27:43,996
2024-11-15 12:27:42,996
2024-11-15 12:27:41,996
2024-11-15 12:27:40,996
2024-11-15 12:27:39,996
2024-11-15 12:27:38,996
2024-11-15 12:27:37,996
2024-11-15 12:27:36,996
2024-11-15 12:27:35,996
2024-11-15 12:27:34,996
2024-11-15 12:27:33,996
2024-11-15 12:27:32,996
2024-11-15 12:27:31,996
2024-11-15 12:27:30,996
2024-11-15 12:27:29,996
2024-11-15 12:27:28,996
2024-11-15 12:27:27,996
2024-11-15 12:27:26,996
2024-11-15 12:27:25,996
2024-11-15 12:27:24,996
2024-11-15 12:27:23,996
2024-11-15 12:27:22,996
2024-11-15 12:27:21,996
2024-11-15 12:27:20,996
2024-11-15 12:27:19,996
2024-11-15 12:27:18,996
2024-11-15 12:27:17,996
2024-11-15 12:27:16,996
2024-11-15 12:27:15,996
2024-11-15 12:27:14,996
2024-11-15 12:27:13,996
2024-11-15 12:27:12,996
2024-11-15 12:27:11,996
2024-11-15 12:27:10,996
2024-11-15 12:27:09,996
2024-11-15 12:27:08,996
2024-11-15 12:27:07,996
2024-11-15 12:27:06,996
2024-11-15 12:27:05,996
2024-11-15 12:27:04,996
2024-11-15 12:27:03,996
2024-11-15 12:27:02,996
2024-11-15 12:27:01,996
2024-11-15 12:27:00,996
2024-11-15 12:26:59,996
2024-11-15 12:26:58,996
2024-11-15 12:26:57,996
2024-11-15 12:26:56,996
2024-11-15 12:26:55,996
2024-11-15 12:26:54,996
2024-11-15 12:26:53,996
2024-11-15 12:26:52,996
2024-11-15 12:26:51,996
2024-11-15 12:26:50,996
2024-11-15 12:26:49,996
2024-11-15 12:26:48,996
2024-11-15 12:26:47,996
2024-11-15 12:26:46,996
2024-11-15 12:26:45,996
2024-11-15 12:26:44,996
2024-11-15 12:26:43,996
2024-11-15 12:26:42,996
2024-11-15 12:26:41,996
2024-11-15 12:26:40,996
2024-11-15 12:26:39,996
2024-11-15 12:26:38,996
2024-11-15 12:26:37,996
2024-11-15 12:26:36,996
2024-11-15 12:26:35,996
2024-11-15 12:26:34,996
2024-11-15 12:26:33,996
2024-11-15 12:26:32,996
2024-11-15 12:26:31,996
2024-11-15 12:26:30,996
2024-11-15 12:26:29,996
2024-11-15 12:26:28,996
2024-11-15 12:26:27,996
2024-11-15 12:26:26,996
2024-11-15 12:26:25,996
2024-11-15 12:26:24,996
2024-11-15 12:26:23,996
2024-11-15 12:26:22,996
2024-11-15 12:26:21,996
2024-11-15 12:26:20,996
2024-11-15 12:26:19,996
2024-11-15 12:26:18,996
2024-11-15 12:26:17,996
2024-11-15 12:26:16,996
2024-11-15 12:26:15,996
2024-11-15 12:26:14,996
2024-11-15 12:26:13,996
2024-11-15 12:26:12,996
2024-11-15 12:26:11,996
2024-11-15 12:26:10,996
2024-11-15 12:26:09,996
2024-11-15 12:26:08,996
2024-11-15 12:26:07,996
2024-11-15 12:26:06,996
2024-11-15 12:26:05,996
2024-11-15 12:26:04,996
2024-11-15 12:26:03,996
2024-11-15 12:26:02,996
2024-11-15 12:26:01,996
2024-11-15 12:26:00,996
2024-11-15 12:25:59,996
2024-11-15 12:25:58,996
2024-11-15 12:25:57,996
2024-11-15 12:25:56,996
2024-11-15 12:25:55,996
2024-11-15 12:25:54,996
2024-11-15 12:25:53,996
2024-11-15 12:25:52,996
2024-11-15 12:25:51,996
2024-11-15 12:25:50,996
2024-11-15 12:25:49,996
2024-11-15 12:25:48,996
2024-11-15 12:25:47,996
2024-11-15 12:25:46,996
2024-11-15 12:25:45,996
2024-11-15 12:25:44,996
2024-11-15 12:25:43,996
2024-11-15 12:25:42,996
2024-11-15 12:25:41,996
2024-11-15 12:25:40,996
2024-11-15 12:25:39,996
2024-11-15 12:25:38,996
2024-11-15 12:25:37,996
2024-11-15 12:25:36,996
2024-11-15 12:25:35,996
2024-11-15 12:25:34,996
2024-11-15 12:25:33,996
2024-11-15 12:25:32,996
2024-11-15 12:25:31,996
2024-11-15 12:25:30,996
2024-11-15 12:25:29,996
2024-11-15 12:25:28,996
2024-11-15 12:25:27,996
2024-11-15 12:25:26,996
2024-11-15 12:25:25,996
2024-11-15 12:25:24,996
2024-11-15 12:25:23,996
2024-11-15 12:25:22,996
2024-11-15 12:25:21,996
2024-11-15 12:25:20,996
2024-11-15 12:25:19,996
2024-11-15 12:25:18,996
2024-11-15 12:25:17,996
2024-11-15 12:25:16,996
2024-11-15 12:25:15,996
2024-11-15 12:25:14,996
2024-11-15 12:25:13,996
2024-11-15 12:25:12,996
2024-11-15 12:25:11,996
2024-11-15 12:25:10,996
2024-11-15 12:25:09,996
2024-11-15 12:25:08,996
2024-11-15 12:25:07,996
2024-11-15 12:25:06,996
2024-11-15 12:25:05,996
2024-11-15 12:25:04,996
2024-11-15 12:25:03,996
2024-11-15 12:25:02,996
2024-11-15 12:25:01,996
2024-11-15 12:25:00,996
2024-11-15 12:24:59,996
2024-11-15 12:24:58,996
2024-11-15 12:24:57,996
2024-11-15 12:24:56,996
2024-11-15 12:24:55,996
2024-11-15 12:24:54,996
2024-11-15 12:24:53,996
2024-11-15 12:24:52,996
2024-11-15 12:24:51,996
2024-11-15 12:24:50,996
2024-11-15 12:24:49,996
2024-11-15 12:24:48,996
2024-11-15 12:24:47,996
2024-11-15 12:24:46,996
2024-11-15 12:24:45,996
2024-11-15 12:24:44,996
2024-11-15 12:24:43,996
2024-11-15 12:24:42,996
2024-11-15 12:24:41,996
2024-11-15 12:24:40,996
2024-11-15 12:24:39,996
2024-11-15 12:24:38,996
2024-11-15 12:24:37,996
2024-11-15 12:24:36,996
2024-11-15 12:24:35,996
2024-11-15 12:24:34,996
2024-11-15 12:24:33,996
2024-11-15 12:24:32,996
2024-11-15 12:24:31,996
2024-11-15 12:24:30,996
2024-11-15 12:24:29,996
2024-11-15 12:24:28,996
2024-11-15 12:24:27,996
2024-11-15 12:24:26,996
2024-11-15 12:24:25,996
2024-11-15 12:24:24,996
2024-11-15 12:24:23,996
2024-11-15 12:24:22,996
2024-11-15 12:24:21,996
2024-11-15 12:24:20,996
2024-11-15 12:24:19,996
2024-11-15 12:24:18,996
2024-11-15 12:24:17,996
2024-11-15 12:24:16,996
2024-11-15 12:24:15,996
2024-11-15 12:24:14,996
2024-11-15 12:24:13,996
2024-11-15 12:24:12,996
2024-11-15 12:24:11,996
2024-11-15 12:24:10,996
2024-11-15 12:24:09,996
2024-11-15 12:24:08,996
2024-11-15 12:24:07,996
2024-11-15 12:24:06,996
2024-11-15 12:24:05,996
2024-11-15 12:24:04,996
2024-11-15 12:24:03,996
2024-11-15 12:24:02,996
2024-11-15 12:24:01,996
2024-11-15 12:24:00,996
2024-11-15 12:23:59,996
2024-11-15 12:23:58,996
2024-11-15 12:23:57,996
2024-11-15 12:23:56,996
2024-11-15 12:23:55,997
2024-11-15 12:23:54,997
2024-11-15 12:23:53,997
2024-11-15 12:23:52,997
2024-11-15 12:23:51,997
2024-11-15 12:23:50,997
2024-11-15 12:23:49,997
2024-11-15 12:23:48,997
2024-11-15 12:23:47,997
2024-11-15 12:23:46,997
2024-11-15 12:23:45,997
2024-11-15 12:23:44,997
2024-11-15 12:23:43,997
2024-11-15 12:23:42,997
2024-11-15 12:23:41,997
2024-11-15 12:23:40,997
2024-11-15 12:23:39,996
2024-11-15 12:23:38,996
2024-11-15 12:23:37,996
2024-11-15 12:23:36,996
2024-11-15 12:23:35,996
2024-11-15 12:23:34,996
2024-11-15 12:23:33,996
2024-11-15 12:23:32,996
2024-11-15 12:23:31,996
2024-11-15 12:23:30,996
2024-11-15 12:23:29,996
2024-11-15 12:23:28,996
2024-11-15 12:23:27,996
2024-11-15 12:23:26,996
2024-11-15 12:23:25,996
2024-11-15 12:23:24,996
2024-11-15 12:23:23,996
2024-11-15 12:23:22,996
2024-11-15 12:23:21,996
2024-11-15 12:23:20,996
2024-11-15 12:23:19,996
2024-11-15 12:23:18,996
2024-11-15 12:23:17,996
2024-11-15 12:23:16,996
2024-11-15 12:23:15,996
2024-11-15 12:23:14,996
2024-11-15 12:23:13,996
2024-11-15 12:23:12,996
2024-11-15 12:23:11,996
2024-11-15 12:23:10,996
2024-11-15 12:23:09,996
2024-11-15 12:23:08,996
2024-11-15 12:23:07,996
2024-11-15 12:23:06,996
2024-11-15 12:23:05,996
2024-11-15 12:23:04,996
2024-11-15 12:23:03,996
2024-11-15 12:23:02,996
2024-11-15 12:23:01,996
2024-11-15 12:23:00,996
2024-11-15 12:22:59,996
2024-11-15 12:22:58,996
2024-11-15 12:22:57,996
2024-11-15 12:22:56,996
2024-11-15 12:22:55,996
2024-11-15 12:22:54,996
2024-11-15 12:22:53,996
2024-11-15 12:22:52,996
2024-11-15 12:22:51,996
2024-11-15 12:22:50,996
2024-11-15 12:22:49,996
2024-11-15 12:22:48,996
2024-11-15 12:22:47,996
2024-11-15 12:22:46,996
2024-11-15 12:22:45,996
2024-11-15 12:22:44,996
2024-11-15 12:22:43,996
2024-11-15 12:22:42,996
2024-11-15 12:22:41,996
2024-11-15 12:22:40,996
2024-11-15 12:22:39,996
2024-11-15 12:22:38,996
2024-11-15 12:22:37,996
2024-11-15 12:22:36,996
2024-11-15 12:22:35,996
2024-11-15 12:22:34,996
2024-11-15 12:22:33,996
2024-11-15 12:22:32,996
2024-11-15 12:22:31,996
2024-11-15 12:22:30,996
2024-11-15 12:22:29,996
2024-11-15 12:22:28,996
2024-11-15 12:22:27,996
2024-11-15 12:22:26,996
2024-11-15 12:22:25,996
2024-11-15 12:22:24,996
2024-11-15 12:22:23,996
2024-11-15 12:22:22,996
2024-11-15 12:22:21,996
2024-11-15 12:22:20,996
2024-11-15 12:22:19,996
2024-11-15 12:22:18,996
2024-11-15 12:22:17,996
2024-11-15 12:22:16,996
2024-11-15 12:22:15,996
2024-11-15 12:22:14,996
2024-11-15 12:22:13,996
2024-11-15 12:22:12,996
2024-11-15 12:22:11,996
2024-11-15 12:22:10,996
2024-11-15 12:22:09,996
2024-11-15 12:22:08,996
2024-11-15 12:22:07,996
2024-11-15 12:22:06,996
2024-11-15 12:22:05,996
2024-11-15 12:22:04,996
2024-11-15 12:22:03,996
2024-11-15 12:22:02,996
2024-11-15 12:22:01,996
2024-11-15 12:22:00,996
2024-11-15 12:21:59,996
2024-11-15 12:21:58,996
2024-11-15 12:21:57,996
2024-11-15 12:21:56,996
2024-11-15 12:21:55,996
2024-11-15 12:21:54,996
2024-11-15 12:21:53,996
2024-11-15 12:21:52,996
2024-11-15 12:21:51,996
2024-11-15 12:21:50,996
2024-11-15 12:21:49,996
2024-11-15 12:21:48,996
2024-11-15 12:21:47,996
2024-11-15 12:21:46,996
2024-11-15 12:21:45,996
2024-11-15 12:21:44,996
2024-11-15 12:21:43,996
2024-11-15 12:21:42,996
2024-11-15 12:21:41,996
2024-11-15 12:21:40,996
2024-11-15 12:21:39,996
2024-11-15 12:21:38,996
2024-11-15 12:21:37,996
2024-11-15 12:21:36,996
2024-11-15 12:21:35,996
2024-11-15 12:21:34,996
2024-11-15 12:21:33,996
2024-11-15 12:21:32,996
2024-11-15 12:21:31,996
2024-11-15 12:21:30,996
2024-11-15 12:21:29,996
2024-11-15 12:21:28,996
2024-11-15 12:21:27,996
2024-11-15 12:21:26,996
2024-11-15 12:21:25,996
2024-11-15 12:21:24,996
2024-11-15 12:21:23,996
2024-11-15 12:21:22,996
2024-11-15 12:21:21,996
2024-11-15 12:21:20,996
2024-11-15 12:21:19,996
2024-11-15 12:21:18,996
2024-11-15 12:21:17,996
2024-11-15 12:21:16,996
2024-11-15 12:21:15,996
2024-11-15 12:21:14,996
2024-11-15 12:21:13,996
2024-11-15 12:21:12,996
2024-11-15 12:21:11,996
2024-11-15 12:21:10,996
2024-11-15 12:21:09,996
2024-11-15 12:21:08,996
2024-11-15 12:21:07,996
2024-11-15 12:21:06,996
2024-11-15 12:21:05,996
2024-11-15 12:21:04,996
2024-11-15 12:21:03,996
2024-11-15 12:21:02,996
2024-11-15 12:21:01,996
2024-11-15 12:21:00,996
2024-11-15 12:20:59,996
2024-11-15 12:20:58,996
2024-11-15 12:20:57,996
2024-11-15 12:20:56,996
2024-11-15 12:20:55,996
2024-11-15 12:20:54,996
2024-11-15 12:20:53,996
2024-11-15 12:20:52,996
2024-11-15 12:20:51,996
2024-11-15 12:20:50,996
2024-11-15 12:20:49,996
2024-11-15 12:20:48,996
2024-11-15 12:20:47,996
2024-11-15 12:20:46,996
2024-11-15 12:20:45,996
2024-11-15 12:20:44,996
2024-11-15 12:20:43,996
2024-11-15 12:20:42,996
2024-11-15 12:20:41,996
2024-11-15 12:20:40,996
2024-11-15 12:20:39,996
2024-11-15 12:20:38,996
2024-11-15 12:20:37,996
2024-11-15 12:20:36,996
2024-11-15 12:20:35,996
2024-11-15 12:20:34,996
2024-11-15 12:20:33,996
2024-11-15 12:20:32,996
2024-11-15 12:20:31,996
2024-11-15 12:20:30,996
2024-11-15 12:20:29,996
2024-11-15 12:20:28,996
2024-11-15 12:20:27,996
2024-11-15 12:20:26,996
2024-11-15 12:20:25,996
2024-11-15 12:20:24,996
2024-11-15 12:20:23,996
2024-11-15 12:20:22,996
2024-11-15 12:20:21,996
2024-11-15 12:20:20,996
2024-11-15 12:20:19,996
2024-11-15 12:20:18,996
2024-11-15 12:20:17,996
2024-11-15 12:20:16,996
2024-11-15 12:20:15,996
2024-11-15 12:20:14,996
2024-11-15 12:20:13,996
2024-11-15 12:20:12,996
2024-11-15 12:20:11,996
2024-11-15 12:20:10,995
2024-11-15 12:20:09,995
2024-11-15 12:20:08,995
2024-11-15 12:20:07,995
2024-11-15 12:20:06,995
2024-11-15 12:20:05,995
2024-11-15 12:20:04,995
2024-11-15 12:20:03,995
2024-11-15 12:20:02,995
2024-11-15 12:20:01,995
2024-11-15 12:20:00,995
2024-11-15 12:19:59,995
2024-11-15 12:19:58,995
2024-11-15 12:19:57,995
2024-11-15 12:19:56,995
2024-11-15 12:19:55,995
2024-11-15 12:19:54,995
2024-11-15 12:19:53,995
2024-11-15 12:19:52,995
2024-11-15 12:19:51,995
2024-11-15 12:19:50,995
2024-11-15 12:19:49,995
2024-11-15 12:19:48,995
2024-11-15 12:19:47,995
2024-11-15 12:19:46,995
2024-11-15 12:19:45,995
2024-11-15 12:19:44,995
2024-11-15 12:19:43,995
2024-11-15 12:19:42,995
2024-11-15 12:19:41,995
2024-11-15 12:19:40,995
2024-11-15 12:19:39,995
2024-11-15 12:19:38,995
2024-11-15 12:19:37,995
2024-11-15 12:19:36,995
2024-11-15 12:19:35,995
2024-11-15 12:19:34,995
2024-11-15 12:19:33,995
2024-11-15 12:19:32,995
2024-11-15 12:19:31,995
2024-11-15 12:19:30,995
2024-11-15 12:19:29,995
2024-11-15 12:19:28,995
2024-11-15 12:19:27,995
2024-11-15 12:19:26,995
2024-11-15 12:19:25,995
2024-11-15 12:19:24,995
2024-11-15 12:19:23,995
2024-11-15 12:19:22,995
2024-11-15 12:19:21,995
2024-11-15 12:19:20,995
2024-11-15 12:19:19,995
2024-11-15 12:19:18,995
2024-11-15 12:19:17,995
2024-11-15 12:19:16,995
2024-11-15 12:19:15,995
2024-11-15 12:19:14,995
2024-11-15 12:19:13,995
2024-11-15 12:19:12,995
2024-11-15 12:19:11,995
2024-11-15 12:19:10,995
2024-11-15 12:19:09,995
2024-11-15 12:19:08,995
2024-11-15 12:19:07,995
2024-11-15 12:19:06,995
2024-11-15 12:19:05,995
2024-11-15 12:19:04,995
2024-11-15 12:19:03,995
2024-11-15 12:19:02,995
2024-11-15 12:19:01,995
2024-11-15 12:19:00,995
2024-11-15 12:18:59,995
2024-11-15 12:18:58,995
2024-11-15 12:18:57,995
2024-11-15 12:18:56,995
2024-11-15 12:18:55,995
2024-11-15 12:18:54,995
2024-11-15 12:18:53,995
2024-11-15 12:18:52,995
2024-11-15 12:18:51,995
2024-11-15 12:18:50,995
2024-11-15 12:18:49,995
2024-11-15 12:18:48,995
2024-11-15 12:18:47,995
2024-11-15 12:18:46,995
2024-11-15 12:18:45,995
2024-11-15 12:18:44,995
2024-11-15 12:18:43,995
2024-11-15 12:18:42,995
2024-11-15 12:18:41,995
2024-11-15 12:18:40,995
2024-11-15 12:18:39,995
2024-11-15 12:18:38,995
2024-11-15 12:18:37,995
2024-11-15 12:18:36,995
2024-11-15 12:18:35,995
2024-11-15 12:18:34,995
2024-11-15 12:18:33,995
2024-11-15 12:18:32,995
2024-11-15 12:18:31,995
2024-11-15 12:18:30,995
2024-11-15 12:18:29,995
2024-11-15 12:18:28,995
2024-11-15 12:18:27,995
2024-11-15 12:18:26,995
2024-11-15 12:18:25,995
2024-11-15 12:18:24,995
2024-11-15 12:18:23,995
2024-11-15 12:18:22,995
2024-11-15 12:18:21,995
2024-11-15 12:18:20,995
2024-11-15 12:18:19,995
2024-11-15 12:18:18,995
2024-11-15 12:18:17,995
2024-11-15 12:18:16,995
2024-11-15 12:18:15,995
2024-11-15 12:18:14,995
2024-11-15 12:18:13,995
2024-11-15 12:18:12,995
2024-11-15 12:18:11,995
2024-11-15 12:18:10,995
2024-11-15 12:18:09,995
2024-11-15 12:18:08,995
2024-11-15 12:18:07,995
2024-11-15 12:18:06,995
2024-11-15 12:18:05,995
2024-11-15 12:18:04,995
2024-11-15 12:18:03,995
2024-11-15 12:18:02,995
2024-11-15 12:18:01,995
2024-11-15 12:18:00,995
2024-11-15 12:17:59,995
2024-11-15 12:17:58,995
2024-11-15 12:17:57,995
2024-11-15 12:17:56,995
2024-11-15 12:17:55,995
2024-11-15 12:17:54,995
2024-11-15 12:17:53,995
2024-11-15 12:17:52,995
2024-11-15 12:17:51,995
2024-11-15 12:17:50,995
2024-11-15 12:17:49,995
2024-11-15 12:17:48,995
2024-11-15 12:17:47,995
2024-11-15 12:17:46,995
2024-11-15 12:17:45,995
2024-11-15 12:17:44,995
2024-11-15 12:17:43,995
2024-11-15 12:17:42,995
2024-11-15 12:17:41,995
2024-11-15 12:17:40,995
2024-11-15 12:17:39,995
2024-11-15 12:17:38,995
2024-11-15 12:17:37,995
2024-11-15 12:17:36,995
2024-11-15 12:17:35,995
2024-11-15 12:17:34,995
2024-11-15 12:17:33,995
2024-11-15 12:17:32,995
2024-11-15 12:17:31,995
2024-11-15 12:17:30,995
2024-11-15 12:17:29,995
2024-11-15 12:17:28,995
2024-11-15 12:17:27,995
2024-11-15 12:17:26,995
2024-11-15 12:17:25,995
2024-11-15 12:17:24,995
2024-11-15 12:17:23,995
2024-11-15 12:17:22,995
2024-11-15 12:17:21,995
2024-11-15 12:17:20,995
2024-11-15 12:17:19,995
2024-11-15 12:17:18,995
2024-11-15 12:17:17,995
2024-11-15 12:17:16,995
2024-11-15 12:17:15,995
2024-11-15 12:17:14,995
2024-11-15 12:17:13,995
2024-11-15 12:17:12,995
2024-11-15 12:17:11,995
2024-11-15 12:17:10,995
2024-11-15 12:17:09,995
2024-11-15 12:17:08,995
2024-11-15 12:17:07,995
2024-11-15 12:17:06,995
2024-11-15 12:17:05,995
2024-11-15 12:17:04,995
2024-11-15 12:17:03,995
2024-11-15 12:17:02,995
2024-11-15 12:17:01,995
2024-11-15 12:17:00,995
2024-11-15 12:16:59,995
2024-11-15 12:16:58,995
2024-11-15 12:16:57,995
2024-11-15 12:16:56,995
2024-11-15 12:16:55,995
2024-11-15 12:16:54,995
2024-11-15 12:16:53,995
2024-11-15 12:16:52,995
2024-11-15 12:16:51,995
2024-11-15 12:16:50,995
2024-11-15 12:16:49,995
2024-11-15 12:16:48,995
2024-11-15 12:16:47,995
2024-11-15 12:16:46,995
2024-11-15 12:16:45,995
2024-11-15 12:16:44,995
2024-11-15 12:16:43,995
2024-11-15 12:16:42,995
2024-11-15 12:16:41,995
2024-11-15 12:16:40,995
2024-11-15 12:16:39,995
2024-11-15 12:16:38,995
2024-11-15 12:16:37,995
2024-11-15 12:16:36,995
2024-11-15 12:16:35,995
2024-11-15 12:16:34,995
2024-11-15 12:16:33,995
2024-11-15 12:16:32,995
2024-11-15 12:16:31,995
2024-11-15 12:16:30,995
2024-11-15 12:16:29,995
2024-11-15 12:16:28,995
2024-11-15 12:16:27,995
2024-11-15 12:16:26,995
2024-11-15 12:16:25,995
2024-11-15 12:16:24,995
2024-11-15 12:16:23,995
2024-11-15 12:16:22,995
2024-11-15 12:16:21,995
2024-11-15 12:16:20,995
2024-11-15 12:16:19,995
2024-11-15 12:16:18,995
2024-11-15 12:16:17,995
2024-11-15 12:16:16,995
2024-11-15 12:16:15,995
2024-11-15 12:16:14,995
2024-11-15 12:16:13,995
2024-11-15 12:16:12,995
2024-11-15 12:16:11,995
2024-11-15 12:16:10,995
2024-11-15 12:16:09,995
2024-11-15 12:16:08,995
2024-11-15 12:16:07,995
2024-11-15 12:16:06,995
2024-11-15 12:16:05,995
2024-11-15 12:16:04,995
2024-11-15 12:16:03,995
2024-11-15 12:16:02,995
2024-11-15 12:16:01,995
2024-11-15 12:16:00,995
2024-11-15 12:15:59,995
2024-11-15 12:15:58,995
2024-11-15 12:15:57,995
2024-11-15 12:15:56,995
2024-11-15 12:15:55,995
2024-11-15 12:15:54,995
2024-11-15 12:15:53,995
2024-11-15 12:15:52,995
2024-11-15 12:15:51,995
2024-11-15 12:15:50,995
2024-11-15 12:15:49,995
2024-11-15 12:15:48,995
2024-11-15 12:15:47,995
2024-11-15 12:15:46,995
2024-11-15 12:15:45,995
2024-11-15 12:15:44,995
2024-11-15 12:15:43,995
2024-11-15 12:15:42,995
2024-11-15 12:15:41,995
2024-11-15 12:15:40,995
2024-11-15 12:15:39,995
2024-11-15 12:15:38,995
2024-11-15 12:15:37,995
2024-11-15 12:15:36,995
2024-11-15 12:15:35,995
2024-11-15 12:15:34,995
2024-11-15 12:15:33,995
2024-11-15 12:15:32,995
2024-11-15 12:15:31,995
2024-11-15 12:15:30,995
2024-11-15 12:15:29,995
2024-11-15 12:15:28,995
2024-11-15 12:15:27,995
2024-11-15 12:15:26,995
2024-11-15 12:15:25,995
2024-11-15 12:15:24,995
2024-11-15 12:15:23,995
2024-11-15 12:15:22,995
2024-11-15 12:15:21,995
2024-11-15 12:15:20,995
2024-11-15 12:15:19,995
2024-11-15 12:15:18,995
2024-11-15 12:15:17,995
2024-11-15 12:15:16,995
2024-11-15 12:15:15,995
2024-11-15 12:15:14,995
2024-11-15 12:15:13,995
2024-11-15 12:15:12,995
2024-11-15 12:15:11,995
2024-11-15 12:15:10,995
2024-11-15 12:15:09,995
2024-11-15 12:15:08,995
2024-11-15 12:15:07,995
2024-11-15 12:15:06,995
2024-11-15 12:15:05,995
2024-11-15 12:15:04,995
2024-11-15 12:15:03,995
2024-11-15 12:15:02,995
2024-11-15 12:15:01,995
2024-11-15 12:15:00,995
2024-11-15 12:14:59,995
2024-11-15 12:14:58,995
2024-11-15 12:14:57,995
2024-11-15 12:14:56,995
2024-11-15 12:14:55,995
2024-11-15 12:14:54,995
2024-11-15 12:14:53,995
2024-11-15 12:14:52,995
2024-11-15 12:14:51,995
2024-11-15 12:14:50,995
2024-11-15 12:14:49,995
2024-11-15 12:14:48,995
2024-11-15 12:14:47,995
2024-11-15 12:14:46,995
2024-11-15 12:14:45,995
2024-11-15 12:14:44,995
2024-11-15 12:14:43,995
2024-11-15 12:14:42,995
2024-11-15 12:14:41,995
2024-11-15 12:14:40,995
2024-11-15 12:14:39,995
2024-11-15 12:14:38,995
2024-11-15 12:14:37,995
2024-11-15 12:14:36,995
2024-11-15 12:14:35,995
2024-11-15 12:14:34,995
2024-11-15 12:14:33,995
2024-11-15 12:14:32,995
2024-11-15 12:14:31,995
2024-11-15 12:14:30,995
2024-11-15 12:14:29,995
2024-11-15 12:14:28,995
2024-11-15 12:14:27,995
2024-11-15 12:14:26,995
2024-11-15 12:14:25,995
2024-11-15 12:14:24,995
2024-11-15 12:14:23,995
2024-11-15 12:14:22,995
2024-11-15 12:14:21,995
2024-11-15 12:14:20,995
2024-11-15 12:14:19,995
2024-11-15 12:14:18,995
2024-11-15 12:14:17,995
2024-11-15 12:14:16,995
2024-11-15 12:14:15,995
2024-11-15 12:14:14,995
2024-11-15 12:14:13,995
2024-11-15 12:14:12,995
2024-11-15 12:14:11,995
2024-11-15 12:14:10,995
2024-11-15 12:14:09,995
2024-11-15 12:14:08,995
2024-11-15 12:14:07,995
2024-11-15 12:14:06,995
2024-11-15 12:14:05,995
2024-11-15 12:14:04,995
2024-11-15 12:14:03,995
2024-11-15 12:14:02,995
2024-11-15 12:14:01,995
2024-11-15 12:14:00,995
2024-11-15 12:13:59,995
2024-11-15 12:13:58,995
2024-11-15 12:13:57,995
2024-11-15 12:13:56,995
2024-11-15 12:13:55,996
2024-11-15 12:13:54,996
2024-11-15 12:13:53,996
2024-11-15 12:13:52,996
2024-11-15 12:13:51,996
2024-11-15 12:13:50,996
2024-11-15 12:13:49,996
2024-11-15 12:13:48,996
2024-11-15 12:13:47,996
2024-11-15 12:13:46,996
2024-11-15 12:13:45,996
2024-11-15 12:13:44,996
2024-11-15 12:13:43,996
2024-11-15 12:13:42,996
2024-11-15 12:13:41,996
2024-11-15 12:13:40,996
2024-11-15 12:13:39,995
2024-11-15 12:13:38,995
2024-11-15 12:13:37,995
2024-11-15 12:13:36,995
2024-11-15 12:13:35,995
2024-11-15 12:13:34,995
2024-11-15 12:13:33,995
2024-11-15 12:13:32,995
2024-11-15 12:13:31,995
2024-11-15 12:13:30,995
2024-11-15 12:13:29,995
2024-11-15 12:13:28,995
2024-11-15 12:13:27,995
2024-11-15 12:13:26,995
2024-11-15 12:13:25,995
2024-11-15 12:13:24,995
2024-11-15 12:13:23,995
2024-11-15 12:13:22,995
2024-11-15 12:13:21,995
2024-11-15 12:13:20,995
2024-11-15 12:13:19,995
2024-11-15 12:13:18,995
2024-11-15 12:13:17,996
2024-11-15 12:13:16,996
2024-11-15 12:13:15,996
2024-11-15 12:13:14,996
2024-11-15 12:13:13,996
2024-11-15 12:13:12,996
2024-11-15 12:13:11,996
2024-11-15 12:13:10,996
2024-11-15 12:13:09,996
2024-11-15 12:13:08,996
2024-11-15 12:13:07,996
2024-11-15 12:13:06,996
2024-11-15 12:13:05,996
2024-11-15 12:13:04,996
2024-11-15 12:13:03,996
2024-11-15 12:13:02,996
2024-11-15 12:13:01,996
2024-11-15 12:13:00,996
2024-11-15 12:12:59,996
2024-11-15 12:12:58,996
2024-11-15 12:12:57,996
2024-11-15 12:12:56,996
2024-11-15 12:12:55,996
2024-11-15 12:12:54,996
2024-11-15 12:12:53,996
2024-11-15 12:12:52,996
2024-11-15 12:12:51,996
2024-11-15 12:12:50,996
2024-11-15 12:12:49,996
2024-11-15 12:12:48,996
2024-11-15 12:12:47,996
2024-11-15 12:12:46,996
2024-11-15 12:12:45,996
2024-11-15 12:12:44,996
2024-11-15 12:12:43,996
2024-11-15 12:12:42,996
2024-11-15 12:12:41,996
2024-11-15 12:12:40,996
2024-11-15 12:12:39,996
2024-11-15 12:12:38,996
2024-11-15 12:12:37,996
2024-11-15 12:12:36,996
2024-11-15 12:12:35,996
2024-11-15 12:12:34,996
2024-11-15 12:12:33,996
2024-11-15 12:12:32,996
2024-11-15 12:12:31,996
2024-11-15 12:12:30,996
2024-11-15 12:12:29,996
2024-11-15 12:12:28,996
2024-11-15 12:12:27,996
2024-11-15 12:12:26,996
2024-11-15 12:12:25,996
2024-11-15 12:12:24,996
2024-11-15 12:12:23,996
2024-11-15 12:12:22,996
2024-11-15 12:12:21,996
2024-11-15 12:12:20,996
2024-11-15 12:12:19,996
2024-11-15 12:12:18,996
2024-11-15 12:12:17,996
2024-11-15 12:12:16,996
2024-11-15 12:12:15,996
2024-11-15 12:12:14,996
2024-11-15 12:12:13,996
2024-11-15 12:12:12,996
2024-11-15 12:12:11,996
2024-11-15 12:12:10,996
2024-11-15 12:12:09,996
2024-11-15 12:12:08,996
2024-11-15 12:12:07,996
2024-11-15 12:12:06,996
2024-11-15 12:12:05,996
2024-11-15 12:12:04,996
2024-11-15 12:12:03,996
2024-11-15 12:12:02,996
2024-11-15 12:12:01,996
2024-11-15 12:12:00,996
2024-11-15 12:11:59,996
2024-11-15 12:11:58,996
2024-11-15 12:11:57,996
2024-11-15 12:11:56,996
2024-11-15 12:11:55,996
2024-11-15 12:11:54,996
2024-11-15 12:11:53,996
2024-11-15 12:11:52,996
2024-11-15 12:11:51,996
2024-11-15 12:11:50,996
2024-11-15 12:11:49,996
2024-11-15 12:11:48,996
2024-11-15 12:11:47,996
2024-11-15 12:11:46,996
2024-11-15 12:11:45,996
2024-11-15 12:11:44,996
2024-11-15 12:11:43,996
2024-11-15 12:11:42,996
2024-11-15 12:11:41,996
2024-11-15 12:11:40,996
2024-11-15 12:11:39,996
2024-11-15 12:11:38,996
2024-11-15 12:11:37,996
2024-11-15 12:11:36,996
2024-11-15 12:11:35,996
2024-11-15 12:11:34,996
2024-11-15 12:11:33,996
2024-11-15 12:11:32,996
2024-11-15 12:11:31,996
2024-11-15 12:11:30,996
2024-11-15 12:11:29,996
2024-11-15 12:11:28,996
2024-11-15 12:11:27,996
2024-11-15 12:11:26,996
2024-11-15 12:11:25,996
2024-11-15 12:11:24,996
2024-11-15 12:11:23,996
2024-11-15 12:11:22,996
2024-11-15 12:11:21,996
2024-11-15 12:11:20,996
2024-11-15 12:11:19,996
2024-11-15 12:11:18,996
2024-11-15 12:11:17,996
2024-11-15 12:11:16,996
2024-11-15 12:11:15,996
2024-11-15 12:11:14,996
2024-11-15 12:11:13,996
2024-11-15 12:11:12,996
2024-11-15 12:11:11,996
2024-11-15 12:11:10,996
2024-11-15 12:11:09,996
2024-11-15 12:11:08,996
2024-11-15 12:11:07,996
2024-11-15 12:11:06,996
2024-11-15 12:11:05,996
2024-11-15 12:11:04,996
2024-11-15 12:11:03,996
2024-11-15 12:11:02,996
2024-11-15 12:11:01,996
2024-11-15 12:11:00,996
2024-11-15 12:10:59,996
2024-11-15 12:10:58,996
2024-11-15 12:10:57,996
2024-11-15 12:10:56,996
2024-11-15 12:10:55,996
2024-11-15 12:10:54,996
2024-11-15 12:10:53,996
2024-11-15 12:10:52,996
2024-11-15 12:10:51,996
2024-11-15 12:10:50,996
2024-11-15 12:10:49,996
2024-11-15 12:10:48,996
2024-11-15 12:10:47,996
2024-11-15 12:10:46,996
2024-11-15 12:10:45,996
2024-11-15 12:10:44,996
2024-11-15 12:10:43,996
2024-11-15 12:10:42,996
2024-11-15 12:10:41,996
2024-11-15 12:10:40,996
2024-11-15 12:10:39,996
2024-11-15 12:10:38,996
2024-11-15 12:10:37,996
2024-11-15 12:10:36,996
2024-11-15 12:10:35,996
2024-11-15 12:10:34,996
2024-11-15 12:10:33,996
2024-11-15 12:10:32,996
2024-11-15 12:10:31,996
2024-11-15 12:10:30,996
2024-11-15 12:10:29,996
2024-11-15 12:10:28,996
2024-11-15 12:10:27,996
2024-11-15 12:10:26,996
2024-11-15 12:10:25,996
2024-11-15 12:10:24,996
2024-11-15 12:10:23,996
2024-11-15 12:10:22,996
2024-11-15 12:10:21,996
2024-11-15 12:10:20,996
2024-11-15 12:10:19,996
2024-11-15 12:10:18,996
2024-11-15 12:10:17,996
2024-11-15 12:10:16,996
2024-11-15 12:10:15,996
2024-11-15 12:10:14,996
2024-11-15 12:10:13,996
2024-11-15 12:10:12,996
2024-11-15 12:10:11,996
2024-11-15 12:10:10,996
2024-11-15 12:10:09,996
2024-11-15 12:10:08,996
2024-11-15 12:10:07,996
2024-11-15 12:10:06,996
2024-11-15 12:10:05,996
2024-11-15 12:10:04,996
2024-11-15 12:10:03,996
2024-11-15 12:10:02,996
2024-11-15 12:10:01,996
2024-11-15 12:10:00,996
2024-11-15 12:09:59,996
2024-11-15 12:09:58,996
2024-11-15 12:09:57,996
2024-11-15 12:09:56,996
2024-11-15 12:09:55,996
2024-11-15 12:09:54,996
2024-11-15 12:09:53,996
2024-11-15 12:09:52,996
2024-11-15 12:09:51,996
2024-11-15 12:09:50,996
2024-11-15 12:09:49,996
2024-11-15 12:09:48,996
2024-11-15 12:09:47,996
2024-11-15 12:09:46,996
2024-11-15 12:09:45,996
2024-11-15 12:09:44,996
2024-11-15 12:09:43,996
2024-11-15 12:09:42,996
2024-11-15 12:09:41,996
2024-11-15 12:09:40,996
2024-11-15 12:09:39,996
2024-11-15 12:09:38,996
2024-11-15 12:09:37,996
2024-11-15 12:09:36,996
2024-11-15 12:09:35,996
2024-11-15 12:09:34,996
2024-11-15 12:09:33,996
2024-11-15 12:09:32,996
2024-11-15 12:09:31,996
2024-11-15 12:09:30,996
2024-11-15 12:09:29,996
2024-11-15 12:09:28,996
2024-11-15 12:09:27,996
2024-11-15 12:09:26,996
2024-11-15 12:09:25,996
2024-11-15 12:09:24,996
2024-11-15 12:09:23,996
2024-11-15 12:09:22,996
2024-11-15 12:09:21,996
2024-11-15 12:09:20,996
2024-11-15 12:09:19,996
2024-11-15 12:09:18,996
2024-11-15 12:09:17,996
2024-11-15 12:09:16,996
2024-11-15 12:09:15,996
2024-11-15 12:09:14,996
2024-11-15 12:09:13,996
2024-11-15 12:09:12,996
2024-11-15 12:09:11,995
2024-11-15 12:09:10,996
2024-11-15 12:09:09,996
2024-11-15 12:09:08,996
2024-11-15 12:09:07,996
2024-11-15 12:09:06,996
2024-11-15 12:09:05,996
2024-11-15 12:09:04,996
2024-11-15 12:09:03,996
2024-11-15 12:09:02,996
2024-11-15 12:09:01,996
2024-11-15 12:09:00,996
2024-11-15 12:08:59,996
2024-11-15 12:08:58,996
2024-11-15 12:08:57,996
2024-11-15 12:08:56,996
2024-11-15 12:08:55,996
2024-11-15 12:08:54,996
2024-11-15 12:08:53,996
2024-11-15 12:08:52,996
2024-11-15 12:08:51,996
2024-11-15 12:08:50,996
2024-11-15 12:08:49,996
2024-11-15 12:08:48,996
2024-11-15 12:08:47,996
2024-11-15 12:08:46,996
2024-11-15 12:08:45,996
2024-11-15 12:08:44,996
2024-11-15 12:08:43,996
2024-11-15 12:08:42,996
2024-11-15 12:08:41,996
2024-11-15 12:08:40,996
2024-11-15 12:08:39,996
2024-11-15 12:08:38,996
2024-11-15 12:08:37,996
2024-11-15 12:08:36,996
2024-11-15 12:08:35,996
2024-11-15 12:08:34,996
2024-11-15 12:08:33,996
2024-11-15 12:08:32,996
2024-11-15 12:08:31,996
2024-11-15 12:08:30,996
2024-11-15 12:08:29,996
2024-11-15 12:08:28,996
2024-11-15 12:08:27,996
2024-11-15 12:08:26,996
2024-11-15 12:08:25,996
2024-11-15 12:08:24,996
2024-11-15 12:08:23,996
2024-11-15 12:08:22,996
2024-11-15 12:08:21,996
2024-11-15 12:08:20,996
2024-11-15 12:08:19,996
2024-11-15 12:08:18,996
2024-11-15 12:08:17,996
2024-11-15 12:08:16,996
2024-11-15 12:08:15,996
2024-11-15 12:08:14,996
2024-11-15 12:08:13,996
2024-11-15 12:08:12,996
2024-11-15 12:08:11,996
2024-11-15 12:08:10,996
2024-11-15 12:08:09,996
2024-11-15 12:08:08,996
2024-11-15 12:08:07,996
2024-11-15 12:08:06,996
2024-11-15 12:08:05,996
2024-11-15 12:08:04,995
2024-11-15 12:08:03,995
2024-11-15 12:08:02,995
2024-11-15 12:08:01,995
2024-11-15 12:08:00,995
2024-11-15 12:07:59,995
2024-11-15 12:07:58,995
2024-11-15 12:07:57,995
2024-11-15 12:07:56,995
2024-11-15 12:07:55,995
2024-11-15 12:07:54,995
2024-11-15 12:07:53,995
2024-11-15 12:07:52,995
2024-11-15 12:07:51,995
2024-11-15 12:07:50,995
2024-11-15 12:07:49,995
2024-11-15 12:07:48,995
2024-11-15 12:07:47,995
2024-11-15 12:07:46,995
2024-11-15 12:07:45,995
2024-11-15 12:07:44,995
2024-11-15 12:07:43,995
2024-11-15 12:07:42,995
2024-11-15 12:07:41,995
2024-11-15 12:07:40,995
2024-11-15 12:07:39,995
2024-11-15 12:07:38,995
2024-11-15 12:07:37,995
2024-11-15 12:07:36,995
2024-11-15 12:07:35,995
2024-11-15 12:07:34,995
2024-11-15 12:07:33,995
2024-11-15 12:07:32,995
2024-11-15 12:07:31,995
2024-11-15 12:07:30,995
2024-11-15 12:07:29,995
2024-11-15 12:07:28,995
2024-11-15 12:07:27,995
2024-11-15 12:07:26,995
2024-11-15 12:07:25,995
2024-11-15 12:07:24,995
2024-11-15 12:07:23,995
2024-11-15 12:07:22,995
2024-11-15 12:07:21,995
2024-11-15 12:07:20,995
2024-11-15 12:07:19,995
2024-11-15 12:07:18,995
2024-11-15 12:07:17,995
2024-11-15 12:07:16,995
2024-11-15 12:07:15,995
2024-11-15 12:07:14,995
2024-11-15 12:07:13,995
2024-11-15 12:07:12,995
2024-11-15 12:07:11,995
2024-11-15 12:07:10,995
2024-11-15 12:07:09,995
2024-11-15 12:07:08,995
2024-11-15 12:07:07,995
2024-11-15 12:07:06,995
2024-11-15 12:07:05,995
2024-11-15 12:07:04,995
2024-11-15 12:07:03,995
2024-11-15 12:07:02,995
2024-11-15 12:07:01,995
2024-11-15 12:07:00,995
2024-11-15 12:06:59,995
2024-11-15 12:06:58,995
2024-11-15 12:06:57,995
2024-11-15 12:06:56,995
2024-11-15 12:06:55,995
2024-11-15 12:06:54,995
2024-11-15 12:06:53,995
2024-11-15 12:06:52,995
2024-11-15 12:06:51,995
2024-11-15 12:06:50,995
2024-11-15 12:06:49,995
2024-11-15 12:06:48,995
2024-11-15 12:06:47,995
2024-11-15 12:06:46,995
2024-11-15 12:06:45,995
2024-11-15 12:06:44,995
2024-11-15 12:06:43,995
2024-11-15 12:06:42,995
2024-11-15 12:06:41,995
2024-11-15 12:06:40,995
2024-11-15 12:06:39,995
2024-11-15 12:06:38,995
2024-11-15 12:06:37,995
2024-11-15 12:06:36,995
2024-11-15 12:06:35,995
2024-11-15 12:06:34,995
2024-11-15 12:06:33,995
2024-11-15 12:06:32,995
2024-11-15 12:06:31,995
2024-11-15 12:06:30,995
2024-11-15 12:06:29,995
2024-11-15 12:06:28,995
2024-11-15 12:06:27,995
2024-11-15 12:06:26,995
2024-11-15 12:06:25,995
2024-11-15 12:06:24,995
2024-11-15 12:06:23,995
2024-11-15 12:06:22,995
2024-11-15 12:06:21,995
2024-11-15 12:06:20,995
2024-11-15 12:06:19,995
2024-11-15 12:06:18,995
2024-11-15 12:06:17,995
2024-11-15 12:06:16,995
2024-11-15 12:06:15,995
2024-11-15 12:06:14,995
2024-11-15 12:06:13,995
2024-11-15 12:06:12,995
2024-11-15 12:06:11,995
2024-11-15 12:06:10,995
2024-11-15 12:06:09,995
2024-11-15 12:06:08,995
2024-11-15 12:06:07,995
2024-11-15 12:06:06,995
2024-11-15 12:06:05,995
2024-11-15 12:06:04,995
2024-11-15 12:06:03,995
2024-11-15 12:06:02,995
2024-11-15 12:06:01,995
2024-11-15 12:06:00,995
2024-11-15 12:05:59,995
2024-11-15 12:05:58,995
2024-11-15 12:05:57,995
2024-11-15 12:05:56,995
2024-11-15 12:05:55,995
2024-11-15 12:05:54,995
2024-11-15 12:05:53,995
2024-11-15 12:05:52,995
2024-11-15 12:05:51,995
2024-11-15 12:05:50,995
2024-11-15 12:05:49,995
2024-11-15 12:05:48,995
2024-11-15 12:05:47,995
2024-11-15 12:05:46,995
2024-11-15 12:05:45,995
2024-11-15 12:05:44,995
2024-11-15 12:05:43,995
2024-11-15 12:05:42,995
2024-11-15 12:05:41,995
2024-11-15 12:05:40,995
2024-11-15 12:05:39,995
2024-11-15 12:05:38,995
2024-11-15 12:05:37,995
2024-11-15 12:05:36,995
2024-11-15 12:05:35,995
2024-11-15 12:05:34,995
2024-11-15 12:05:33,995
2024-11-15 12:05:32,995
2024-11-15 12:05:31,995
2024-11-15 12:05:30,995
2024-11-15 12:05:29,995
2024-11-15 12:05:28,995
2024-11-15 12:05:27,995
2024-11-15 12:05:26,995
2024-11-15 12:05:25,995
2024-11-15 12:05:24,995
2024-11-15 12:05:23,995
2024-11-15 12:05:22,995
2024-11-15 12:05:21,995
2024-11-15 12:05:20,995
2024-11-15 12:05:19,995
2024-11-15 12:05:18,995
2024-11-15 12:05:17,995
2024-11-15 12:05:16,995
2024-11-15 12:05:15,995
2024-11-15 12:05:14,995
2024-11-15 12:05:13,995
2024-11-15 12:05:12,995
2024-11-15 12:05:11,995
2024-11-15 12:05:10,995
2024-11-15 12:05:09,995
2024-11-15 12:05:08,995
2024-11-15 12:05:07,995
2024-11-15 12:05:06,995
2024-11-15 12:05:05,995
2024-11-15 12:05:04,995
2024-11-15 12:05:03,995
2024-11-15 12:05:02,995
2024-11-15 12:05:01,995
2024-11-15 12:05:00,995
2024-11-15 12:04:59,995
2024-11-15 12:04:58,995
2024-11-15 12:04:57,995
2024-11-15 12:04:56,995
2024-11-15 12:04:55,995
2024-11-15 12:04:54,995
2024-11-15 12:04:53,995
2024-11-15 12:04:52,995
2024-11-15 12:04:51,995
2024-11-15 12:04:50,995
2024-11-15 12:04:49,995
2024-11-15 12:04:48,995
2024-11-15 12:04:47,995
2024-11-15 12:04:46,995
2024-11-15 12:04:45,995
2024-11-15 12:04:44,995
2024-11-15 12:04:43,995
2024-11-15 12:04:42,995
2024-11-15 12:04:41,995
2024-11-15 12:04:40,995
2024-11-15 12:04:39,995
2024-11-15 12:04:38,995
2024-11-15 12:04:37,995
2024-11-15 12:04:36,995
2024-11-15 12:04:35,995
2024-11-15 12:04:34,995
2024-11-15 12:04:33,995
2024-11-15 12:04:32,995
2024-11-15 12:04:31,995
2024-11-15 12:04:30,995
2024-11-15 12:04:29,995
2024-11-15 12:04:28,995
2024-11-15 12:04:27,995
2024-11-15 12:04:26,995
2024-11-15 12:04:25,995
2024-11-15 12:04:24,995
2024-11-15 12:04:23,995
2024-11-15 12:04:22,995
2024-11-15 12:04:21,995
2024-11-15 12:04:20,995
2024-11-15 12:04:19,995
2024-11-15 12:04:18,995
2024-11-15 12:04:17,995
2024-11-15 12:04:16,995
2024-11-15 12:04:15,995
2024-11-15 12:04:14,995
2024-11-15 12:04:13,995
2024-11-15 12:04:12,995
2024-11-15 12:04:11,995
2024-11-15 12:04:10,995
2024-11-15 12:04:09,995
2024-11-15 12:04:08,995
2024-11-15 12:04:07,995
2024-11-15 12:04:06,995
2024-11-15 12:04:05,995
2024-11-15 12:04:04,995
2024-11-15 12:04:03,995
2024-11-15 12:04:02,995
2024-11-15 12:04:01,995
2024-11-15 12:04:00,995
2024-11-15 12:03:59,995
2024-11-15 12:03:58,995
2024-11-15 12:03:57,995
2024-11-15 12:03:56,995
2024-11-15 12:03:55,996
2024-11-15 12:03:54,996
2024-11-15 12:03:53,996
2024-11-15 12:03:52,996
2024-11-15 12:03:51,996
2024-11-15 12:03:50,996
2024-11-15 12:03:49,996
2024-11-15 12:03:48,996
2024-11-15 12:03:47,996
2024-11-15 12:03:46,996
2024-11-15 12:03:45,996
2024-11-15 12:03:44,996
2024-11-15 12:03:43,996
2024-11-15 12:03:42,996
2024-11-15 12:03:41,996
2024-11-15 12:03:40,996
2024-11-15 12:03:39,995
2024-11-15 12:03:38,995
2024-11-15 12:03:37,995
2024-11-15 12:03:36,995
2024-11-15 12:03:35,995
2024-11-15 12:03:34,995
2024-11-15 12:03:33,995
2024-11-15 12:03:32,995
2024-11-15 12:03:31,995
2024-11-15 12:03:30,995
2024-11-15 12:03:29,995
2024-11-15 12:03:28,995
2024-11-15 12:03:27,995
2024-11-15 12:03:26,995
2024-11-15 12:03:25,995
2024-11-15 12:03:24,995
2024-11-15 12:03:23,995
2024-11-15 12:03:22,995
2024-11-15 12:03:21,995
2024-11-15 12:03:20,995
2024-11-15 12:03:19,995
2024-11-15 12:03:18,995
2024-11-15 12:03:17,995
2024-11-15 12:03:16,995
2024-11-15 12:03:15,995
2024-11-15 12:03:14,995
2024-11-15 12:03:13,995
2024-11-15 12:03:12,995
2024-11-15 12:03:11,995
2024-11-15 12:03:10,995
2024-11-15 12:03:09,995
2024-11-15 12:03:08,995
2024-11-15 12:03:07,995
2024-11-15 12:03:06,995
2024-11-15 12:03:05,995
2024-11-15 12:03:04,995
2024-11-15 12:03:03,995
2024-11-15 12:03:02,995
2024-11-15 12:03:01,995
2024-11-15 12:03:00,995
2024-11-15 12:02:59,995
2024-11-15 12:02:58,995
2024-11-15 12:02:57,995
2024-11-15 12:02:56,995
2024-11-15 12:02:55,995
2024-11-15 12:02:54,995
2024-11-15 12:02:53,995
2024-11-15 12:02:52,995
2024-11-15 12:02:51,995
2024-11-15 12:02:50,995
2024-11-15 12:02:49,995
2024-11-15 12:02:48,995
2024-11-15 12:02:47,995
2024-11-15 12:02:46,995
2024-11-15 12:02:45,995
2024-11-15 12:02:44,995
2024-11-15 12:02:43,995
2024-11-15 12:02:42,995
2024-11-15 12:02:41,995
2024-11-15 12:02:40,995
2024-11-15 12:02:39,995
2024-11-15 12:02:38,995
2024-11-15 12:02:37,995
2024-11-15 12:02:36,995
2024-11-15 12:02:35,995
2024-11-15 12:02:34,995
2024-11-15 12:02:33,995
2024-11-15 12:02:32,995
2024-11-15 12:02:31,995
2024-11-15 12:02:30,995
2024-11-15 12:02:29,995
2024-11-15 12:02:28,995
2024-11-15 12:02:27,995
2024-11-15 12:02:26,995
2024-11-15 12:02:25,995
2024-11-15 12:02:24,995
2024-11-15 12:02:23,995
2024-11-15 12:02:22,995
2024-11-15 12:02:21,995
2024-11-15 12:02:20,995
2024-11-15 12:02:19,995
2024-11-15 12:02:18,995
2024-11-15 12:02:17,995
2024-11-15 12:02:16,995
2024-11-15 12:02:15,995
2024-11-15 12:02:14,995
2024-11-15 12:02:13,995
2024-11-15 12:02:12,995
2024-11-15 12:02:11,995
2024-11-15 12:02:10,995
2024-11-15 12:02:09,995
2024-11-15 12:02:08,995
2024-11-15 12:02:07,995
2024-11-15 12:02:06,995
2024-11-15 12:02:05,995
2024-11-15 12:02:04,995
2024-11-15 12:02:03,995
2024-11-15 12:02:02,995
2024-11-15 12:02:01,995
2024-11-15 12:02:00,995
2024-11-15 12:01:59,995
2024-11-15 12:01:58,995
2024-11-15 12:01:57,995
2024-11-15 12:01:56,995
2024-11-15 12:01:55,995
2024-11-15 12:01:54,995
2024-11-15 12:01:53,995
2024-11-15 12:01:52,995
2024-11-15 12:01:51,995
2024-11-15 12:01:50,995
2024-11-15 12:01:49,995
2024-11-15 12:01:48,995
2024-11-15 12:01:47,995
2024-11-15 12:01:46,995
2024-11-15 12:01:45,995
2024-11-15 12:01:44,995
2024-11-15 12:01:43,995
2024-11-15 12:01:42,995
2024-11-15 12:01:41,995
2024-11-15 12:01:40,995
2024-11-15 12:01:39,995
2024-11-15 12:01:38,995
2024-11-15 12:01:37,995
2024-11-15 12:01:36,995
2024-11-15 12:01:35,995
2024-11-15 12:01:34,995
2024-11-15 12:01:33,995
2024-11-15 12:01:32,996
2024-11-15 12:01:31,996
2024-11-15 12:01:30,996
2024-11-15 12:01:29,996
2024-11-15 12:01:28,996
2024-11-15 12:01:27,996
2024-11-15 12:01:26,996
2024-11-15 12:01:25,996
2024-11-15 12:01:24,996
2024-11-15 12:01:23,996
2024-11-15 12:01:22,996
2024-11-15 12:01:21,996
2024-11-15 12:01:20,996
2024-11-15 12:01:19,996
2024-11-15 12:01:18,996
2024-11-15 12:01:17,996
2024-11-15 12:01:16,996
2024-11-15 12:01:15,996
2024-11-15 12:01:14,996
2024-11-15 12:01:13,996
2024-11-15 12:01:12,996
2024-11-15 12:01:11,996
2024-11-15 12:01:10,996
2024-11-15 12:01:09,996
2024-11-15 12:01:08,996
2024-11-15 12:01:07,996
2024-11-15 12:01:06,996
2024-11-15 12:01:05,996
2024-11-15 12:01:04,996
2024-11-15 12:01:03,996
2024-11-15 12:01:02,996
