time,mtu
2024-11-15 13:01:22,9000
2024-11-15 13:01:21,9000
2024-11-15 13:01:20,9000
2024-11-15 13:01:19,9000
2024-11-15 13:01:18,9000
2024-11-15 13:01:17,9000
2024-11-15 13:01:16,9000
2024-11-15 13:01:15,9000
2024-11-15 13:01:14,9000
2024-11-15 13:01:13,9000
2024-11-15 13:01:12,9000
2024-11-15 13:01:11,9000
2024-11-15 13:01:10,9000
2024-11-15 13:01:09,9000
2024-11-15 13:01:08,9000
2024-11-15 13:01:07,9000
2024-11-15 13:01:06,9000
2024-11-15 13:01:05,9000
2024-11-15 13:01:04,9000
2024-11-15 13:01:03,9000
2024-11-15 13:01:02,9000
2024-11-15 13:01:01,9000
2024-11-15 13:01:00,9000
2024-11-15 13:00:59,9000
2024-11-15 13:00:58,9000
2024-11-15 13:00:57,9000
2024-11-15 13:00:56,9000
2024-11-15 13:00:55,9000
2024-11-15 13:00:54,9000
2024-11-15 13:00:53,9000
2024-11-15 13:00:52,9000
2024-11-15 13:00:51,9000
2024-11-15 13:00:50,9000
2024-11-15 13:00:49,9000
2024-11-15 13:00:48,9000
2024-11-15 13:00:47,9000
2024-11-15 13:00:46,9000
2024-11-15 13:00:45,9000
2024-11-15 13:00:44,9000
2024-11-15 13:00:43,9000
2024-11-15 13:00:42,9000
2024-11-15 13:00:41,9000
2024-11-15 13:00:40,9000
2024-11-15 13:00:39,9000
2024-11-15 13:00:38,9000
2024-11-15 13:00:37,9000
2024-11-15 13:00:36,9000
2024-11-15 13:00:35,9000
2024-11-15 13:00:34,9000
2024-11-15 13:00:33,9000
2024-11-15 13:00:32,9000
2024-11-15 13:00:31,9000
2024-11-15 13:00:30,9000
2024-11-15 13:00:29,9000
2024-11-15 13:00:28,9000
2024-11-15 13:00:27,9000
2024-11-15 13:00:26,9000
2024-11-15 13:00:25,9000
2024-11-15 13:00:24,9000
2024-11-15 13:00:23,9000
2024-11-15 13:00:22,9000
2024-11-15 13:00:21,9000
2024-11-15 13:00:20,9000
2024-11-15 13:00:19,9000
2024-11-15 13:00:18,9000
2024-11-15 13:00:17,9000
2024-11-15 13:00:16,9000
2024-11-15 13:00:15,9000
2024-11-15 13:00:14,9000
2024-11-15 13:00:13,9000
2024-11-15 13:00:12,9000
2024-11-15 13:00:11,9000
2024-11-15 13:00:10,9000
2024-11-15 13:00:09,9000
2024-11-15 13:00:08,9000
2024-11-15 13:00:07,9000
2024-11-15 13:00:06,9000
2024-11-15 13:00:05,9000
2024-11-15 13:00:04,9000
2024-11-15 13:00:03,9000
2024-11-15 13:00:02,9000
2024-11-15 13:00:01,9000
2024-11-15 13:00:00,9000
2024-11-15 12:59:59,9000
2024-11-15 12:59:58,9000
2024-11-15 12:59:57,9000
2024-11-15 12:59:56,9000
2024-11-15 12:59:55,9000
2024-11-15 12:59:54,9000
2024-11-15 12:59:53,9000
2024-11-15 12:59:52,9000
2024-11-15 12:59:51,9000
2024-11-15 12:59:50,9000
2024-11-15 12:59:49,9000
2024-11-15 12:59:48,9000
2024-11-15 12:59:47,9000
2024-11-15 12:59:46,9000
2024-11-15 12:59:45,9000
2024-11-15 12:59:44,9000
2024-11-15 12:59:43,9000
2024-11-15 12:59:42,9000
2024-11-15 12:59:41,9000
2024-11-15 12:59:40,9000
2024-11-15 12:59:39,9000
2024-11-15 12:59:38,9000
2024-11-15 12:59:37,9000
2024-11-15 12:59:36,9000
2024-11-15 12:59:35,9000
2024-11-15 12:59:34,9000
2024-11-15 12:59:33,9000
2024-11-15 12:59:32,9000
2024-11-15 12:59:31,9000
2024-11-15 12:59:30,9000
2024-11-15 12:59:29,9000
2024-11-15 12:59:28,9000
2024-11-15 12:59:27,9000
2024-11-15 12:59:26,9000
2024-11-15 12:59:25,9000
2024-11-15 12:59:24,9000
2024-11-15 12:59:23,9000
2024-11-15 12:59:22,9000
2024-11-15 12:59:21,9000
2024-11-15 12:59:20,9000
2024-11-15 12:59:19,9000
2024-11-15 12:59:18,9000
2024-11-15 12:59:17,9000
2024-11-15 12:59:16,9000
2024-11-15 12:59:15,9000
2024-11-15 12:59:14,9000
2024-11-15 12:59:13,9000
2024-11-15 12:59:12,9000
2024-11-15 12:59:11,9000
2024-11-15 12:59:10,9000
2024-11-15 12:59:09,9000
2024-11-15 12:59:08,9000
2024-11-15 12:59:07,9000
2024-11-15 12:59:06,9000
2024-11-15 12:59:05,9000
2024-11-15 12:59:04,9000
2024-11-15 12:59:03,9000
2024-11-15 12:59:02,9000
2024-11-15 12:59:01,9000
2024-11-15 12:59:00,9000
2024-11-15 12:58:59,9000
2024-11-15 12:58:58,9000
2024-11-15 12:58:57,9000
2024-11-15 12:58:56,9000
2024-11-15 12:58:55,9000
2024-11-15 12:58:54,9000
2024-11-15 12:58:53,9000
2024-11-15 12:58:52,9000
2024-11-15 12:58:51,9000
2024-11-15 12:58:50,9000
2024-11-15 12:58:49,9000
2024-11-15 12:58:48,9000
2024-11-15 12:58:47,9000
2024-11-15 12:58:46,9000
2024-11-15 12:58:45,9000
2024-11-15 12:58:44,9000
2024-11-15 12:58:43,9000
2024-11-15 12:58:42,9000
2024-11-15 12:58:41,9000
2024-11-15 12:58:40,9000
2024-11-15 12:58:39,9000
2024-11-15 12:58:38,9000
2024-11-15 12:58:37,9000
2024-11-15 12:58:36,9000
2024-11-15 12:58:35,9000
2024-11-15 12:58:34,9000
2024-11-15 12:58:33,9000
2024-11-15 12:58:32,9000
2024-11-15 12:58:31,9000
2024-11-15 12:58:30,9000
2024-11-15 12:58:29,9000
2024-11-15 12:58:28,9000
2024-11-15 12:58:27,9000
2024-11-15 12:58:26,9000
2024-11-15 12:58:25,9000
2024-11-15 12:58:24,9000
2024-11-15 12:58:23,9000
2024-11-15 12:58:22,9000
2024-11-15 12:58:21,9000
2024-11-15 12:58:20,9000
2024-11-15 12:58:19,9000
2024-11-15 12:58:18,9000
2024-11-15 12:58:17,9000
2024-11-15 12:58:16,9000
2024-11-15 12:58:15,9000
2024-11-15 12:58:14,9000
2024-11-15 12:58:13,9000
2024-11-15 12:58:12,9000
2024-11-15 12:58:11,9000
2024-11-15 12:58:10,9000
2024-11-15 12:58:09,9000
2024-11-15 12:58:08,9000
2024-11-15 12:58:07,9000
2024-11-15 12:58:06,9000
2024-11-15 12:58:05,9000
2024-11-15 12:58:04,9000
2024-11-15 12:58:03,9000
2024-11-15 12:58:02,9000
2024-11-15 12:58:01,9000
2024-11-15 12:58:00,9000
2024-11-15 12:57:59,9000
2024-11-15 12:57:58,9000
2024-11-15 12:57:57,9000
2024-11-15 12:57:56,9000
2024-11-15 12:57:55,9000
2024-11-15 12:57:54,9000
2024-11-15 12:57:53,9000
2024-11-15 12:57:52,9000
2024-11-15 12:57:51,9000
2024-11-15 12:57:50,9000
2024-11-15 12:57:49,9000
2024-11-15 12:57:48,9000
2024-11-15 12:57:47,9000
2024-11-15 12:57:46,9000
2024-11-15 12:57:45,9000
2024-11-15 12:57:44,9000
2024-11-15 12:57:43,9000
2024-11-15 12:57:42,9000
2024-11-15 12:57:41,9000
2024-11-15 12:57:40,9000
2024-11-15 12:57:39,9000
2024-11-15 12:57:38,9000
2024-11-15 12:57:37,9000
2024-11-15 12:57:36,9000
2024-11-15 12:57:35,9000
2024-11-15 12:57:34,9000
2024-11-15 12:57:33,9000
2024-11-15 12:57:32,9000
2024-11-15 12:57:31,9000
2024-11-15 12:57:30,9000
2024-11-15 12:57:29,9000
2024-11-15 12:57:28,9000
2024-11-15 12:57:27,9000
2024-11-15 12:57:26,9000
2024-11-15 12:57:25,9000
2024-11-15 12:57:24,9000
2024-11-15 12:57:23,9000
2024-11-15 12:57:22,9000
2024-11-15 12:57:21,9000
2024-11-15 12:57:20,9000
2024-11-15 12:57:19,9000
2024-11-15 12:57:18,9000
2024-11-15 12:57:17,9000
2024-11-15 12:57:16,9000
2024-11-15 12:57:15,9000
2024-11-15 12:57:14,9000
2024-11-15 12:57:13,9000
2024-11-15 12:57:12,9000
2024-11-15 12:57:11,9000
2024-11-15 12:57:10,9000
2024-11-15 12:57:09,9000
2024-11-15 12:57:08,9000
2024-11-15 12:57:07,9000
2024-11-15 12:57:06,9000
2024-11-15 12:57:05,9000
2024-11-15 12:57:04,9000
2024-11-15 12:57:03,9000
2024-11-15 12:57:02,9000
2024-11-15 12:57:01,9000
2024-11-15 12:57:00,9000
2024-11-15 12:56:59,9000
2024-11-15 12:56:58,9000
2024-11-15 12:56:57,9000
2024-11-15 12:56:56,9000
2024-11-15 12:56:55,9000
2024-11-15 12:56:54,9000
2024-11-15 12:56:53,9000
2024-11-15 12:56:52,9000
2024-11-15 12:56:51,9000
2024-11-15 12:56:50,9000
2024-11-15 12:56:49,9000
2024-11-15 12:56:48,9000
2024-11-15 12:56:47,9000
2024-11-15 12:56:46,9000
2024-11-15 12:56:45,9000
2024-11-15 12:56:44,9000
2024-11-15 12:56:43,9000
2024-11-15 12:56:42,9000
2024-11-15 12:56:41,9000
2024-11-15 12:56:40,9000
2024-11-15 12:56:39,9000
2024-11-15 12:56:38,9000
2024-11-15 12:56:37,9000
2024-11-15 12:56:36,9000
2024-11-15 12:56:35,9000
2024-11-15 12:56:34,9000
2024-11-15 12:56:33,9000
2024-11-15 12:56:32,9000
2024-11-15 12:56:31,9000
2024-11-15 12:56:30,9000
2024-11-15 12:56:29,9000
2024-11-15 12:56:28,9000
2024-11-15 12:56:27,9000
2024-11-15 12:56:26,9000
2024-11-15 12:56:25,9000
2024-11-15 12:56:24,9000
2024-11-15 12:56:23,9000
2024-11-15 12:56:22,9000
2024-11-15 12:56:21,9000
2024-11-15 12:56:20,9000
2024-11-15 12:56:19,9000
2024-11-15 12:56:18,9000
2024-11-15 12:56:17,9000
2024-11-15 12:56:16,9000
2024-11-15 12:56:15,9000
2024-11-15 12:56:14,9000
2024-11-15 12:56:13,9000
2024-11-15 12:56:12,9000
2024-11-15 12:56:11,9000
2024-11-15 12:56:10,9000
2024-11-15 12:56:09,9000
2024-11-15 12:56:08,9000
2024-11-15 12:56:07,9000
2024-11-15 12:56:06,9000
2024-11-15 12:56:05,9000
2024-11-15 12:56:04,9000
2024-11-15 12:56:03,9000
2024-11-15 12:56:02,9000
2024-11-15 12:56:01,9000
2024-11-15 12:56:00,9000
2024-11-15 12:55:59,9000
2024-11-15 12:55:58,9000
2024-11-15 12:55:57,9000
2024-11-15 12:55:56,9000
2024-11-15 12:55:55,9000
2024-11-15 12:55:54,9000
2024-11-15 12:55:53,9000
2024-11-15 12:55:52,9000
2024-11-15 12:55:51,9000
2024-11-15 12:55:50,9000
2024-11-15 12:55:49,9000
2024-11-15 12:55:48,9000
2024-11-15 12:55:47,9000
2024-11-15 12:55:46,9000
2024-11-15 12:55:45,9000
2024-11-15 12:55:44,9000
2024-11-15 12:55:43,9000
2024-11-15 12:55:42,9000
2024-11-15 12:55:41,9000
2024-11-15 12:55:40,9000
2024-11-15 12:55:39,9000
2024-11-15 12:55:38,9000
2024-11-15 12:55:37,9000
2024-11-15 12:55:36,9000
2024-11-15 12:55:35,9000
2024-11-15 12:55:34,9000
2024-11-15 12:55:33,9000
2024-11-15 12:55:32,9000
2024-11-15 12:55:31,9000
2024-11-15 12:55:30,9000
2024-11-15 12:55:29,9000
2024-11-15 12:55:28,9000
2024-11-15 12:55:27,9000
2024-11-15 12:55:26,9000
2024-11-15 12:55:25,9000
2024-11-15 12:55:24,9000
2024-11-15 12:55:23,9000
2024-11-15 12:55:22,9000
2024-11-15 12:55:21,9000
2024-11-15 12:55:20,9000
2024-11-15 12:55:19,9000
2024-11-15 12:55:18,9000
2024-11-15 12:55:17,9000
2024-11-15 12:55:16,9000
2024-11-15 12:55:15,9000
2024-11-15 12:55:14,9000
2024-11-15 12:55:13,9000
2024-11-15 12:55:12,9000
2024-11-15 12:55:11,9000
2024-11-15 12:55:10,9000
2024-11-15 12:55:09,9000
2024-11-15 12:55:08,9000
2024-11-15 12:55:07,9000
2024-11-15 12:55:06,9000
2024-11-15 12:55:05,9000
2024-11-15 12:55:04,9000
2024-11-15 12:55:03,9000
2024-11-15 12:55:02,9000
2024-11-15 12:55:01,9000
2024-11-15 12:55:00,9000
2024-11-15 12:54:59,9000
2024-11-15 12:54:58,9000
2024-11-15 12:54:57,9000
2024-11-15 12:54:56,9000
2024-11-15 12:54:55,9000
2024-11-15 12:54:54,9000
2024-11-15 12:54:53,9000
2024-11-15 12:54:52,9000
2024-11-15 12:54:51,9000
2024-11-15 12:54:50,9000
2024-11-15 12:54:49,9000
2024-11-15 12:54:48,9000
2024-11-15 12:54:47,9000
2024-11-15 12:54:46,9000
2024-11-15 12:54:45,9000
2024-11-15 12:54:44,9000
2024-11-15 12:54:43,9000
2024-11-15 12:54:42,9000
2024-11-15 12:54:41,9000
2024-11-15 12:54:40,9000
2024-11-15 12:54:39,9000
2024-11-15 12:54:38,9000
2024-11-15 12:54:37,9000
2024-11-15 12:54:36,9000
2024-11-15 12:54:35,9000
2024-11-15 12:54:34,9000
2024-11-15 12:54:33,9000
2024-11-15 12:54:32,9000
2024-11-15 12:54:31,9000
2024-11-15 12:54:30,9000
2024-11-15 12:54:29,9000
2024-11-15 12:54:28,9000
2024-11-15 12:54:27,9000
2024-11-15 12:54:26,9000
2024-11-15 12:54:25,9000
2024-11-15 12:54:24,9000
2024-11-15 12:54:23,9000
2024-11-15 12:54:22,9000
2024-11-15 12:54:21,9000
2024-11-15 12:54:20,9000
2024-11-15 12:54:19,9000
2024-11-15 12:54:18,9000
2024-11-15 12:54:17,9000
2024-11-15 12:54:16,9000
2024-11-15 12:54:15,9000
2024-11-15 12:54:14,9000
2024-11-15 12:54:13,9000
2024-11-15 12:54:12,9000
2024-11-15 12:54:11,9000
2024-11-15 12:54:10,9000
2024-11-15 12:54:09,9000
2024-11-15 12:54:08,9000
2024-11-15 12:54:07,9000
2024-11-15 12:54:06,9000
2024-11-15 12:54:05,9000
2024-11-15 12:54:04,9000
2024-11-15 12:54:03,9000
2024-11-15 12:54:02,9000
2024-11-15 12:54:01,9000
2024-11-15 12:54:00,9000
2024-11-15 12:53:59,9000
2024-11-15 12:53:58,9000
2024-11-15 12:53:57,9000
2024-11-15 12:53:56,9000
2024-11-15 12:53:55,9000
2024-11-15 12:53:54,9000
2024-11-15 12:53:53,9000
2024-11-15 12:53:52,9000
2024-11-15 12:53:51,9000
2024-11-15 12:53:50,9000
2024-11-15 12:53:49,9000
2024-11-15 12:53:48,9000
2024-11-15 12:53:47,9000
2024-11-15 12:53:46,9000
2024-11-15 12:53:45,9000
2024-11-15 12:53:44,9000
2024-11-15 12:53:43,9000
2024-11-15 12:53:42,9000
2024-11-15 12:53:41,9000
2024-11-15 12:53:40,9000
2024-11-15 12:53:39,9000
2024-11-15 12:53:38,9000
2024-11-15 12:53:37,9000
2024-11-15 12:53:36,9000
2024-11-15 12:53:35,9000
2024-11-15 12:53:34,9000
2024-11-15 12:53:33,9000
2024-11-15 12:53:32,9000
2024-11-15 12:53:31,9000
2024-11-15 12:53:30,9000
2024-11-15 12:53:29,9000
2024-11-15 12:53:28,9000
2024-11-15 12:53:27,9000
2024-11-15 12:53:26,9000
2024-11-15 12:53:25,9000
2024-11-15 12:53:24,9000
2024-11-15 12:53:23,9000
2024-11-15 12:53:22,9000
2024-11-15 12:53:21,9000
2024-11-15 12:53:20,9000
2024-11-15 12:53:19,9000
2024-11-15 12:53:18,9000
2024-11-15 12:53:17,9000
2024-11-15 12:53:16,9000
2024-11-15 12:53:15,9000
2024-11-15 12:53:14,9000
2024-11-15 12:53:13,9000
2024-11-15 12:53:12,9000
2024-11-15 12:53:11,9000
2024-11-15 12:53:10,9000
2024-11-15 12:53:09,9000
2024-11-15 12:53:08,9000
2024-11-15 12:53:07,9000
2024-11-15 12:53:06,9000
2024-11-15 12:53:05,9000
2024-11-15 12:53:04,9000
2024-11-15 12:53:03,9000
2024-11-15 12:53:02,9000
2024-11-15 12:53:01,9000
2024-11-15 12:53:00,9000
2024-11-15 12:52:59,9000
2024-11-15 12:52:58,9000
2024-11-15 12:52:57,9000
2024-11-15 12:52:56,9000
2024-11-15 12:52:55,9000
2024-11-15 12:52:54,9000
2024-11-15 12:52:53,9000
2024-11-15 12:52:52,9000
2024-11-15 12:52:51,9000
2024-11-15 12:52:50,9000
2024-11-15 12:52:49,9000
2024-11-15 12:52:48,9000
2024-11-15 12:52:47,9000
2024-11-15 12:52:46,9000
2024-11-15 12:52:45,9000
2024-11-15 12:52:44,9000
2024-11-15 12:52:43,9000
2024-11-15 12:52:42,9000
2024-11-15 12:52:41,9000
2024-11-15 12:52:40,9000
2024-11-15 12:52:39,9000
2024-11-15 12:52:38,9000
2024-11-15 12:52:37,9000
2024-11-15 12:52:36,9000
2024-11-15 12:52:35,9000
2024-11-15 12:52:34,9000
2024-11-15 12:52:33,9000
2024-11-15 12:52:32,9000
2024-11-15 12:52:31,9000
2024-11-15 12:52:30,9000
2024-11-15 12:52:29,9000
2024-11-15 12:52:28,9000
2024-11-15 12:52:27,9000
2024-11-15 12:52:26,9000
2024-11-15 12:52:25,9000
2024-11-15 12:52:24,9000
2024-11-15 12:52:23,9000
2024-11-15 12:52:22,9000
2024-11-15 12:52:21,9000
2024-11-15 12:52:20,9000
2024-11-15 12:52:19,9000
2024-11-15 12:52:18,9000
2024-11-15 12:52:17,9000
2024-11-15 12:52:16,9000
2024-11-15 12:52:15,9000
2024-11-15 12:52:14,9000
2024-11-15 12:52:13,9000
2024-11-15 12:52:12,9000
2024-11-15 12:52:11,9000
2024-11-15 12:52:10,9000
2024-11-15 12:52:09,9000
2024-11-15 12:52:08,9000
2024-11-15 12:52:07,9000
2024-11-15 12:52:06,9000
2024-11-15 12:52:05,9000
2024-11-15 12:52:04,9000
2024-11-15 12:52:03,9000
2024-11-15 12:52:02,9000
2024-11-15 12:52:01,9000
2024-11-15 12:52:00,9000
2024-11-15 12:51:59,9000
2024-11-15 12:51:58,9000
2024-11-15 12:51:57,9000
2024-11-15 12:51:56,9000
2024-11-15 12:51:55,9000
2024-11-15 12:51:54,9000
2024-11-15 12:51:53,9000
2024-11-15 12:51:52,9000
2024-11-15 12:51:51,9000
2024-11-15 12:51:50,9000
2024-11-15 12:51:49,9000
2024-11-15 12:51:48,9000
2024-11-15 12:51:47,9000
2024-11-15 12:51:46,9000
2024-11-15 12:51:45,9000
2024-11-15 12:51:44,9000
2024-11-15 12:51:43,9000
2024-11-15 12:51:42,9000
2024-11-15 12:51:41,9000
2024-11-15 12:51:40,9000
2024-11-15 12:51:39,9000
2024-11-15 12:51:38,9000
2024-11-15 12:51:37,9000
2024-11-15 12:51:36,9000
2024-11-15 12:51:35,9000
2024-11-15 12:51:34,9000
2024-11-15 12:51:33,9000
2024-11-15 12:51:32,9000
2024-11-15 12:51:31,9000
2024-11-15 12:51:30,9000
2024-11-15 12:51:29,9000
2024-11-15 12:51:28,9000
2024-11-15 12:51:27,9000
2024-11-15 12:51:26,9000
2024-11-15 12:51:25,9000
2024-11-15 12:51:24,9000
2024-11-15 12:51:23,9000
2024-11-15 12:51:22,9000
2024-11-15 12:51:21,9000
2024-11-15 12:51:20,9000
2024-11-15 12:51:19,9000
2024-11-15 12:51:18,9000
2024-11-15 12:51:17,9000
2024-11-15 12:51:16,9000
2024-11-15 12:51:15,9000
2024-11-15 12:51:14,9000
2024-11-15 12:51:13,9000
2024-11-15 12:51:12,9000
2024-11-15 12:51:11,9000
2024-11-15 12:51:10,9000
2024-11-15 12:51:09,9000
2024-11-15 12:51:08,9000
2024-11-15 12:51:07,9000
2024-11-15 12:51:06,9000
2024-11-15 12:51:05,9000
2024-11-15 12:51:04,9000
2024-11-15 12:51:03,9000
2024-11-15 12:51:02,9000
2024-11-15 12:51:01,9000
2024-11-15 12:51:00,9000
2024-11-15 12:50:59,9000
2024-11-15 12:50:58,9000
2024-11-15 12:50:57,9000
2024-11-15 12:50:56,9000
2024-11-15 12:50:55,9000
2024-11-15 12:50:54,9000
2024-11-15 12:50:53,9000
2024-11-15 12:50:52,9000
2024-11-15 12:50:51,9000
2024-11-15 12:50:50,9000
2024-11-15 12:50:49,9000
2024-11-15 12:50:48,9000
2024-11-15 12:50:47,9000
2024-11-15 12:50:46,9000
2024-11-15 12:50:45,9000
2024-11-15 12:50:44,9000
2024-11-15 12:50:43,9000
2024-11-15 12:50:42,9000
2024-11-15 12:50:41,9000
2024-11-15 12:50:40,9000
2024-11-15 12:50:39,9000
2024-11-15 12:50:38,9000
2024-11-15 12:50:37,9000
2024-11-15 12:50:36,9000
2024-11-15 12:50:35,9000
2024-11-15 12:50:34,9000
2024-11-15 12:50:33,9000
2024-11-15 12:50:32,9000
2024-11-15 12:50:31,9000
2024-11-15 12:50:30,9000
2024-11-15 12:50:29,9000
2024-11-15 12:50:28,9000
2024-11-15 12:50:27,9000
2024-11-15 12:50:26,9000
2024-11-15 12:50:25,9000
2024-11-15 12:50:24,9000
2024-11-15 12:50:23,9000
2024-11-15 12:50:22,9000
2024-11-15 12:50:21,9000
2024-11-15 12:50:20,9000
2024-11-15 12:50:19,9000
2024-11-15 12:50:18,9000
2024-11-15 12:50:17,9000
2024-11-15 12:50:16,9000
2024-11-15 12:50:15,9000
2024-11-15 12:50:14,9000
2024-11-15 12:50:13,9000
2024-11-15 12:50:12,9000
2024-11-15 12:50:11,9000
2024-11-15 12:50:10,9000
2024-11-15 12:50:09,9000
2024-11-15 12:50:08,9000
2024-11-15 12:50:07,9000
2024-11-15 12:50:06,9000
2024-11-15 12:50:05,9000
2024-11-15 12:50:04,9000
2024-11-15 12:50:03,9000
2024-11-15 12:50:02,9000
2024-11-15 12:50:01,9000
2024-11-15 12:50:00,9000
2024-11-15 12:49:59,9000
2024-11-15 12:49:58,9000
2024-11-15 12:49:57,9000
2024-11-15 12:49:56,9000
2024-11-15 12:49:55,9000
2024-11-15 12:49:54,9000
2024-11-15 12:49:53,9000
2024-11-15 12:49:52,9000
2024-11-15 12:49:51,9000
2024-11-15 12:49:50,9000
2024-11-15 12:49:49,9000
2024-11-15 12:49:48,9000
2024-11-15 12:49:47,9000
2024-11-15 12:49:46,9000
2024-11-15 12:49:45,9000
2024-11-15 12:49:44,9000
2024-11-15 12:49:43,9000
2024-11-15 12:49:42,9000
2024-11-15 12:49:41,9000
2024-11-15 12:49:40,9000
2024-11-15 12:49:39,9000
2024-11-15 12:49:38,9000
2024-11-15 12:49:37,9000
2024-11-15 12:49:36,9000
2024-11-15 12:49:35,9000
2024-11-15 12:49:34,9000
2024-11-15 12:49:33,9000
2024-11-15 12:49:32,9000
2024-11-15 12:49:31,9000
2024-11-15 12:49:30,9000
2024-11-15 12:49:29,9000
2024-11-15 12:49:28,9000
2024-11-15 12:49:27,9000
2024-11-15 12:49:26,9000
2024-11-15 12:49:25,9000
2024-11-15 12:49:24,9000
2024-11-15 12:49:23,9000
2024-11-15 12:49:22,9000
2024-11-15 12:49:21,9000
2024-11-15 12:49:20,9000
2024-11-15 12:49:19,9000
2024-11-15 12:49:18,9000
2024-11-15 12:49:17,9000
2024-11-15 12:49:16,9000
2024-11-15 12:49:15,9000
2024-11-15 12:49:14,9000
2024-11-15 12:49:13,9000
2024-11-15 12:49:12,9000
2024-11-15 12:49:11,9000
2024-11-15 12:49:10,9000
2024-11-15 12:49:09,9000
2024-11-15 12:49:08,9000
2024-11-15 12:49:07,9000
2024-11-15 12:49:06,9000
2024-11-15 12:49:05,9000
2024-11-15 12:49:04,9000
2024-11-15 12:49:03,9000
2024-11-15 12:49:02,9000
2024-11-15 12:49:01,9000
2024-11-15 12:49:00,9000
2024-11-15 12:48:59,9000
2024-11-15 12:48:58,9000
2024-11-15 12:48:57,9000
2024-11-15 12:48:56,9000
2024-11-15 12:48:55,9000
2024-11-15 12:48:54,9000
2024-11-15 12:48:53,9000
2024-11-15 12:48:52,9000
2024-11-15 12:48:51,9000
2024-11-15 12:48:50,9000
2024-11-15 12:48:49,9000
2024-11-15 12:48:48,9000
2024-11-15 12:48:47,9000
2024-11-15 12:48:46,9000
2024-11-15 12:48:45,9000
2024-11-15 12:48:44,9000
2024-11-15 12:48:43,9000
2024-11-15 12:48:42,9000
2024-11-15 12:48:41,9000
2024-11-15 12:48:40,9000
2024-11-15 12:48:39,9000
2024-11-15 12:48:38,9000
2024-11-15 12:48:37,9000
2024-11-15 12:48:36,9000
2024-11-15 12:48:35,9000
2024-11-15 12:48:34,9000
2024-11-15 12:48:33,9000
2024-11-15 12:48:32,9000
2024-11-15 12:48:31,9000
2024-11-15 12:48:30,9000
2024-11-15 12:48:29,9000
2024-11-15 12:48:28,9000
2024-11-15 12:48:27,9000
2024-11-15 12:48:26,9000
2024-11-15 12:48:25,9000
2024-11-15 12:48:24,9000
2024-11-15 12:48:23,9000
2024-11-15 12:48:22,9000
2024-11-15 12:48:21,9000
2024-11-15 12:48:20,9000
2024-11-15 12:48:19,9000
2024-11-15 12:48:18,9000
2024-11-15 12:48:17,9000
2024-11-15 12:48:16,9000
2024-11-15 12:48:15,9000
2024-11-15 12:48:14,9000
2024-11-15 12:48:13,9000
2024-11-15 12:48:12,9000
2024-11-15 12:48:11,9000
2024-11-15 12:48:10,9000
2024-11-15 12:48:09,9000
2024-11-15 12:48:08,9000
2024-11-15 12:48:07,9000
2024-11-15 12:48:06,9000
2024-11-15 12:48:05,9000
2024-11-15 12:48:04,9000
2024-11-15 12:48:03,9000
2024-11-15 12:48:02,9000
2024-11-15 12:48:01,9000
2024-11-15 12:48:00,9000
2024-11-15 12:47:59,9000
2024-11-15 12:47:58,9000
2024-11-15 12:47:57,9000
2024-11-15 12:47:56,9000
2024-11-15 12:47:55,9000
2024-11-15 12:47:54,9000
2024-11-15 12:47:53,9000
2024-11-15 12:47:52,9000
2024-11-15 12:47:51,9000
2024-11-15 12:47:50,9000
2024-11-15 12:47:49,9000
2024-11-15 12:47:48,9000
2024-11-15 12:47:47,9000
2024-11-15 12:47:46,9000
2024-11-15 12:47:45,9000
2024-11-15 12:47:44,9000
2024-11-15 12:47:43,9000
2024-11-15 12:47:42,9000
2024-11-15 12:47:41,9000
2024-11-15 12:47:40,9000
2024-11-15 12:47:39,9000
2024-11-15 12:47:38,9000
2024-11-15 12:47:37,9000
2024-11-15 12:47:36,9000
2024-11-15 12:47:35,9000
2024-11-15 12:47:34,9000
2024-11-15 12:47:33,9000
2024-11-15 12:47:32,9000
2024-11-15 12:47:31,9000
2024-11-15 12:47:30,9000
2024-11-15 12:47:29,9000
2024-11-15 12:47:28,9000
2024-11-15 12:47:27,9000
2024-11-15 12:47:26,9000
2024-11-15 12:47:25,9000
2024-11-15 12:47:24,9000
2024-11-15 12:47:23,9000
2024-11-15 12:47:22,9000
2024-11-15 12:47:21,9000
2024-11-15 12:47:20,9000
2024-11-15 12:47:19,9000
2024-11-15 12:47:18,9000
2024-11-15 12:47:17,9000
2024-11-15 12:47:16,9000
2024-11-15 12:47:15,9000
2024-11-15 12:47:14,9000
2024-11-15 12:47:13,9000
2024-11-15 12:47:12,9000
2024-11-15 12:47:11,9000
2024-11-15 12:47:10,9000
2024-11-15 12:47:09,9000
2024-11-15 12:47:08,9000
2024-11-15 12:47:07,9000
2024-11-15 12:47:06,9000
2024-11-15 12:47:05,9000
2024-11-15 12:47:04,9000
2024-11-15 12:47:03,9000
2024-11-15 12:47:02,9000
2024-11-15 12:47:01,9000
2024-11-15 12:47:00,9000
2024-11-15 12:46:59,9000
2024-11-15 12:46:58,9000
2024-11-15 12:46:57,9000
2024-11-15 12:46:56,9000
2024-11-15 12:46:55,9000
2024-11-15 12:46:54,9000
2024-11-15 12:46:53,9000
2024-11-15 12:46:52,9000
2024-11-15 12:46:51,9000
2024-11-15 12:46:50,9000
2024-11-15 12:46:49,9000
2024-11-15 12:46:48,9000
2024-11-15 12:46:47,9000
2024-11-15 12:46:46,9000
2024-11-15 12:46:45,9000
2024-11-15 12:46:44,9000
2024-11-15 12:46:43,9000
2024-11-15 12:46:42,9000
2024-11-15 12:46:41,9000
2024-11-15 12:46:40,9000
2024-11-15 12:46:39,9000
2024-11-15 12:46:38,9000
2024-11-15 12:46:37,9000
2024-11-15 12:46:36,9000
2024-11-15 12:46:35,9000
2024-11-15 12:46:34,9000
2024-11-15 12:46:33,9000
2024-11-15 12:46:32,9000
2024-11-15 12:46:31,9000
2024-11-15 12:46:30,9000
2024-11-15 12:46:29,9000
2024-11-15 12:46:28,9000
2024-11-15 12:46:27,9000
2024-11-15 12:46:26,9000
2024-11-15 12:46:25,9000
2024-11-15 12:46:24,9000
2024-11-15 12:46:23,9000
2024-11-15 12:46:22,9000
2024-11-15 12:46:21,9000
2024-11-15 12:46:20,9000
2024-11-15 12:46:19,9000
2024-11-15 12:46:18,9000
2024-11-15 12:46:17,9000
2024-11-15 12:46:16,9000
2024-11-15 12:46:15,9000
2024-11-15 12:46:14,9000
2024-11-15 12:46:13,9000
2024-11-15 12:46:12,9000
2024-11-15 12:46:11,9000
2024-11-15 12:46:10,9000
2024-11-15 12:46:09,9000
2024-11-15 12:46:08,9000
2024-11-15 12:46:07,9000
2024-11-15 12:46:06,9000
2024-11-15 12:46:05,9000
2024-11-15 12:46:04,9000
2024-11-15 12:46:03,9000
2024-11-15 12:46:02,9000
2024-11-15 12:46:01,9000
2024-11-15 12:46:00,9000
2024-11-15 12:45:59,9000
2024-11-15 12:45:58,9000
2024-11-15 12:45:57,9000
2024-11-15 12:45:56,9000
2024-11-15 12:45:55,9000
2024-11-15 12:45:54,9000
2024-11-15 12:45:53,9000
2024-11-15 12:45:52,9000
2024-11-15 12:45:51,9000
2024-11-15 12:45:50,9000
2024-11-15 12:45:49,9000
2024-11-15 12:45:48,9000
2024-11-15 12:45:47,9000
2024-11-15 12:45:46,9000
2024-11-15 12:45:45,9000
2024-11-15 12:45:44,9000
2024-11-15 12:45:43,9000
2024-11-15 12:45:42,9000
2024-11-15 12:45:41,9000
2024-11-15 12:45:40,9000
2024-11-15 12:45:39,9000
2024-11-15 12:45:38,9000
2024-11-15 12:45:37,9000
2024-11-15 12:45:36,9000
2024-11-15 12:45:35,9000
2024-11-15 12:45:34,9000
2024-11-15 12:45:33,9000
2024-11-15 12:45:32,9000
2024-11-15 12:45:31,9000
2024-11-15 12:45:30,9000
2024-11-15 12:45:29,9000
2024-11-15 12:45:28,9000
2024-11-15 12:45:27,9000
2024-11-15 12:45:26,9000
2024-11-15 12:45:25,9000
2024-11-15 12:45:24,9000
2024-11-15 12:45:23,9000
2024-11-15 12:45:22,9000
2024-11-15 12:45:21,9000
2024-11-15 12:45:20,9000
2024-11-15 12:45:19,9000
2024-11-15 12:45:18,9000
2024-11-15 12:45:17,9000
2024-11-15 12:45:16,9000
2024-11-15 12:45:15,9000
2024-11-15 12:45:14,9000
2024-11-15 12:45:13,9000
2024-11-15 12:45:12,9000
2024-11-15 12:45:11,9000
2024-11-15 12:45:10,9000
2024-11-15 12:45:09,9000
2024-11-15 12:45:08,9000
2024-11-15 12:45:07,9000
2024-11-15 12:45:06,9000
2024-11-15 12:45:05,9000
2024-11-15 12:45:04,9000
2024-11-15 12:45:03,9000
2024-11-15 12:45:02,9000
2024-11-15 12:45:01,9000
2024-11-15 12:45:00,9000
2024-11-15 12:44:59,9000
2024-11-15 12:44:58,9000
2024-11-15 12:44:57,9000
2024-11-15 12:44:56,9000
2024-11-15 12:44:55,9000
2024-11-15 12:44:54,9000
2024-11-15 12:44:53,9000
2024-11-15 12:44:52,9000
2024-11-15 12:44:51,9000
2024-11-15 12:44:50,9000
2024-11-15 12:44:49,9000
2024-11-15 12:44:48,9000
2024-11-15 12:44:47,9000
2024-11-15 12:44:46,9000
2024-11-15 12:44:45,9000
2024-11-15 12:44:44,9000
2024-11-15 12:44:43,9000
2024-11-15 12:44:42,9000
2024-11-15 12:44:41,9000
2024-11-15 12:44:40,9000
2024-11-15 12:44:39,9000
2024-11-15 12:44:38,9000
2024-11-15 12:44:37,9000
2024-11-15 12:44:36,9000
2024-11-15 12:44:35,9000
2024-11-15 12:44:34,9000
2024-11-15 12:44:33,9000
2024-11-15 12:44:32,9000
2024-11-15 12:44:31,9000
2024-11-15 12:44:30,9000
2024-11-15 12:44:29,9000
2024-11-15 12:44:28,9000
2024-11-15 12:44:27,9000
2024-11-15 12:44:26,9000
2024-11-15 12:44:25,9000
2024-11-15 12:44:24,9000
2024-11-15 12:44:23,9000
2024-11-15 12:44:22,9000
2024-11-15 12:44:21,9000
2024-11-15 12:44:20,9000
2024-11-15 12:44:19,9000
2024-11-15 12:44:18,9000
2024-11-15 12:44:17,9000
2024-11-15 12:44:16,9000
2024-11-15 12:44:15,9000
2024-11-15 12:44:14,9000
2024-11-15 12:44:13,9000
2024-11-15 12:44:12,9000
2024-11-15 12:44:11,9000
2024-11-15 12:44:10,9000
2024-11-15 12:44:09,9000
2024-11-15 12:44:08,9000
2024-11-15 12:44:07,9000
2024-11-15 12:44:06,9000
2024-11-15 12:44:05,9000
2024-11-15 12:44:04,9000
2024-11-15 12:44:03,9000
2024-11-15 12:44:02,9000
2024-11-15 12:44:01,9000
2024-11-15 12:44:00,9000
2024-11-15 12:43:59,9000
2024-11-15 12:43:58,9000
2024-11-15 12:43:57,9000
2024-11-15 12:43:56,9000
2024-11-15 12:43:55,9000
2024-11-15 12:43:54,9000
2024-11-15 12:43:53,9000
2024-11-15 12:43:52,9000
2024-11-15 12:43:51,9000
2024-11-15 12:43:50,9000
2024-11-15 12:43:49,9000
2024-11-15 12:43:48,9000
2024-11-15 12:43:47,9000
2024-11-15 12:43:46,9000
2024-11-15 12:43:45,9000
2024-11-15 12:43:44,9000
2024-11-15 12:43:43,9000
2024-11-15 12:43:42,9000
2024-11-15 12:43:41,9000
2024-11-15 12:43:40,9000
2024-11-15 12:43:39,9000
2024-11-15 12:43:38,9000
2024-11-15 12:43:37,9000
2024-11-15 12:43:36,9000
2024-11-15 12:43:35,9000
2024-11-15 12:43:34,9000
2024-11-15 12:43:33,9000
2024-11-15 12:43:32,9000
2024-11-15 12:43:31,9000
2024-11-15 12:43:30,9000
2024-11-15 12:43:29,9000
2024-11-15 12:43:28,9000
2024-11-15 12:43:27,9000
2024-11-15 12:43:26,9000
2024-11-15 12:43:25,9000
2024-11-15 12:43:24,9000
2024-11-15 12:43:23,9000
2024-11-15 12:43:22,9000
2024-11-15 12:43:21,9000
2024-11-15 12:43:20,9000
2024-11-15 12:43:19,9000
2024-11-15 12:43:18,9000
2024-11-15 12:43:17,9000
2024-11-15 12:43:16,9000
2024-11-15 12:43:15,9000
2024-11-15 12:43:14,9000
2024-11-15 12:43:13,9000
2024-11-15 12:43:12,9000
2024-11-15 12:43:11,9000
2024-11-15 12:43:10,9000
2024-11-15 12:43:09,9000
2024-11-15 12:43:08,9000
2024-11-15 12:43:07,9000
2024-11-15 12:43:06,9000
2024-11-15 12:43:05,9000
2024-11-15 12:43:04,9000
2024-11-15 12:43:03,9000
2024-11-15 12:43:02,9000
2024-11-15 12:43:01,9000
2024-11-15 12:43:00,9000
2024-11-15 12:42:59,9000
2024-11-15 12:42:58,9000
2024-11-15 12:42:57,9000
2024-11-15 12:42:56,9000
2024-11-15 12:42:55,9000
2024-11-15 12:42:54,9000
2024-11-15 12:42:53,9000
2024-11-15 12:42:52,9000
2024-11-15 12:42:51,9000
2024-11-15 12:42:50,9000
2024-11-15 12:42:49,9000
2024-11-15 12:42:48,9000
2024-11-15 12:42:47,9000
2024-11-15 12:42:46,9000
2024-11-15 12:42:45,9000
2024-11-15 12:42:44,9000
2024-11-15 12:42:43,9000
2024-11-15 12:42:42,9000
2024-11-15 12:42:41,9000
2024-11-15 12:42:40,9000
2024-11-15 12:42:39,9000
2024-11-15 12:42:38,9000
2024-11-15 12:42:37,9000
2024-11-15 12:42:36,9000
2024-11-15 12:42:35,9000
2024-11-15 12:42:34,9000
2024-11-15 12:42:33,9000
2024-11-15 12:42:32,9000
2024-11-15 12:42:31,9000
2024-11-15 12:42:30,9000
2024-11-15 12:42:29,9000
2024-11-15 12:42:28,9000
2024-11-15 12:42:27,9000
2024-11-15 12:42:26,9000
2024-11-15 12:42:25,9000
2024-11-15 12:42:24,9000
2024-11-15 12:42:23,9000
2024-11-15 12:42:22,9000
2024-11-15 12:42:21,9000
2024-11-15 12:42:20,9000
2024-11-15 12:42:19,9000
2024-11-15 12:42:18,9000
2024-11-15 12:42:17,9000
2024-11-15 12:42:16,9000
2024-11-15 12:42:15,9000
2024-11-15 12:42:14,9000
2024-11-15 12:42:13,9000
2024-11-15 12:42:12,9000
2024-11-15 12:42:11,9000
2024-11-15 12:42:10,9000
2024-11-15 12:42:09,9000
2024-11-15 12:42:08,9000
2024-11-15 12:42:07,9000
2024-11-15 12:42:06,9000
2024-11-15 12:42:05,9000
2024-11-15 12:42:04,9000
2024-11-15 12:42:03,9000
2024-11-15 12:42:02,9000
2024-11-15 12:42:01,9000
2024-11-15 12:42:00,9000
2024-11-15 12:41:59,9000
2024-11-15 12:41:58,9000
2024-11-15 12:41:57,9000
2024-11-15 12:41:56,9000
2024-11-15 12:41:55,9000
2024-11-15 12:41:54,9000
2024-11-15 12:41:53,9000
2024-11-15 12:41:52,9000
2024-11-15 12:41:51,9000
2024-11-15 12:41:50,9000
2024-11-15 12:41:49,9000
2024-11-15 12:41:48,9000
2024-11-15 12:41:47,9000
2024-11-15 12:41:46,9000
2024-11-15 12:41:45,9000
2024-11-15 12:41:44,9000
2024-11-15 12:41:43,9000
2024-11-15 12:41:42,9000
2024-11-15 12:41:41,9000
2024-11-15 12:41:40,9000
2024-11-15 12:41:39,9000
2024-11-15 12:41:38,9000
2024-11-15 12:41:37,9000
2024-11-15 12:41:36,9000
2024-11-15 12:41:35,9000
2024-11-15 12:41:34,9000
2024-11-15 12:41:33,9000
2024-11-15 12:41:32,9000
2024-11-15 12:41:31,9000
2024-11-15 12:41:30,9000
2024-11-15 12:41:29,9000
2024-11-15 12:41:28,9000
2024-11-15 12:41:27,9000
2024-11-15 12:41:26,9000
2024-11-15 12:41:25,9000
2024-11-15 12:41:24,9000
2024-11-15 12:41:23,9000
2024-11-15 12:41:22,9000
2024-11-15 12:41:21,9000
2024-11-15 12:41:20,9000
2024-11-15 12:41:19,9000
2024-11-15 12:41:18,9000
2024-11-15 12:41:17,9000
2024-11-15 12:41:16,9000
2024-11-15 12:41:15,9000
2024-11-15 12:41:14,9000
2024-11-15 12:41:13,9000
2024-11-15 12:41:12,9000
2024-11-15 12:41:11,9000
2024-11-15 12:41:10,9000
2024-11-15 12:41:09,9000
2024-11-15 12:41:08,9000
2024-11-15 12:41:07,9000
2024-11-15 12:41:06,9000
2024-11-15 12:41:05,9000
2024-11-15 12:41:04,9000
2024-11-15 12:41:03,9000
2024-11-15 12:41:02,9000
2024-11-15 12:41:01,9000
2024-11-15 12:41:00,9000
2024-11-15 12:40:59,9000
2024-11-15 12:40:58,9000
2024-11-15 12:40:57,9000
2024-11-15 12:40:56,9000
2024-11-15 12:40:55,9000
2024-11-15 12:40:54,9000
2024-11-15 12:40:53,9000
2024-11-15 12:40:52,9000
2024-11-15 12:40:51,9000
2024-11-15 12:40:50,9000
2024-11-15 12:40:49,9000
2024-11-15 12:40:48,9000
2024-11-15 12:40:47,9000
2024-11-15 12:40:46,9000
2024-11-15 12:40:45,9000
2024-11-15 12:40:44,9000
2024-11-15 12:40:43,9000
2024-11-15 12:40:42,9000
2024-11-15 12:40:41,9000
2024-11-15 12:40:40,9000
2024-11-15 12:40:39,9000
2024-11-15 12:40:38,9000
2024-11-15 12:40:37,9000
2024-11-15 12:40:36,9000
2024-11-15 12:40:35,9000
2024-11-15 12:40:34,9000
2024-11-15 12:40:33,9000
2024-11-15 12:40:32,9000
2024-11-15 12:40:31,9000
2024-11-15 12:40:30,9000
2024-11-15 12:40:29,9000
2024-11-15 12:40:28,9000
2024-11-15 12:40:27,9000
2024-11-15 12:40:26,9000
2024-11-15 12:40:25,9000
2024-11-15 12:40:24,9000
2024-11-15 12:40:23,9000
2024-11-15 12:40:22,9000
2024-11-15 12:40:21,9000
2024-11-15 12:40:20,9000
2024-11-15 12:40:19,9000
2024-11-15 12:40:18,9000
2024-11-15 12:40:17,9000
2024-11-15 12:40:16,9000
2024-11-15 12:40:15,9000
2024-11-15 12:40:14,9000
2024-11-15 12:40:13,9000
2024-11-15 12:40:12,9000
2024-11-15 12:40:11,9000
2024-11-15 12:40:10,9000
2024-11-15 12:40:09,9000
2024-11-15 12:40:08,9000
2024-11-15 12:40:07,9000
2024-11-15 12:40:06,9000
2024-11-15 12:40:05,9000
2024-11-15 12:40:04,9000
2024-11-15 12:40:03,9000
2024-11-15 12:40:02,9000
2024-11-15 12:40:01,9000
2024-11-15 12:40:00,9000
2024-11-15 12:39:59,9000
2024-11-15 12:39:58,9000
2024-11-15 12:39:57,9000
2024-11-15 12:39:56,9000
2024-11-15 12:39:55,9000
2024-11-15 12:39:54,9000
2024-11-15 12:39:53,9000
2024-11-15 12:39:52,9000
2024-11-15 12:39:51,9000
2024-11-15 12:39:50,9000
2024-11-15 12:39:49,9000
2024-11-15 12:39:48,9000
2024-11-15 12:39:47,9000
2024-11-15 12:39:46,9000
2024-11-15 12:39:45,9000
2024-11-15 12:39:44,9000
2024-11-15 12:39:43,9000
2024-11-15 12:39:42,9000
2024-11-15 12:39:41,9000
2024-11-15 12:39:40,9000
2024-11-15 12:39:39,9000
2024-11-15 12:39:38,9000
2024-11-15 12:39:37,9000
2024-11-15 12:39:36,9000
2024-11-15 12:39:35,9000
2024-11-15 12:39:34,9000
2024-11-15 12:39:33,9000
2024-11-15 12:39:32,9000
2024-11-15 12:39:31,9000
2024-11-15 12:39:30,9000
2024-11-15 12:39:29,9000
2024-11-15 12:39:28,9000
2024-11-15 12:39:27,9000
2024-11-15 12:39:26,9000
2024-11-15 12:39:25,9000
2024-11-15 12:39:24,9000
2024-11-15 12:39:23,9000
2024-11-15 12:39:22,9000
2024-11-15 12:39:21,9000
2024-11-15 12:39:20,9000
2024-11-15 12:39:19,9000
2024-11-15 12:39:18,9000
2024-11-15 12:39:17,9000
2024-11-15 12:39:16,9000
2024-11-15 12:39:15,9000
2024-11-15 12:39:14,9000
2024-11-15 12:39:13,9000
2024-11-15 12:39:12,9000
2024-11-15 12:39:11,9000
2024-11-15 12:39:10,9000
2024-11-15 12:39:09,9000
2024-11-15 12:39:08,9000
2024-11-15 12:39:07,9000
2024-11-15 12:39:06,9000
2024-11-15 12:39:05,9000
2024-11-15 12:39:04,9000
2024-11-15 12:39:03,9000
2024-11-15 12:39:02,9000
2024-11-15 12:39:01,9000
2024-11-15 12:39:00,9000
2024-11-15 12:38:59,9000
2024-11-15 12:38:58,9000
2024-11-15 12:38:57,9000
2024-11-15 12:38:56,9000
2024-11-15 12:38:55,9000
2024-11-15 12:38:54,9000
2024-11-15 12:38:53,9000
2024-11-15 12:38:52,9000
2024-11-15 12:38:51,9000
2024-11-15 12:38:50,9000
2024-11-15 12:38:49,9000
2024-11-15 12:38:48,9000
2024-11-15 12:38:47,9000
2024-11-15 12:38:46,9000
2024-11-15 12:38:45,9000
2024-11-15 12:38:44,9000
2024-11-15 12:38:43,9000
2024-11-15 12:38:42,9000
2024-11-15 12:38:41,9000
2024-11-15 12:38:40,9000
2024-11-15 12:38:39,9000
2024-11-15 12:38:38,9000
2024-11-15 12:38:37,9000
2024-11-15 12:38:36,9000
2024-11-15 12:38:35,9000
2024-11-15 12:38:34,9000
2024-11-15 12:38:33,9000
2024-11-15 12:38:32,9000
2024-11-15 12:38:31,9000
2024-11-15 12:38:30,9000
2024-11-15 12:38:29,9000
2024-11-15 12:38:28,9000
2024-11-15 12:38:27,9000
2024-11-15 12:38:26,9000
2024-11-15 12:38:25,9000
2024-11-15 12:38:24,9000
2024-11-15 12:38:23,9000
2024-11-15 12:38:22,9000
2024-11-15 12:38:21,9000
2024-11-15 12:38:20,9000
2024-11-15 12:38:19,9000
2024-11-15 12:38:18,9000
2024-11-15 12:38:17,9000
2024-11-15 12:38:16,9000
2024-11-15 12:38:15,9000
2024-11-15 12:38:14,9000
2024-11-15 12:38:13,9000
2024-11-15 12:38:12,9000
2024-11-15 12:38:11,9000
2024-11-15 12:38:10,9000
2024-11-15 12:38:09,9000
2024-11-15 12:38:08,9000
2024-11-15 12:38:07,9000
2024-11-15 12:38:06,9000
2024-11-15 12:38:05,9000
2024-11-15 12:38:04,9000
2024-11-15 12:38:03,9000
2024-11-15 12:38:02,9000
2024-11-15 12:38:01,9000
2024-11-15 12:38:00,9000
2024-11-15 12:37:59,9000
2024-11-15 12:37:58,9000
2024-11-15 12:37:57,9000
2024-11-15 12:37:56,9000
2024-11-15 12:37:55,9000
2024-11-15 12:37:54,9000
2024-11-15 12:37:53,9000
2024-11-15 12:37:52,9000
2024-11-15 12:37:51,9000
2024-11-15 12:37:50,9000
2024-11-15 12:37:49,9000
2024-11-15 12:37:48,9000
2024-11-15 12:37:47,9000
2024-11-15 12:37:46,9000
2024-11-15 12:37:45,9000
2024-11-15 12:37:44,9000
2024-11-15 12:37:43,9000
2024-11-15 12:37:42,9000
2024-11-15 12:37:41,9000
2024-11-15 12:37:40,9000
2024-11-15 12:37:39,9000
2024-11-15 12:37:38,9000
2024-11-15 12:37:37,9000
2024-11-15 12:37:36,9000
2024-11-15 12:37:35,9000
2024-11-15 12:37:34,9000
2024-11-15 12:37:33,9000
2024-11-15 12:37:32,9000
2024-11-15 12:37:31,9000
2024-11-15 12:37:30,9000
2024-11-15 12:37:29,9000
2024-11-15 12:37:28,9000
2024-11-15 12:37:27,9000
2024-11-15 12:37:26,9000
2024-11-15 12:37:25,9000
2024-11-15 12:37:24,9000
2024-11-15 12:37:23,9000
2024-11-15 12:37:22,9000
2024-11-15 12:37:21,9000
2024-11-15 12:37:20,9000
2024-11-15 12:37:19,9000
2024-11-15 12:37:18,9000
2024-11-15 12:37:17,9000
2024-11-15 12:37:16,9000
2024-11-15 12:37:15,9000
2024-11-15 12:37:14,9000
2024-11-15 12:37:13,9000
2024-11-15 12:37:12,9000
2024-11-15 12:37:11,9000
2024-11-15 12:37:10,9000
2024-11-15 12:37:09,9000
2024-11-15 12:37:08,9000
2024-11-15 12:37:07,9000
2024-11-15 12:37:06,9000
2024-11-15 12:37:05,9000
2024-11-15 12:37:04,9000
2024-11-15 12:37:03,9000
2024-11-15 12:37:02,9000
2024-11-15 12:37:01,9000
2024-11-15 12:37:00,9000
2024-11-15 12:36:59,9000
2024-11-15 12:36:58,9000
2024-11-15 12:36:57,9000
2024-11-15 12:36:56,9000
2024-11-15 12:36:55,9000
2024-11-15 12:36:54,9000
2024-11-15 12:36:53,9000
2024-11-15 12:36:52,9000
2024-11-15 12:36:51,9000
2024-11-15 12:36:50,9000
2024-11-15 12:36:49,9000
2024-11-15 12:36:48,9000
2024-11-15 12:36:47,9000
2024-11-15 12:36:46,9000
2024-11-15 12:36:45,9000
2024-11-15 12:36:44,9000
2024-11-15 12:36:43,9000
2024-11-15 12:36:42,9000
2024-11-15 12:36:41,9000
2024-11-15 12:36:40,9000
2024-11-15 12:36:39,9000
2024-11-15 12:36:38,9000
2024-11-15 12:36:37,9000
2024-11-15 12:36:36,9000
2024-11-15 12:36:35,9000
2024-11-15 12:36:34,9000
2024-11-15 12:36:33,9000
2024-11-15 12:36:32,9000
2024-11-15 12:36:31,9000
2024-11-15 12:36:30,9000
2024-11-15 12:36:29,9000
2024-11-15 12:36:28,9000
2024-11-15 12:36:27,9000
2024-11-15 12:36:26,9000
2024-11-15 12:36:25,9000
2024-11-15 12:36:24,9000
2024-11-15 12:36:23,9000
2024-11-15 12:36:22,9000
2024-11-15 12:36:21,9000
2024-11-15 12:36:20,9000
2024-11-15 12:36:19,9000
2024-11-15 12:36:18,9000
2024-11-15 12:36:17,9000
2024-11-15 12:36:16,9000
2024-11-15 12:36:15,9000
2024-11-15 12:36:14,9000
2024-11-15 12:36:13,9000
2024-11-15 12:36:12,9000
2024-11-15 12:36:11,9000
2024-11-15 12:36:10,9000
2024-11-15 12:36:09,9000
2024-11-15 12:36:08,9000
2024-11-15 12:36:07,9000
2024-11-15 12:36:06,9000
2024-11-15 12:36:05,9000
2024-11-15 12:36:04,9000
2024-11-15 12:36:03,9000
2024-11-15 12:36:02,9000
2024-11-15 12:36:01,9000
2024-11-15 12:36:00,9000
2024-11-15 12:35:59,9000
2024-11-15 12:35:58,9000
2024-11-15 12:35:57,9000
2024-11-15 12:35:56,9000
2024-11-15 12:35:55,9000
2024-11-15 12:35:54,9000
2024-11-15 12:35:53,9000
2024-11-15 12:35:52,9000
2024-11-15 12:35:51,9000
2024-11-15 12:35:50,9000
2024-11-15 12:35:49,9000
2024-11-15 12:35:48,9000
2024-11-15 12:35:47,9000
2024-11-15 12:35:46,9000
2024-11-15 12:35:45,9000
2024-11-15 12:35:44,9000
2024-11-15 12:35:43,9000
2024-11-15 12:35:42,9000
2024-11-15 12:35:41,9000
2024-11-15 12:35:40,9000
2024-11-15 12:35:39,9000
2024-11-15 12:35:38,9000
2024-11-15 12:35:37,9000
2024-11-15 12:35:36,9000
2024-11-15 12:35:35,9000
2024-11-15 12:35:34,9000
2024-11-15 12:35:33,9000
2024-11-15 12:35:32,9000
2024-11-15 12:35:31,9000
2024-11-15 12:35:30,9000
2024-11-15 12:35:29,9000
2024-11-15 12:35:28,9000
2024-11-15 12:35:27,9000
2024-11-15 12:35:26,9000
2024-11-15 12:35:25,9000
2024-11-15 12:35:24,9000
2024-11-15 12:35:23,9000
2024-11-15 12:35:22,9000
2024-11-15 12:35:21,9000
2024-11-15 12:35:20,9000
2024-11-15 12:35:19,9000
2024-11-15 12:35:18,9000
2024-11-15 12:35:17,9000
2024-11-15 12:35:16,9000
2024-11-15 12:35:15,9000
2024-11-15 12:35:14,9000
2024-11-15 12:35:13,9000
2024-11-15 12:35:12,9000
2024-11-15 12:35:11,9000
2024-11-15 12:35:10,9000
2024-11-15 12:35:09,9000
2024-11-15 12:35:08,9000
2024-11-15 12:35:07,9000
2024-11-15 12:35:06,9000
2024-11-15 12:35:05,9000
2024-11-15 12:35:04,9000
2024-11-15 12:35:03,9000
2024-11-15 12:35:02,9000
2024-11-15 12:35:01,9000
2024-11-15 12:35:00,9000
2024-11-15 12:34:59,9000
2024-11-15 12:34:58,9000
2024-11-15 12:34:57,9000
2024-11-15 12:34:56,9000
2024-11-15 12:34:55,9000
2024-11-15 12:34:54,9000
2024-11-15 12:34:53,9000
2024-11-15 12:34:52,9000
2024-11-15 12:34:51,9000
2024-11-15 12:34:50,9000
2024-11-15 12:34:49,9000
2024-11-15 12:34:48,9000
2024-11-15 12:34:47,9000
2024-11-15 12:34:46,9000
2024-11-15 12:34:45,9000
2024-11-15 12:34:44,9000
2024-11-15 12:34:43,9000
2024-11-15 12:34:42,9000
2024-11-15 12:34:41,9000
2024-11-15 12:34:40,9000
2024-11-15 12:34:39,9000
2024-11-15 12:34:38,9000
2024-11-15 12:34:37,9000
2024-11-15 12:34:36,9000
2024-11-15 12:34:35,9000
2024-11-15 12:34:34,9000
2024-11-15 12:34:33,9000
2024-11-15 12:34:32,9000
2024-11-15 12:34:31,9000
2024-11-15 12:34:30,9000
2024-11-15 12:34:29,9000
2024-11-15 12:34:28,9000
2024-11-15 12:34:27,9000
2024-11-15 12:34:26,9000
2024-11-15 12:34:25,9000
2024-11-15 12:34:24,9000
2024-11-15 12:34:23,9000
2024-11-15 12:34:22,9000
2024-11-15 12:34:21,9000
2024-11-15 12:34:20,9000
2024-11-15 12:34:19,9000
2024-11-15 12:34:18,9000
2024-11-15 12:34:17,9000
2024-11-15 12:34:16,9000
2024-11-15 12:34:15,9000
2024-11-15 12:34:14,9000
2024-11-15 12:34:13,9000
2024-11-15 12:34:12,9000
2024-11-15 12:34:11,9000
2024-11-15 12:34:10,9000
2024-11-15 12:34:09,9000
2024-11-15 12:34:08,9000
2024-11-15 12:34:07,9000
2024-11-15 12:34:06,9000
2024-11-15 12:34:05,9000
2024-11-15 12:34:04,9000
2024-11-15 12:34:03,9000
2024-11-15 12:34:02,9000
2024-11-15 12:34:01,9000
2024-11-15 12:34:00,9000
2024-11-15 12:33:59,9000
2024-11-15 12:33:58,9000
2024-11-15 12:33:57,9000
2024-11-15 12:33:56,9000
2024-11-15 12:33:55,9000
2024-11-15 12:33:54,9000
2024-11-15 12:33:53,9000
2024-11-15 12:33:52,9000
2024-11-15 12:33:51,9000
2024-11-15 12:33:50,9000
2024-11-15 12:33:49,9000
2024-11-15 12:33:48,9000
2024-11-15 12:33:47,9000
2024-11-15 12:33:46,9000
2024-11-15 12:33:45,9000
2024-11-15 12:33:44,9000
2024-11-15 12:33:43,9000
2024-11-15 12:33:42,9000
2024-11-15 12:33:41,9000
2024-11-15 12:33:40,9000
2024-11-15 12:33:39,9000
2024-11-15 12:33:38,9000
2024-11-15 12:33:37,9000
2024-11-15 12:33:36,9000
2024-11-15 12:33:35,9000
2024-11-15 12:33:34,9000
2024-11-15 12:33:33,9000
2024-11-15 12:33:32,9000
2024-11-15 12:33:31,9000
2024-11-15 12:33:30,9000
2024-11-15 12:33:29,9000
2024-11-15 12:33:28,9000
2024-11-15 12:33:27,9000
2024-11-15 12:33:26,9000
2024-11-15 12:33:25,9000
2024-11-15 12:33:24,9000
2024-11-15 12:33:23,9000
2024-11-15 12:33:22,9000
2024-11-15 12:33:21,9000
2024-11-15 12:33:20,9000
2024-11-15 12:33:19,9000
2024-11-15 12:33:18,9000
2024-11-15 12:33:17,9000
2024-11-15 12:33:16,9000
2024-11-15 12:33:15,9000
2024-11-15 12:33:14,9000
2024-11-15 12:33:13,9000
2024-11-15 12:33:12,9000
2024-11-15 12:33:11,9000
2024-11-15 12:33:10,9000
2024-11-15 12:33:09,9000
2024-11-15 12:33:08,9000
2024-11-15 12:33:07,9000
2024-11-15 12:33:06,9000
2024-11-15 12:33:05,9000
2024-11-15 12:33:04,9000
2024-11-15 12:33:03,9000
2024-11-15 12:33:02,9000
2024-11-15 12:33:01,9000
2024-11-15 12:33:00,9000
2024-11-15 12:32:59,9000
2024-11-15 12:32:58,9000
2024-11-15 12:32:57,9000
2024-11-15 12:32:56,9000
2024-11-15 12:32:55,9000
2024-11-15 12:32:54,9000
2024-11-15 12:32:53,9000
2024-11-15 12:32:52,9000
2024-11-15 12:32:51,9000
2024-11-15 12:32:50,9000
2024-11-15 12:32:49,9000
2024-11-15 12:32:48,9000
2024-11-15 12:32:47,9000
2024-11-15 12:32:46,9000
2024-11-15 12:32:45,9000
2024-11-15 12:32:44,9000
2024-11-15 12:32:43,9000
2024-11-15 12:32:42,9000
2024-11-15 12:32:41,9000
2024-11-15 12:32:40,9000
2024-11-15 12:32:39,9000
2024-11-15 12:32:38,9000
2024-11-15 12:32:37,9000
2024-11-15 12:32:36,9000
2024-11-15 12:32:35,9000
2024-11-15 12:32:34,9000
2024-11-15 12:32:33,9000
2024-11-15 12:32:32,9000
2024-11-15 12:32:31,9000
2024-11-15 12:32:30,9000
2024-11-15 12:32:29,9000
2024-11-15 12:32:28,9000
2024-11-15 12:32:27,9000
2024-11-15 12:32:26,9000
2024-11-15 12:32:25,9000
2024-11-15 12:32:24,9000
2024-11-15 12:32:23,9000
2024-11-15 12:32:22,9000
2024-11-15 12:32:21,9000
2024-11-15 12:32:20,9000
2024-11-15 12:32:19,9000
2024-11-15 12:32:18,9000
2024-11-15 12:32:17,9000
2024-11-15 12:32:16,9000
2024-11-15 12:32:15,9000
2024-11-15 12:32:14,9000
2024-11-15 12:32:13,9000
2024-11-15 12:32:12,9000
2024-11-15 12:32:11,9000
2024-11-15 12:32:10,9000
2024-11-15 12:32:09,9000
2024-11-15 12:32:08,9000
2024-11-15 12:32:07,9000
2024-11-15 12:32:06,9000
2024-11-15 12:32:05,9000
2024-11-15 12:32:04,9000
2024-11-15 12:32:03,9000
2024-11-15 12:32:02,9000
2024-11-15 12:32:01,9000
2024-11-15 12:32:00,9000
2024-11-15 12:31:59,9000
2024-11-15 12:31:58,9000
2024-11-15 12:31:57,9000
2024-11-15 12:31:56,9000
2024-11-15 12:31:55,9000
2024-11-15 12:31:54,9000
2024-11-15 12:31:53,9000
2024-11-15 12:31:52,9000
2024-11-15 12:31:51,9000
2024-11-15 12:31:50,9000
2024-11-15 12:31:49,9000
2024-11-15 12:31:48,9000
2024-11-15 12:31:47,9000
2024-11-15 12:31:46,9000
2024-11-15 12:31:45,9000
2024-11-15 12:31:44,9000
2024-11-15 12:31:43,9000
2024-11-15 12:31:42,9000
2024-11-15 12:31:41,9000
2024-11-15 12:31:40,9000
2024-11-15 12:31:39,9000
2024-11-15 12:31:38,9000
2024-11-15 12:31:37,9000
2024-11-15 12:31:36,9000
2024-11-15 12:31:35,9000
2024-11-15 12:31:34,9000
2024-11-15 12:31:33,9000
2024-11-15 12:31:32,9000
2024-11-15 12:31:31,9000
2024-11-15 12:31:30,9000
2024-11-15 12:31:29,9000
2024-11-15 12:31:28,9000
2024-11-15 12:31:27,9000
2024-11-15 12:31:26,9000
2024-11-15 12:31:25,9000
2024-11-15 12:31:24,9000
2024-11-15 12:31:23,9000
2024-11-15 12:31:22,9000
2024-11-15 12:31:21,9000
2024-11-15 12:31:20,9000
2024-11-15 12:31:19,9000
2024-11-15 12:31:18,9000
2024-11-15 12:31:17,9000
2024-11-15 12:31:16,9000
2024-11-15 12:31:15,9000
2024-11-15 12:31:14,9000
2024-11-15 12:31:13,9000
2024-11-15 12:31:12,9000
2024-11-15 12:31:11,9000
2024-11-15 12:31:10,9000
2024-11-15 12:31:09,9000
2024-11-15 12:31:08,9000
2024-11-15 12:31:07,9000
2024-11-15 12:31:06,9000
2024-11-15 12:31:05,9000
2024-11-15 12:31:04,9000
2024-11-15 12:31:03,9000
2024-11-15 12:31:02,9000
2024-11-15 12:31:01,9000
2024-11-15 12:31:00,9000
2024-11-15 12:30:59,9000
2024-11-15 12:30:58,9000
2024-11-15 12:30:57,9000
2024-11-15 12:30:56,9000
2024-11-15 12:30:55,9000
2024-11-15 12:30:54,9000
2024-11-15 12:30:53,9000
2024-11-15 12:30:52,9000
2024-11-15 12:30:51,9000
2024-11-15 12:30:50,9000
2024-11-15 12:30:49,9000
2024-11-15 12:30:48,9000
2024-11-15 12:30:47,9000
2024-11-15 12:30:46,9000
2024-11-15 12:30:45,9000
2024-11-15 12:30:44,9000
2024-11-15 12:30:43,9000
2024-11-15 12:30:42,9000
2024-11-15 12:30:41,9000
2024-11-15 12:30:40,9000
2024-11-15 12:30:39,9000
2024-11-15 12:30:38,9000
2024-11-15 12:30:37,9000
2024-11-15 12:30:36,9000
2024-11-15 12:30:35,9000
2024-11-15 12:30:34,9000
2024-11-15 12:30:33,9000
2024-11-15 12:30:32,9000
2024-11-15 12:30:31,9000
2024-11-15 12:30:30,9000
2024-11-15 12:30:29,9000
2024-11-15 12:30:28,9000
2024-11-15 12:30:27,9000
2024-11-15 12:30:26,9000
2024-11-15 12:30:25,9000
2024-11-15 12:30:24,9000
2024-11-15 12:30:23,9000
2024-11-15 12:30:22,9000
2024-11-15 12:30:21,9000
2024-11-15 12:30:20,9000
2024-11-15 12:30:19,9000
2024-11-15 12:30:18,9000
2024-11-15 12:30:17,9000
2024-11-15 12:30:16,9000
2024-11-15 12:30:15,9000
2024-11-15 12:30:14,9000
2024-11-15 12:30:13,9000
2024-11-15 12:30:12,9000
2024-11-15 12:30:11,9000
2024-11-15 12:30:10,9000
2024-11-15 12:30:09,9000
2024-11-15 12:30:08,9000
2024-11-15 12:30:07,9000
2024-11-15 12:30:06,9000
2024-11-15 12:30:05,9000
2024-11-15 12:30:04,9000
2024-11-15 12:30:03,9000
2024-11-15 12:30:02,9000
2024-11-15 12:30:01,9000
2024-11-15 12:30:00,9000
2024-11-15 12:29:59,9000
2024-11-15 12:29:58,9000
2024-11-15 12:29:57,9000
2024-11-15 12:29:56,9000
2024-11-15 12:29:55,9000
2024-11-15 12:29:54,9000
2024-11-15 12:29:53,9000
2024-11-15 12:29:52,9000
2024-11-15 12:29:51,9000
2024-11-15 12:29:50,9000
2024-11-15 12:29:49,9000
2024-11-15 12:29:48,9000
2024-11-15 12:29:47,9000
2024-11-15 12:29:46,9000
2024-11-15 12:29:45,9000
2024-11-15 12:29:44,9000
2024-11-15 12:29:43,9000
2024-11-15 12:29:42,9000
2024-11-15 12:29:41,9000
2024-11-15 12:29:40,9000
2024-11-15 12:29:39,9000
2024-11-15 12:29:38,9000
2024-11-15 12:29:37,9000
2024-11-15 12:29:36,9000
2024-11-15 12:29:35,9000
2024-11-15 12:29:34,9000
2024-11-15 12:29:33,9000
2024-11-15 12:29:32,9000
2024-11-15 12:29:31,9000
2024-11-15 12:29:30,9000
2024-11-15 12:29:29,9000
2024-11-15 12:29:28,9000
2024-11-15 12:29:27,9000
2024-11-15 12:29:26,9000
2024-11-15 12:29:25,9000
2024-11-15 12:29:24,9000
2024-11-15 12:29:23,9000
2024-11-15 12:29:22,9000
2024-11-15 12:29:21,9000
2024-11-15 12:29:20,9000
2024-11-15 12:29:19,9000
2024-11-15 12:29:18,9000
2024-11-15 12:29:17,9000
2024-11-15 12:29:16,9000
2024-11-15 12:29:15,9000
2024-11-15 12:29:14,9000
2024-11-15 12:29:13,9000
2024-11-15 12:29:12,9000
2024-11-15 12:29:11,9000
2024-11-15 12:29:10,9000
2024-11-15 12:29:09,9000
2024-11-15 12:29:08,9000
2024-11-15 12:29:07,9000
2024-11-15 12:29:06,9000
2024-11-15 12:29:05,9000
2024-11-15 12:29:04,9000
2024-11-15 12:29:03,9000
2024-11-15 12:29:02,9000
2024-11-15 12:29:01,9000
2024-11-15 12:29:00,9000
2024-11-15 12:28:59,9000
2024-11-15 12:28:58,9000
2024-11-15 12:28:57,9000
2024-11-15 12:28:56,9000
2024-11-15 12:28:55,9000
2024-11-15 12:28:54,9000
2024-11-15 12:28:53,9000
2024-11-15 12:28:52,9000
2024-11-15 12:28:51,9000
2024-11-15 12:28:50,9000
2024-11-15 12:28:49,9000
2024-11-15 12:28:48,9000
2024-11-15 12:28:47,9000
2024-11-15 12:28:46,9000
2024-11-15 12:28:45,9000
2024-11-15 12:28:44,9000
2024-11-15 12:28:43,9000
2024-11-15 12:28:42,9000
2024-11-15 12:28:41,9000
2024-11-15 12:28:40,9000
2024-11-15 12:28:39,9000
2024-11-15 12:28:38,9000
2024-11-15 12:28:37,9000
2024-11-15 12:28:36,9000
2024-11-15 12:28:35,9000
2024-11-15 12:28:34,9000
2024-11-15 12:28:33,9000
2024-11-15 12:28:32,9000
2024-11-15 12:28:31,9000
2024-11-15 12:28:30,9000
2024-11-15 12:28:29,9000
2024-11-15 12:28:28,9000
2024-11-15 12:28:27,9000
2024-11-15 12:28:26,9000
2024-11-15 12:28:25,9000
2024-11-15 12:28:24,9000
2024-11-15 12:28:23,9000
2024-11-15 12:28:22,9000
2024-11-15 12:28:21,9000
2024-11-15 12:28:20,9000
2024-11-15 12:28:19,9000
2024-11-15 12:28:18,9000
2024-11-15 12:28:17,9000
2024-11-15 12:28:16,9000
2024-11-15 12:28:15,9000
2024-11-15 12:28:14,9000
2024-11-15 12:28:13,9000
2024-11-15 12:28:12,9000
2024-11-15 12:28:11,9000
2024-11-15 12:28:10,9000
2024-11-15 12:28:09,9000
2024-11-15 12:28:08,9000
2024-11-15 12:28:07,9000
2024-11-15 12:28:06,9000
2024-11-15 12:28:05,9000
2024-11-15 12:28:04,9000
2024-11-15 12:28:03,9000
2024-11-15 12:28:02,9000
2024-11-15 12:28:01,9000
2024-11-15 12:28:00,9000
2024-11-15 12:27:59,9000
2024-11-15 12:27:58,9000
2024-11-15 12:27:57,9000
2024-11-15 12:27:56,9000
2024-11-15 12:27:55,9000
2024-11-15 12:27:54,9000
2024-11-15 12:27:53,9000
2024-11-15 12:27:52,9000
2024-11-15 12:27:51,9000
2024-11-15 12:27:50,9000
2024-11-15 12:27:49,9000
2024-11-15 12:27:48,9000
2024-11-15 12:27:47,9000
2024-11-15 12:27:46,9000
2024-11-15 12:27:45,9000
2024-11-15 12:27:44,9000
2024-11-15 12:27:43,9000
2024-11-15 12:27:42,9000
2024-11-15 12:27:41,9000
2024-11-15 12:27:40,9000
2024-11-15 12:27:39,9000
2024-11-15 12:27:38,9000
2024-11-15 12:27:37,9000
2024-11-15 12:27:36,9000
2024-11-15 12:27:35,9000
2024-11-15 12:27:34,9000
2024-11-15 12:27:33,9000
2024-11-15 12:27:32,9000
2024-11-15 12:27:31,9000
2024-11-15 12:27:30,9000
2024-11-15 12:27:29,9000
2024-11-15 12:27:28,9000
2024-11-15 12:27:27,9000
2024-11-15 12:27:26,9000
2024-11-15 12:27:25,9000
2024-11-15 12:27:24,9000
2024-11-15 12:27:23,9000
2024-11-15 12:27:22,9000
2024-11-15 12:27:21,9000
2024-11-15 12:27:20,9000
2024-11-15 12:27:19,9000
2024-11-15 12:27:18,9000
2024-11-15 12:27:17,9000
2024-11-15 12:27:16,9000
2024-11-15 12:27:15,9000
2024-11-15 12:27:14,9000
2024-11-15 12:27:13,9000
2024-11-15 12:27:12,9000
2024-11-15 12:27:11,9000
2024-11-15 12:27:10,9000
2024-11-15 12:27:09,9000
2024-11-15 12:27:08,9000
2024-11-15 12:27:07,9000
2024-11-15 12:27:06,9000
2024-11-15 12:27:05,9000
2024-11-15 12:27:04,9000
2024-11-15 12:27:03,9000
2024-11-15 12:27:02,9000
2024-11-15 12:27:01,9000
2024-11-15 12:27:00,9000
2024-11-15 12:26:59,9000
2024-11-15 12:26:58,9000
2024-11-15 12:26:57,9000
2024-11-15 12:26:56,9000
2024-11-15 12:26:55,9000
2024-11-15 12:26:54,9000
2024-11-15 12:26:53,9000
2024-11-15 12:26:52,9000
2024-11-15 12:26:51,9000
2024-11-15 12:26:50,9000
2024-11-15 12:26:49,9000
2024-11-15 12:26:48,9000
2024-11-15 12:26:47,9000
2024-11-15 12:26:46,9000
2024-11-15 12:26:45,9000
2024-11-15 12:26:44,9000
2024-11-15 12:26:43,9000
2024-11-15 12:26:42,9000
2024-11-15 12:26:41,9000
2024-11-15 12:26:40,9000
2024-11-15 12:26:39,9000
2024-11-15 12:26:38,9000
2024-11-15 12:26:37,9000
2024-11-15 12:26:36,9000
2024-11-15 12:26:35,9000
2024-11-15 12:26:34,9000
2024-11-15 12:26:33,9000
2024-11-15 12:26:32,9000
2024-11-15 12:26:31,9000
2024-11-15 12:26:30,9000
2024-11-15 12:26:29,9000
2024-11-15 12:26:28,9000
2024-11-15 12:26:27,9000
2024-11-15 12:26:26,9000
2024-11-15 12:26:25,9000
2024-11-15 12:26:24,9000
2024-11-15 12:26:23,9000
2024-11-15 12:26:22,9000
2024-11-15 12:26:21,9000
2024-11-15 12:26:20,9000
2024-11-15 12:26:19,9000
2024-11-15 12:26:18,9000
2024-11-15 12:26:17,9000
2024-11-15 12:26:16,9000
2024-11-15 12:26:15,9000
2024-11-15 12:26:14,9000
2024-11-15 12:26:13,9000
2024-11-15 12:26:12,9000
2024-11-15 12:26:11,9000
2024-11-15 12:26:10,9000
2024-11-15 12:26:09,9000
2024-11-15 12:26:08,9000
2024-11-15 12:26:07,9000
2024-11-15 12:26:06,9000
2024-11-15 12:26:05,9000
2024-11-15 12:26:04,9000
2024-11-15 12:26:03,9000
2024-11-15 12:26:02,9000
2024-11-15 12:26:01,9000
2024-11-15 12:26:00,9000
2024-11-15 12:25:59,9000
2024-11-15 12:25:58,9000
2024-11-15 12:25:57,9000
2024-11-15 12:25:56,9000
2024-11-15 12:25:55,9000
2024-11-15 12:25:54,9000
2024-11-15 12:25:53,9000
2024-11-15 12:25:52,9000
2024-11-15 12:25:51,9000
2024-11-15 12:25:50,9000
2024-11-15 12:25:49,9000
2024-11-15 12:25:48,9000
2024-11-15 12:25:47,9000
2024-11-15 12:25:46,9000
2024-11-15 12:25:45,9000
2024-11-15 12:25:44,9000
2024-11-15 12:25:43,9000
2024-11-15 12:25:42,9000
2024-11-15 12:25:41,9000
2024-11-15 12:25:40,9000
2024-11-15 12:25:39,9000
2024-11-15 12:25:38,9000
2024-11-15 12:25:37,9000
2024-11-15 12:25:36,9000
2024-11-15 12:25:35,9000
2024-11-15 12:25:34,9000
2024-11-15 12:25:33,9000
2024-11-15 12:25:32,9000
2024-11-15 12:25:31,9000
2024-11-15 12:25:30,9000
2024-11-15 12:25:29,9000
2024-11-15 12:25:28,9000
2024-11-15 12:25:27,9000
2024-11-15 12:25:26,9000
2024-11-15 12:25:25,9000
2024-11-15 12:25:24,9000
2024-11-15 12:25:23,9000
2024-11-15 12:25:22,9000
2024-11-15 12:25:21,9000
2024-11-15 12:25:20,9000
2024-11-15 12:25:19,9000
2024-11-15 12:25:18,9000
2024-11-15 12:25:17,9000
2024-11-15 12:25:16,9000
2024-11-15 12:25:15,9000
2024-11-15 12:25:14,9000
2024-11-15 12:25:13,9000
2024-11-15 12:25:12,9000
2024-11-15 12:25:11,9000
2024-11-15 12:25:10,9000
2024-11-15 12:25:09,9000
2024-11-15 12:25:08,9000
2024-11-15 12:25:07,9000
2024-11-15 12:25:06,9000
2024-11-15 12:25:05,9000
2024-11-15 12:25:04,9000
2024-11-15 12:25:03,9000
2024-11-15 12:25:02,9000
2024-11-15 12:25:01,9000
2024-11-15 12:25:00,9000
2024-11-15 12:24:59,9000
2024-11-15 12:24:58,9000
2024-11-15 12:24:57,9000
2024-11-15 12:24:56,9000
2024-11-15 12:24:55,9000
2024-11-15 12:24:54,9000
2024-11-15 12:24:53,9000
2024-11-15 12:24:52,9000
2024-11-15 12:24:51,9000
2024-11-15 12:24:50,9000
2024-11-15 12:24:49,9000
2024-11-15 12:24:48,9000
2024-11-15 12:24:47,9000
2024-11-15 12:24:46,9000
2024-11-15 12:24:45,9000
2024-11-15 12:24:44,9000
2024-11-15 12:24:43,9000
2024-11-15 12:24:42,9000
2024-11-15 12:24:41,9000
2024-11-15 12:24:40,9000
2024-11-15 12:24:39,9000
2024-11-15 12:24:38,9000
2024-11-15 12:24:37,9000
2024-11-15 12:24:36,9000
2024-11-15 12:24:35,9000
2024-11-15 12:24:34,9000
2024-11-15 12:24:33,9000
2024-11-15 12:24:32,9000
2024-11-15 12:24:31,9000
2024-11-15 12:24:30,9000
2024-11-15 12:24:29,9000
2024-11-15 12:24:28,9000
2024-11-15 12:24:27,9000
2024-11-15 12:24:26,9000
2024-11-15 12:24:25,9000
2024-11-15 12:24:24,9000
2024-11-15 12:24:23,9000
2024-11-15 12:24:22,9000
2024-11-15 12:24:21,9000
2024-11-15 12:24:20,9000
2024-11-15 12:24:19,9000
2024-11-15 12:24:18,9000
2024-11-15 12:24:17,9000
2024-11-15 12:24:16,9000
2024-11-15 12:24:15,9000
2024-11-15 12:24:14,9000
2024-11-15 12:24:13,9000
2024-11-15 12:24:12,9000
2024-11-15 12:24:11,9000
2024-11-15 12:24:10,9000
2024-11-15 12:24:09,9000
2024-11-15 12:24:08,9000
2024-11-15 12:24:07,9000
2024-11-15 12:24:06,9000
2024-11-15 12:24:05,9000
2024-11-15 12:24:04,9000
2024-11-15 12:24:03,9000
2024-11-15 12:24:02,9000
2024-11-15 12:24:01,9000
2024-11-15 12:24:00,9000
2024-11-15 12:23:59,9000
2024-11-15 12:23:58,9000
2024-11-15 12:23:57,9000
2024-11-15 12:23:56,9000
2024-11-15 12:23:55,9000
2024-11-15 12:23:54,9000
2024-11-15 12:23:53,9000
2024-11-15 12:23:52,9000
2024-11-15 12:23:51,9000
2024-11-15 12:23:50,9000
2024-11-15 12:23:49,9000
2024-11-15 12:23:48,9000
2024-11-15 12:23:47,9000
2024-11-15 12:23:46,9000
2024-11-15 12:23:45,9000
2024-11-15 12:23:44,9000
2024-11-15 12:23:43,9000
2024-11-15 12:23:42,9000
2024-11-15 12:23:41,9000
2024-11-15 12:23:40,9000
2024-11-15 12:23:39,9000
2024-11-15 12:23:38,9000
2024-11-15 12:23:37,9000
2024-11-15 12:23:36,9000
2024-11-15 12:23:35,9000
2024-11-15 12:23:34,9000
2024-11-15 12:23:33,9000
2024-11-15 12:23:32,9000
2024-11-15 12:23:31,9000
2024-11-15 12:23:30,9000
2024-11-15 12:23:29,9000
2024-11-15 12:23:28,9000
2024-11-15 12:23:27,9000
2024-11-15 12:23:26,9000
2024-11-15 12:23:25,9000
2024-11-15 12:23:24,9000
2024-11-15 12:23:23,9000
2024-11-15 12:23:22,9000
2024-11-15 12:23:21,9000
2024-11-15 12:23:20,9000
2024-11-15 12:23:19,9000
2024-11-15 12:23:18,9000
2024-11-15 12:23:17,9000
2024-11-15 12:23:16,9000
2024-11-15 12:23:15,9000
2024-11-15 12:23:14,9000
2024-11-15 12:23:13,9000
2024-11-15 12:23:12,9000
2024-11-15 12:23:11,9000
2024-11-15 12:23:10,9000
2024-11-15 12:23:09,9000
2024-11-15 12:23:08,9000
2024-11-15 12:23:07,9000
2024-11-15 12:23:06,9000
2024-11-15 12:23:05,9000
2024-11-15 12:23:04,9000
2024-11-15 12:23:03,9000
2024-11-15 12:23:02,9000
2024-11-15 12:23:01,9000
2024-11-15 12:23:00,9000
2024-11-15 12:22:59,9000
2024-11-15 12:22:58,9000
2024-11-15 12:22:57,9000
2024-11-15 12:22:56,9000
2024-11-15 12:22:55,9000
2024-11-15 12:22:54,9000
2024-11-15 12:22:53,9000
2024-11-15 12:22:52,9000
2024-11-15 12:22:51,9000
2024-11-15 12:22:50,9000
2024-11-15 12:22:49,9000
2024-11-15 12:22:48,9000
2024-11-15 12:22:47,9000
2024-11-15 12:22:46,9000
2024-11-15 12:22:45,9000
2024-11-15 12:22:44,9000
2024-11-15 12:22:43,9000
2024-11-15 12:22:42,9000
2024-11-15 12:22:41,9000
2024-11-15 12:22:40,9000
2024-11-15 12:22:39,9000
2024-11-15 12:22:38,9000
2024-11-15 12:22:37,9000
2024-11-15 12:22:36,9000
2024-11-15 12:22:35,9000
2024-11-15 12:22:34,9000
2024-11-15 12:22:33,9000
2024-11-15 12:22:32,9000
2024-11-15 12:22:31,9000
2024-11-15 12:22:30,9000
2024-11-15 12:22:29,9000
2024-11-15 12:22:28,9000
2024-11-15 12:22:27,9000
2024-11-15 12:22:26,9000
2024-11-15 12:22:25,9000
2024-11-15 12:22:24,9000
2024-11-15 12:22:23,9000
2024-11-15 12:22:22,9000
2024-11-15 12:22:21,9000
2024-11-15 12:22:20,9000
2024-11-15 12:22:19,9000
2024-11-15 12:22:18,9000
2024-11-15 12:22:17,9000
2024-11-15 12:22:16,9000
2024-11-15 12:22:15,9000
2024-11-15 12:22:14,9000
2024-11-15 12:22:13,9000
2024-11-15 12:22:12,9000
2024-11-15 12:22:11,9000
2024-11-15 12:22:10,9000
2024-11-15 12:22:09,9000
2024-11-15 12:22:08,9000
2024-11-15 12:22:07,9000
2024-11-15 12:22:06,9000
2024-11-15 12:22:05,9000
2024-11-15 12:22:04,9000
2024-11-15 12:22:03,9000
2024-11-15 12:22:02,9000
2024-11-15 12:22:01,9000
2024-11-15 12:22:00,9000
2024-11-15 12:21:59,9000
2024-11-15 12:21:58,9000
2024-11-15 12:21:57,9000
2024-11-15 12:21:56,9000
2024-11-15 12:21:55,9000
2024-11-15 12:21:54,9000
2024-11-15 12:21:53,9000
2024-11-15 12:21:52,9000
2024-11-15 12:21:51,9000
2024-11-15 12:21:50,9000
2024-11-15 12:21:49,9000
2024-11-15 12:21:48,9000
2024-11-15 12:21:47,9000
2024-11-15 12:21:46,9000
2024-11-15 12:21:45,9000
2024-11-15 12:21:44,9000
2024-11-15 12:21:43,9000
2024-11-15 12:21:42,9000
2024-11-15 12:21:41,9000
2024-11-15 12:21:40,9000
2024-11-15 12:21:39,9000
2024-11-15 12:21:38,9000
2024-11-15 12:21:37,9000
2024-11-15 12:21:36,9000
2024-11-15 12:21:35,9000
2024-11-15 12:21:34,9000
2024-11-15 12:21:33,9000
2024-11-15 12:21:32,9000
2024-11-15 12:21:31,9000
2024-11-15 12:21:30,9000
2024-11-15 12:21:29,9000
2024-11-15 12:21:28,9000
2024-11-15 12:21:27,9000
2024-11-15 12:21:26,9000
2024-11-15 12:21:25,9000
2024-11-15 12:21:24,9000
2024-11-15 12:21:23,9000
2024-11-15 12:21:22,9000
2024-11-15 12:21:21,9000
2024-11-15 12:21:20,9000
2024-11-15 12:21:19,9000
2024-11-15 12:21:18,9000
2024-11-15 12:21:17,9000
2024-11-15 12:21:16,9000
2024-11-15 12:21:15,9000
2024-11-15 12:21:14,9000
2024-11-15 12:21:13,9000
2024-11-15 12:21:12,9000
2024-11-15 12:21:11,9000
2024-11-15 12:21:10,9000
2024-11-15 12:21:09,9000
2024-11-15 12:21:08,9000
2024-11-15 12:21:07,9000
2024-11-15 12:21:06,9000
2024-11-15 12:21:05,9000
2024-11-15 12:21:04,9000
2024-11-15 12:21:03,9000
2024-11-15 12:21:02,9000
2024-11-15 12:21:01,9000
2024-11-15 12:21:00,9000
2024-11-15 12:20:59,9000
2024-11-15 12:20:58,9000
2024-11-15 12:20:57,9000
2024-11-15 12:20:56,9000
2024-11-15 12:20:55,9000
2024-11-15 12:20:54,9000
2024-11-15 12:20:53,9000
2024-11-15 12:20:52,9000
2024-11-15 12:20:51,9000
2024-11-15 12:20:50,9000
2024-11-15 12:20:49,9000
2024-11-15 12:20:48,9000
2024-11-15 12:20:47,9000
2024-11-15 12:20:46,9000
2024-11-15 12:20:45,9000
2024-11-15 12:20:44,9000
2024-11-15 12:20:43,9000
2024-11-15 12:20:42,9000
2024-11-15 12:20:41,9000
2024-11-15 12:20:40,9000
2024-11-15 12:20:39,9000
2024-11-15 12:20:38,9000
2024-11-15 12:20:37,9000
2024-11-15 12:20:36,9000
2024-11-15 12:20:35,9000
2024-11-15 12:20:34,9000
2024-11-15 12:20:33,9000
2024-11-15 12:20:32,9000
2024-11-15 12:20:31,9000
2024-11-15 12:20:30,9000
2024-11-15 12:20:29,9000
2024-11-15 12:20:28,9000
2024-11-15 12:20:27,9000
2024-11-15 12:20:26,9000
2024-11-15 12:20:25,9000
2024-11-15 12:20:24,9000
2024-11-15 12:20:23,9000
2024-11-15 12:20:22,9000
2024-11-15 12:20:21,9000
2024-11-15 12:20:20,9000
2024-11-15 12:20:19,9000
2024-11-15 12:20:18,9000
2024-11-15 12:20:17,9000
2024-11-15 12:20:16,9000
2024-11-15 12:20:15,9000
2024-11-15 12:20:14,9000
2024-11-15 12:20:13,9000
2024-11-15 12:20:12,9000
2024-11-15 12:20:11,9000
2024-11-15 12:20:10,9000
2024-11-15 12:20:09,9000
2024-11-15 12:20:08,9000
2024-11-15 12:20:07,9000
2024-11-15 12:20:06,9000
2024-11-15 12:20:05,9000
2024-11-15 12:20:04,9000
2024-11-15 12:20:03,9000
2024-11-15 12:20:02,9000
2024-11-15 12:20:01,9000
2024-11-15 12:20:00,9000
2024-11-15 12:19:59,9000
2024-11-15 12:19:58,9000
2024-11-15 12:19:57,9000
2024-11-15 12:19:56,9000
2024-11-15 12:19:55,9000
2024-11-15 12:19:54,9000
2024-11-15 12:19:53,9000
2024-11-15 12:19:52,9000
2024-11-15 12:19:51,9000
2024-11-15 12:19:50,9000
2024-11-15 12:19:49,9000
2024-11-15 12:19:48,9000
2024-11-15 12:19:47,9000
2024-11-15 12:19:46,9000
2024-11-15 12:19:45,9000
2024-11-15 12:19:44,9000
2024-11-15 12:19:43,9000
2024-11-15 12:19:42,9000
2024-11-15 12:19:41,9000
2024-11-15 12:19:40,9000
2024-11-15 12:19:39,9000
2024-11-15 12:19:38,9000
2024-11-15 12:19:37,9000
2024-11-15 12:19:36,9000
2024-11-15 12:19:35,9000
2024-11-15 12:19:34,9000
2024-11-15 12:19:33,9000
2024-11-15 12:19:32,9000
2024-11-15 12:19:31,9000
2024-11-15 12:19:30,9000
2024-11-15 12:19:29,9000
2024-11-15 12:19:28,9000
2024-11-15 12:19:27,9000
2024-11-15 12:19:26,9000
2024-11-15 12:19:25,9000
2024-11-15 12:19:24,9000
2024-11-15 12:19:23,9000
2024-11-15 12:19:22,9000
2024-11-15 12:19:21,9000
2024-11-15 12:19:20,9000
2024-11-15 12:19:19,9000
2024-11-15 12:19:18,9000
2024-11-15 12:19:17,9000
2024-11-15 12:19:16,9000
2024-11-15 12:19:15,9000
2024-11-15 12:19:14,9000
2024-11-15 12:19:13,9000
2024-11-15 12:19:12,9000
2024-11-15 12:19:11,9000
2024-11-15 12:19:10,9000
2024-11-15 12:19:09,9000
2024-11-15 12:19:08,9000
2024-11-15 12:19:07,9000
2024-11-15 12:19:06,9000
2024-11-15 12:19:05,9000
2024-11-15 12:19:04,9000
2024-11-15 12:19:03,9000
2024-11-15 12:19:02,9000
2024-11-15 12:19:01,9000
2024-11-15 12:19:00,9000
2024-11-15 12:18:59,9000
2024-11-15 12:18:58,9000
2024-11-15 12:18:57,9000
2024-11-15 12:18:56,9000
2024-11-15 12:18:55,9000
2024-11-15 12:18:54,9000
2024-11-15 12:18:53,9000
2024-11-15 12:18:52,9000
2024-11-15 12:18:51,9000
2024-11-15 12:18:50,9000
2024-11-15 12:18:49,9000
2024-11-15 12:18:48,9000
2024-11-15 12:18:47,9000
2024-11-15 12:18:46,9000
2024-11-15 12:18:45,9000
2024-11-15 12:18:44,9000
2024-11-15 12:18:43,9000
2024-11-15 12:18:42,9000
2024-11-15 12:18:41,9000
2024-11-15 12:18:40,9000
2024-11-15 12:18:39,9000
2024-11-15 12:18:38,9000
2024-11-15 12:18:37,9000
2024-11-15 12:18:36,9000
2024-11-15 12:18:35,9000
2024-11-15 12:18:34,9000
2024-11-15 12:18:33,9000
2024-11-15 12:18:32,9000
2024-11-15 12:18:31,9000
2024-11-15 12:18:30,9000
2024-11-15 12:18:29,9000
2024-11-15 12:18:28,9000
2024-11-15 12:18:27,9000
2024-11-15 12:18:26,9000
2024-11-15 12:18:25,9000
2024-11-15 12:18:24,9000
2024-11-15 12:18:23,9000
2024-11-15 12:18:22,9000
2024-11-15 12:18:21,9000
2024-11-15 12:18:20,9000
2024-11-15 12:18:19,9000
2024-11-15 12:18:18,9000
2024-11-15 12:18:17,9000
2024-11-15 12:18:16,9000
2024-11-15 12:18:15,9000
2024-11-15 12:18:14,9000
2024-11-15 12:18:13,9000
2024-11-15 12:18:12,9000
2024-11-15 12:18:11,9000
2024-11-15 12:18:10,9000
2024-11-15 12:18:09,9000
2024-11-15 12:18:08,9000
2024-11-15 12:18:07,9000
2024-11-15 12:18:06,9000
2024-11-15 12:18:05,9000
2024-11-15 12:18:04,9000
2024-11-15 12:18:03,9000
2024-11-15 12:18:02,9000
2024-11-15 12:18:01,9000
2024-11-15 12:18:00,9000
2024-11-15 12:17:59,9000
2024-11-15 12:17:58,9000
2024-11-15 12:17:57,9000
2024-11-15 12:17:56,9000
2024-11-15 12:17:55,9000
2024-11-15 12:17:54,9000
2024-11-15 12:17:53,9000
2024-11-15 12:17:52,9000
2024-11-15 12:17:51,9000
2024-11-15 12:17:50,9000
2024-11-15 12:17:49,9000
2024-11-15 12:17:48,9000
2024-11-15 12:17:47,9000
2024-11-15 12:17:46,9000
2024-11-15 12:17:45,9000
2024-11-15 12:17:44,9000
2024-11-15 12:17:43,9000
2024-11-15 12:17:42,9000
2024-11-15 12:17:41,9000
2024-11-15 12:17:40,9000
2024-11-15 12:17:39,9000
2024-11-15 12:17:38,9000
2024-11-15 12:17:37,9000
2024-11-15 12:17:36,9000
2024-11-15 12:17:35,9000
2024-11-15 12:17:34,9000
2024-11-15 12:17:33,9000
2024-11-15 12:17:32,9000
2024-11-15 12:17:31,9000
2024-11-15 12:17:30,9000
2024-11-15 12:17:29,9000
2024-11-15 12:17:28,9000
2024-11-15 12:17:27,9000
2024-11-15 12:17:26,9000
2024-11-15 12:17:25,9000
2024-11-15 12:17:24,9000
2024-11-15 12:17:23,9000
2024-11-15 12:17:22,9000
2024-11-15 12:17:21,9000
2024-11-15 12:17:20,9000
2024-11-15 12:17:19,9000
2024-11-15 12:17:18,9000
2024-11-15 12:17:17,9000
2024-11-15 12:17:16,9000
2024-11-15 12:17:15,9000
2024-11-15 12:17:14,9000
2024-11-15 12:17:13,9000
2024-11-15 12:17:12,9000
2024-11-15 12:17:11,9000
2024-11-15 12:17:10,9000
2024-11-15 12:17:09,9000
2024-11-15 12:17:08,9000
2024-11-15 12:17:07,9000
2024-11-15 12:17:06,9000
2024-11-15 12:17:05,9000
2024-11-15 12:17:04,9000
2024-11-15 12:17:03,9000
2024-11-15 12:17:02,9000
2024-11-15 12:17:01,9000
2024-11-15 12:17:00,9000
2024-11-15 12:16:59,9000
2024-11-15 12:16:58,9000
2024-11-15 12:16:57,9000
2024-11-15 12:16:56,9000
2024-11-15 12:16:55,9000
2024-11-15 12:16:54,9000
2024-11-15 12:16:53,9000
2024-11-15 12:16:52,9000
2024-11-15 12:16:51,9000
2024-11-15 12:16:50,9000
2024-11-15 12:16:49,9000
2024-11-15 12:16:48,9000
2024-11-15 12:16:47,9000
2024-11-15 12:16:46,9000
2024-11-15 12:16:45,9000
2024-11-15 12:16:44,9000
2024-11-15 12:16:43,9000
2024-11-15 12:16:42,9000
2024-11-15 12:16:41,9000
2024-11-15 12:16:40,9000
2024-11-15 12:16:39,9000
2024-11-15 12:16:38,9000
2024-11-15 12:16:37,9000
2024-11-15 12:16:36,9000
2024-11-15 12:16:35,9000
2024-11-15 12:16:34,9000
2024-11-15 12:16:33,9000
2024-11-15 12:16:32,9000
2024-11-15 12:16:31,9000
2024-11-15 12:16:30,9000
2024-11-15 12:16:29,9000
2024-11-15 12:16:28,9000
2024-11-15 12:16:27,9000
2024-11-15 12:16:26,9000
2024-11-15 12:16:25,9000
2024-11-15 12:16:24,9000
2024-11-15 12:16:23,9000
2024-11-15 12:16:22,9000
2024-11-15 12:16:21,9000
2024-11-15 12:16:20,9000
2024-11-15 12:16:19,9000
2024-11-15 12:16:18,9000
2024-11-15 12:16:17,9000
2024-11-15 12:16:16,9000
2024-11-15 12:16:15,9000
2024-11-15 12:16:14,9000
2024-11-15 12:16:13,9000
2024-11-15 12:16:12,9000
2024-11-15 12:16:11,9000
2024-11-15 12:16:10,9000
2024-11-15 12:16:09,9000
2024-11-15 12:16:08,9000
2024-11-15 12:16:07,9000
2024-11-15 12:16:06,9000
2024-11-15 12:16:05,9000
2024-11-15 12:16:04,9000
2024-11-15 12:16:03,9000
2024-11-15 12:16:02,9000
2024-11-15 12:16:01,9000
2024-11-15 12:16:00,9000
2024-11-15 12:15:59,9000
2024-11-15 12:15:58,9000
2024-11-15 12:15:57,9000
2024-11-15 12:15:56,9000
2024-11-15 12:15:55,9000
2024-11-15 12:15:54,9000
2024-11-15 12:15:53,9000
2024-11-15 12:15:52,9000
2024-11-15 12:15:51,9000
2024-11-15 12:15:50,9000
2024-11-15 12:15:49,9000
2024-11-15 12:15:48,9000
2024-11-15 12:15:47,9000
2024-11-15 12:15:46,9000
2024-11-15 12:15:45,9000
2024-11-15 12:15:44,9000
2024-11-15 12:15:43,9000
2024-11-15 12:15:42,9000
2024-11-15 12:15:41,9000
2024-11-15 12:15:40,9000
2024-11-15 12:15:39,9000
2024-11-15 12:15:38,9000
2024-11-15 12:15:37,9000
2024-11-15 12:15:36,9000
2024-11-15 12:15:35,9000
2024-11-15 12:15:34,9000
2024-11-15 12:15:33,9000
2024-11-15 12:15:32,9000
2024-11-15 12:15:31,9000
2024-11-15 12:15:30,9000
2024-11-15 12:15:29,9000
2024-11-15 12:15:28,9000
2024-11-15 12:15:27,9000
2024-11-15 12:15:26,9000
2024-11-15 12:15:25,9000
2024-11-15 12:15:24,9000
2024-11-15 12:15:23,9000
2024-11-15 12:15:22,9000
2024-11-15 12:15:21,9000
2024-11-15 12:15:20,9000
2024-11-15 12:15:19,9000
2024-11-15 12:15:18,9000
2024-11-15 12:15:17,9000
2024-11-15 12:15:16,9000
2024-11-15 12:15:15,9000
2024-11-15 12:15:14,9000
2024-11-15 12:15:13,9000
2024-11-15 12:15:12,9000
2024-11-15 12:15:11,9000
2024-11-15 12:15:10,9000
2024-11-15 12:15:09,9000
2024-11-15 12:15:08,9000
2024-11-15 12:15:07,9000
2024-11-15 12:15:06,9000
2024-11-15 12:15:05,9000
2024-11-15 12:15:04,9000
2024-11-15 12:15:03,9000
2024-11-15 12:15:02,9000
2024-11-15 12:15:01,9000
2024-11-15 12:15:00,9000
2024-11-15 12:14:59,9000
2024-11-15 12:14:58,9000
2024-11-15 12:14:57,9000
2024-11-15 12:14:56,9000
2024-11-15 12:14:55,9000
2024-11-15 12:14:54,9000
2024-11-15 12:14:53,9000
2024-11-15 12:14:52,9000
2024-11-15 12:14:51,9000
2024-11-15 12:14:50,9000
2024-11-15 12:14:49,9000
2024-11-15 12:14:48,9000
2024-11-15 12:14:47,9000
2024-11-15 12:14:46,9000
2024-11-15 12:14:45,9000
2024-11-15 12:14:44,9000
2024-11-15 12:14:43,9000
2024-11-15 12:14:42,9000
2024-11-15 12:14:41,9000
2024-11-15 12:14:40,9000
2024-11-15 12:14:39,9000
2024-11-15 12:14:38,9000
2024-11-15 12:14:37,9000
2024-11-15 12:14:36,9000
2024-11-15 12:14:35,9000
2024-11-15 12:14:34,9000
2024-11-15 12:14:33,9000
2024-11-15 12:14:32,9000
2024-11-15 12:14:31,9000
2024-11-15 12:14:30,9000
2024-11-15 12:14:29,9000
2024-11-15 12:14:28,9000
2024-11-15 12:14:27,9000
2024-11-15 12:14:26,9000
2024-11-15 12:14:25,9000
2024-11-15 12:14:24,9000
2024-11-15 12:14:23,9000
2024-11-15 12:14:22,9000
2024-11-15 12:14:21,9000
2024-11-15 12:14:20,9000
2024-11-15 12:14:19,9000
2024-11-15 12:14:18,9000
2024-11-15 12:14:17,9000
2024-11-15 12:14:16,9000
2024-11-15 12:14:15,9000
2024-11-15 12:14:14,9000
2024-11-15 12:14:13,9000
2024-11-15 12:14:12,9000
2024-11-15 12:14:11,9000
2024-11-15 12:14:10,9000
2024-11-15 12:14:09,9000
2024-11-15 12:14:08,9000
2024-11-15 12:14:07,9000
2024-11-15 12:14:06,9000
2024-11-15 12:14:05,9000
2024-11-15 12:14:04,9000
2024-11-15 12:14:03,9000
2024-11-15 12:14:02,9000
2024-11-15 12:14:01,9000
2024-11-15 12:14:00,9000
2024-11-15 12:13:59,9000
2024-11-15 12:13:58,9000
2024-11-15 12:13:57,9000
2024-11-15 12:13:56,9000
2024-11-15 12:13:55,9000
2024-11-15 12:13:54,9000
2024-11-15 12:13:53,9000
2024-11-15 12:13:52,9000
2024-11-15 12:13:51,9000
2024-11-15 12:13:50,9000
2024-11-15 12:13:49,9000
2024-11-15 12:13:48,9000
2024-11-15 12:13:47,9000
2024-11-15 12:13:46,9000
2024-11-15 12:13:45,9000
2024-11-15 12:13:44,9000
2024-11-15 12:13:43,9000
2024-11-15 12:13:42,9000
2024-11-15 12:13:41,9000
2024-11-15 12:13:40,9000
2024-11-15 12:13:39,9000
2024-11-15 12:13:38,9000
2024-11-15 12:13:37,9000
2024-11-15 12:13:36,9000
2024-11-15 12:13:35,9000
2024-11-15 12:13:34,9000
2024-11-15 12:13:33,9000
2024-11-15 12:13:32,9000
2024-11-15 12:13:31,9000
2024-11-15 12:13:30,9000
2024-11-15 12:13:29,9000
2024-11-15 12:13:28,9000
2024-11-15 12:13:27,9000
2024-11-15 12:13:26,9000
2024-11-15 12:13:25,9000
2024-11-15 12:13:24,9000
2024-11-15 12:13:23,9000
2024-11-15 12:13:22,9000
2024-11-15 12:13:21,9000
2024-11-15 12:13:20,9000
2024-11-15 12:13:19,9000
2024-11-15 12:13:18,9000
2024-11-15 12:13:17,9000
2024-11-15 12:13:16,9000
2024-11-15 12:13:15,9000
2024-11-15 12:13:14,9000
2024-11-15 12:13:13,9000
2024-11-15 12:13:12,9000
2024-11-15 12:13:11,9000
2024-11-15 12:13:10,9000
2024-11-15 12:13:09,9000
2024-11-15 12:13:08,9000
2024-11-15 12:13:07,9000
2024-11-15 12:13:06,9000
2024-11-15 12:13:05,9000
2024-11-15 12:13:04,9000
2024-11-15 12:13:03,9000
2024-11-15 12:13:02,9000
2024-11-15 12:13:01,9000
2024-11-15 12:13:00,9000
2024-11-15 12:12:59,9000
2024-11-15 12:12:58,9000
2024-11-15 12:12:57,9000
2024-11-15 12:12:56,9000
2024-11-15 12:12:55,9000
2024-11-15 12:12:54,9000
2024-11-15 12:12:53,9000
2024-11-15 12:12:52,9000
2024-11-15 12:12:51,9000
2024-11-15 12:12:50,9000
2024-11-15 12:12:49,9000
2024-11-15 12:12:48,9000
2024-11-15 12:12:47,9000
2024-11-15 12:12:46,9000
2024-11-15 12:12:45,9000
2024-11-15 12:12:44,9000
2024-11-15 12:12:43,9000
2024-11-15 12:12:42,9000
2024-11-15 12:12:41,9000
2024-11-15 12:12:40,9000
2024-11-15 12:12:39,9000
2024-11-15 12:12:38,9000
2024-11-15 12:12:37,9000
2024-11-15 12:12:36,9000
2024-11-15 12:12:35,9000
2024-11-15 12:12:34,9000
2024-11-15 12:12:33,9000
2024-11-15 12:12:32,9000
2024-11-15 12:12:31,9000
2024-11-15 12:12:30,9000
2024-11-15 12:12:29,9000
2024-11-15 12:12:28,9000
2024-11-15 12:12:27,9000
2024-11-15 12:12:26,9000
2024-11-15 12:12:25,9000
2024-11-15 12:12:24,9000
2024-11-15 12:12:23,9000
2024-11-15 12:12:22,9000
2024-11-15 12:12:21,9000
2024-11-15 12:12:20,9000
2024-11-15 12:12:19,9000
2024-11-15 12:12:18,9000
2024-11-15 12:12:17,9000
2024-11-15 12:12:16,9000
2024-11-15 12:12:15,9000
2024-11-15 12:12:14,9000
2024-11-15 12:12:13,9000
2024-11-15 12:12:12,9000
2024-11-15 12:12:11,9000
2024-11-15 12:12:10,9000
2024-11-15 12:12:09,9000
2024-11-15 12:12:08,9000
2024-11-15 12:12:07,9000
2024-11-15 12:12:06,9000
2024-11-15 12:12:05,9000
2024-11-15 12:12:04,9000
2024-11-15 12:12:03,9000
2024-11-15 12:12:02,9000
2024-11-15 12:12:01,9000
2024-11-15 12:12:00,9000
2024-11-15 12:11:59,9000
2024-11-15 12:11:58,9000
2024-11-15 12:11:57,9000
2024-11-15 12:11:56,9000
2024-11-15 12:11:55,9000
2024-11-15 12:11:54,9000
2024-11-15 12:11:53,9000
2024-11-15 12:11:52,9000
2024-11-15 12:11:51,9000
2024-11-15 12:11:50,9000
2024-11-15 12:11:49,9000
2024-11-15 12:11:48,9000
2024-11-15 12:11:47,9000
2024-11-15 12:11:46,9000
2024-11-15 12:11:45,9000
2024-11-15 12:11:44,9000
2024-11-15 12:11:43,9000
2024-11-15 12:11:42,9000
2024-11-15 12:11:41,9000
2024-11-15 12:11:40,9000
2024-11-15 12:11:39,9000
2024-11-15 12:11:38,9000
2024-11-15 12:11:37,9000
2024-11-15 12:11:36,9000
2024-11-15 12:11:35,9000
2024-11-15 12:11:34,9000
2024-11-15 12:11:33,9000
2024-11-15 12:11:32,9000
2024-11-15 12:11:31,9000
2024-11-15 12:11:30,9000
2024-11-15 12:11:29,9000
2024-11-15 12:11:28,9000
2024-11-15 12:11:27,9000
2024-11-15 12:11:26,9000
2024-11-15 12:11:25,9000
2024-11-15 12:11:24,9000
2024-11-15 12:11:23,9000
2024-11-15 12:11:22,9000
2024-11-15 12:11:21,9000
2024-11-15 12:11:20,9000
2024-11-15 12:11:19,9000
2024-11-15 12:11:18,9000
2024-11-15 12:11:17,9000
2024-11-15 12:11:16,9000
2024-11-15 12:11:15,9000
2024-11-15 12:11:14,9000
2024-11-15 12:11:13,9000
2024-11-15 12:11:12,9000
2024-11-15 12:11:11,9000
2024-11-15 12:11:10,9000
2024-11-15 12:11:09,9000
2024-11-15 12:11:08,9000
2024-11-15 12:11:07,9000
2024-11-15 12:11:06,9000
2024-11-15 12:11:05,9000
2024-11-15 12:11:04,9000
2024-11-15 12:11:03,9000
2024-11-15 12:11:02,9000
2024-11-15 12:11:01,9000
2024-11-15 12:11:00,9000
2024-11-15 12:10:59,9000
2024-11-15 12:10:58,9000
2024-11-15 12:10:57,9000
2024-11-15 12:10:56,9000
2024-11-15 12:10:55,9000
2024-11-15 12:10:54,9000
2024-11-15 12:10:53,9000
2024-11-15 12:10:52,9000
2024-11-15 12:10:51,9000
2024-11-15 12:10:50,9000
2024-11-15 12:10:49,9000
2024-11-15 12:10:48,9000
2024-11-15 12:10:47,9000
2024-11-15 12:10:46,9000
2024-11-15 12:10:45,9000
2024-11-15 12:10:44,9000
2024-11-15 12:10:43,9000
2024-11-15 12:10:42,9000
2024-11-15 12:10:41,9000
2024-11-15 12:10:40,9000
2024-11-15 12:10:39,9000
2024-11-15 12:10:38,9000
2024-11-15 12:10:37,9000
2024-11-15 12:10:36,9000
2024-11-15 12:10:35,9000
2024-11-15 12:10:34,9000
2024-11-15 12:10:33,9000
2024-11-15 12:10:32,9000
2024-11-15 12:10:31,9000
2024-11-15 12:10:30,9000
2024-11-15 12:10:29,9000
2024-11-15 12:10:28,9000
2024-11-15 12:10:27,9000
2024-11-15 12:10:26,9000
2024-11-15 12:10:25,9000
2024-11-15 12:10:24,9000
2024-11-15 12:10:23,9000
2024-11-15 12:10:22,9000
2024-11-15 12:10:21,9000
2024-11-15 12:10:20,9000
2024-11-15 12:10:19,9000
2024-11-15 12:10:18,9000
2024-11-15 12:10:17,9000
2024-11-15 12:10:16,9000
2024-11-15 12:10:15,9000
2024-11-15 12:10:14,9000
2024-11-15 12:10:13,9000
2024-11-15 12:10:12,9000
2024-11-15 12:10:11,9000
2024-11-15 12:10:10,9000
2024-11-15 12:10:09,9000
2024-11-15 12:10:08,9000
2024-11-15 12:10:07,9000
2024-11-15 12:10:06,9000
2024-11-15 12:10:05,9000
2024-11-15 12:10:04,9000
2024-11-15 12:10:03,9000
2024-11-15 12:10:02,9000
2024-11-15 12:10:01,9000
2024-11-15 12:10:00,9000
2024-11-15 12:09:59,9000
2024-11-15 12:09:58,9000
2024-11-15 12:09:57,9000
2024-11-15 12:09:56,9000
2024-11-15 12:09:55,9000
2024-11-15 12:09:54,9000
2024-11-15 12:09:53,9000
2024-11-15 12:09:52,9000
2024-11-15 12:09:51,9000
2024-11-15 12:09:50,9000
2024-11-15 12:09:49,9000
2024-11-15 12:09:48,9000
2024-11-15 12:09:47,9000
2024-11-15 12:09:46,9000
2024-11-15 12:09:45,9000
2024-11-15 12:09:44,9000
2024-11-15 12:09:43,9000
2024-11-15 12:09:42,9000
2024-11-15 12:09:41,9000
2024-11-15 12:09:40,9000
2024-11-15 12:09:39,9000
2024-11-15 12:09:38,9000
2024-11-15 12:09:37,9000
2024-11-15 12:09:36,9000
2024-11-15 12:09:35,9000
2024-11-15 12:09:34,9000
2024-11-15 12:09:33,9000
2024-11-15 12:09:32,9000
2024-11-15 12:09:31,9000
2024-11-15 12:09:30,9000
2024-11-15 12:09:29,9000
2024-11-15 12:09:28,9000
2024-11-15 12:09:27,9000
2024-11-15 12:09:26,9000
2024-11-15 12:09:25,9000
2024-11-15 12:09:24,9000
2024-11-15 12:09:23,9000
2024-11-15 12:09:22,9000
2024-11-15 12:09:21,9000
2024-11-15 12:09:20,9000
2024-11-15 12:09:19,9000
2024-11-15 12:09:18,9000
2024-11-15 12:09:17,9000
2024-11-15 12:09:16,9000
2024-11-15 12:09:15,9000
2024-11-15 12:09:14,9000
2024-11-15 12:09:13,9000
2024-11-15 12:09:12,9000
2024-11-15 12:09:11,9000
2024-11-15 12:09:10,9000
2024-11-15 12:09:09,9000
2024-11-15 12:09:08,9000
2024-11-15 12:09:07,9000
2024-11-15 12:09:06,9000
2024-11-15 12:09:05,9000
2024-11-15 12:09:04,9000
2024-11-15 12:09:03,9000
2024-11-15 12:09:02,9000
2024-11-15 12:09:01,9000
2024-11-15 12:09:00,9000
2024-11-15 12:08:59,9000
2024-11-15 12:08:58,9000
2024-11-15 12:08:57,9000
2024-11-15 12:08:56,9000
2024-11-15 12:08:55,9000
2024-11-15 12:08:54,9000
2024-11-15 12:08:53,9000
2024-11-15 12:08:52,9000
2024-11-15 12:08:51,9000
2024-11-15 12:08:50,9000
2024-11-15 12:08:49,9000
2024-11-15 12:08:48,9000
2024-11-15 12:08:47,9000
2024-11-15 12:08:46,9000
2024-11-15 12:08:45,9000
2024-11-15 12:08:44,9000
2024-11-15 12:08:43,9000
2024-11-15 12:08:42,9000
2024-11-15 12:08:41,9000
2024-11-15 12:08:40,9000
2024-11-15 12:08:39,9000
2024-11-15 12:08:38,9000
2024-11-15 12:08:37,9000
2024-11-15 12:08:36,9000
2024-11-15 12:08:35,9000
2024-11-15 12:08:34,9000
2024-11-15 12:08:33,9000
2024-11-15 12:08:32,9000
2024-11-15 12:08:31,9000
2024-11-15 12:08:30,9000
2024-11-15 12:08:29,9000
2024-11-15 12:08:28,9000
2024-11-15 12:08:27,9000
2024-11-15 12:08:26,9000
2024-11-15 12:08:25,9000
2024-11-15 12:08:24,9000
2024-11-15 12:08:23,9000
2024-11-15 12:08:22,9000
2024-11-15 12:08:21,9000
2024-11-15 12:08:20,9000
2024-11-15 12:08:19,9000
2024-11-15 12:08:18,9000
2024-11-15 12:08:17,9000
2024-11-15 12:08:16,9000
2024-11-15 12:08:15,9000
2024-11-15 12:08:14,9000
2024-11-15 12:08:13,9000
2024-11-15 12:08:12,9000
2024-11-15 12:08:11,9000
2024-11-15 12:08:10,9000
2024-11-15 12:08:09,9000
2024-11-15 12:08:08,9000
2024-11-15 12:08:07,9000
2024-11-15 12:08:06,9000
2024-11-15 12:08:05,9000
2024-11-15 12:08:04,9000
2024-11-15 12:08:03,9000
2024-11-15 12:08:02,9000
2024-11-15 12:08:01,9000
2024-11-15 12:08:00,9000
2024-11-15 12:07:59,9000
2024-11-15 12:07:58,9000
2024-11-15 12:07:57,9000
2024-11-15 12:07:56,9000
2024-11-15 12:07:55,9000
2024-11-15 12:07:54,9000
2024-11-15 12:07:53,9000
2024-11-15 12:07:52,9000
2024-11-15 12:07:51,9000
2024-11-15 12:07:50,9000
2024-11-15 12:07:49,9000
2024-11-15 12:07:48,9000
2024-11-15 12:07:47,9000
2024-11-15 12:07:46,9000
2024-11-15 12:07:45,9000
2024-11-15 12:07:44,9000
2024-11-15 12:07:43,9000
2024-11-15 12:07:42,9000
2024-11-15 12:07:41,9000
2024-11-15 12:07:40,9000
2024-11-15 12:07:39,9000
2024-11-15 12:07:38,9000
2024-11-15 12:07:37,9000
2024-11-15 12:07:36,9000
2024-11-15 12:07:35,9000
2024-11-15 12:07:34,9000
2024-11-15 12:07:33,9000
2024-11-15 12:07:32,9000
2024-11-15 12:07:31,9000
2024-11-15 12:07:30,9000
2024-11-15 12:07:29,9000
2024-11-15 12:07:28,9000
2024-11-15 12:07:27,9000
2024-11-15 12:07:26,9000
2024-11-15 12:07:25,9000
2024-11-15 12:07:24,9000
2024-11-15 12:07:23,9000
2024-11-15 12:07:22,9000
2024-11-15 12:07:21,9000
2024-11-15 12:07:20,9000
2024-11-15 12:07:19,9000
2024-11-15 12:07:18,9000
2024-11-15 12:07:17,9000
2024-11-15 12:07:16,9000
2024-11-15 12:07:15,9000
2024-11-15 12:07:14,9000
2024-11-15 12:07:13,9000
2024-11-15 12:07:12,9000
2024-11-15 12:07:11,9000
2024-11-15 12:07:10,9000
2024-11-15 12:07:09,9000
2024-11-15 12:07:08,9000
2024-11-15 12:07:07,9000
2024-11-15 12:07:06,9000
2024-11-15 12:07:05,9000
2024-11-15 12:07:04,9000
2024-11-15 12:07:03,9000
2024-11-15 12:07:02,9000
2024-11-15 12:07:01,9000
2024-11-15 12:07:00,9000
2024-11-15 12:06:59,9000
2024-11-15 12:06:58,9000
2024-11-15 12:06:57,9000
2024-11-15 12:06:56,9000
2024-11-15 12:06:55,9000
2024-11-15 12:06:54,9000
2024-11-15 12:06:53,9000
2024-11-15 12:06:52,9000
2024-11-15 12:06:51,9000
2024-11-15 12:06:50,9000
2024-11-15 12:06:49,9000
2024-11-15 12:06:48,9000
2024-11-15 12:06:47,9000
2024-11-15 12:06:46,9000
2024-11-15 12:06:45,9000
2024-11-15 12:06:44,9000
2024-11-15 12:06:43,9000
2024-11-15 12:06:42,9000
2024-11-15 12:06:41,9000
2024-11-15 12:06:40,9000
2024-11-15 12:06:39,9000
2024-11-15 12:06:38,9000
2024-11-15 12:06:37,9000
2024-11-15 12:06:36,9000
2024-11-15 12:06:35,9000
2024-11-15 12:06:34,9000
2024-11-15 12:06:33,9000
2024-11-15 12:06:32,9000
2024-11-15 12:06:31,9000
2024-11-15 12:06:30,9000
2024-11-15 12:06:29,9000
2024-11-15 12:06:28,9000
2024-11-15 12:06:27,9000
2024-11-15 12:06:26,9000
2024-11-15 12:06:25,9000
2024-11-15 12:06:24,9000
2024-11-15 12:06:23,9000
2024-11-15 12:06:22,9000
2024-11-15 12:06:21,9000
2024-11-15 12:06:20,9000
2024-11-15 12:06:19,9000
2024-11-15 12:06:18,9000
2024-11-15 12:06:17,9000
2024-11-15 12:06:16,9000
2024-11-15 12:06:15,9000
2024-11-15 12:06:14,9000
2024-11-15 12:06:13,9000
2024-11-15 12:06:12,9000
2024-11-15 12:06:11,9000
2024-11-15 12:06:10,9000
2024-11-15 12:06:09,9000
2024-11-15 12:06:08,9000
2024-11-15 12:06:07,9000
2024-11-15 12:06:06,9000
2024-11-15 12:06:05,9000
2024-11-15 12:06:04,9000
2024-11-15 12:06:03,9000
2024-11-15 12:06:02,9000
2024-11-15 12:06:01,9000
2024-11-15 12:06:00,9000
2024-11-15 12:05:59,9000
2024-11-15 12:05:58,9000
2024-11-15 12:05:57,9000
2024-11-15 12:05:56,9000
2024-11-15 12:05:55,9000
2024-11-15 12:05:54,9000
2024-11-15 12:05:53,9000
2024-11-15 12:05:52,9000
2024-11-15 12:05:51,9000
2024-11-15 12:05:50,9000
2024-11-15 12:05:49,9000
2024-11-15 12:05:48,9000
2024-11-15 12:05:47,9000
2024-11-15 12:05:46,9000
2024-11-15 12:05:45,9000
2024-11-15 12:05:44,9000
2024-11-15 12:05:43,9000
2024-11-15 12:05:42,9000
2024-11-15 12:05:41,9000
2024-11-15 12:05:40,9000
2024-11-15 12:05:39,9000
2024-11-15 12:05:38,9000
2024-11-15 12:05:37,9000
2024-11-15 12:05:36,9000
2024-11-15 12:05:35,9000
2024-11-15 12:05:34,9000
2024-11-15 12:05:33,9000
2024-11-15 12:05:32,9000
2024-11-15 12:05:31,9000
2024-11-15 12:05:30,9000
2024-11-15 12:05:29,9000
2024-11-15 12:05:28,9000
2024-11-15 12:05:27,9000
2024-11-15 12:05:26,9000
2024-11-15 12:05:25,9000
2024-11-15 12:05:24,9000
2024-11-15 12:05:23,9000
2024-11-15 12:05:22,9000
2024-11-15 12:05:21,9000
2024-11-15 12:05:20,9000
2024-11-15 12:05:19,9000
2024-11-15 12:05:18,9000
2024-11-15 12:05:17,9000
2024-11-15 12:05:16,9000
2024-11-15 12:05:15,9000
2024-11-15 12:05:14,9000
2024-11-15 12:05:13,9000
2024-11-15 12:05:12,9000
2024-11-15 12:05:11,9000
2024-11-15 12:05:10,9000
2024-11-15 12:05:09,9000
2024-11-15 12:05:08,9000
2024-11-15 12:05:07,9000
2024-11-15 12:05:06,9000
2024-11-15 12:05:05,9000
2024-11-15 12:05:04,9000
2024-11-15 12:05:03,9000
2024-11-15 12:05:02,9000
2024-11-15 12:05:01,9000
2024-11-15 12:05:00,9000
2024-11-15 12:04:59,9000
2024-11-15 12:04:58,9000
2024-11-15 12:04:57,9000
2024-11-15 12:04:56,9000
2024-11-15 12:04:55,9000
2024-11-15 12:04:54,9000
2024-11-15 12:04:53,9000
2024-11-15 12:04:52,9000
2024-11-15 12:04:51,9000
2024-11-15 12:04:50,9000
2024-11-15 12:04:49,9000
2024-11-15 12:04:48,9000
2024-11-15 12:04:47,9000
2024-11-15 12:04:46,9000
2024-11-15 12:04:45,9000
2024-11-15 12:04:44,9000
2024-11-15 12:04:43,9000
2024-11-15 12:04:42,9000
2024-11-15 12:04:41,9000
2024-11-15 12:04:40,9000
2024-11-15 12:04:39,9000
2024-11-15 12:04:38,9000
2024-11-15 12:04:37,9000
2024-11-15 12:04:36,9000
2024-11-15 12:04:35,9000
2024-11-15 12:04:34,9000
2024-11-15 12:04:33,9000
2024-11-15 12:04:32,9000
2024-11-15 12:04:31,9000
2024-11-15 12:04:30,9000
2024-11-15 12:04:29,9000
2024-11-15 12:04:28,9000
2024-11-15 12:04:27,9000
2024-11-15 12:04:26,9000
2024-11-15 12:04:25,9000
2024-11-15 12:04:24,9000
2024-11-15 12:04:23,9000
2024-11-15 12:04:22,9000
2024-11-15 12:04:21,9000
2024-11-15 12:04:20,9000
2024-11-15 12:04:19,9000
2024-11-15 12:04:18,9000
2024-11-15 12:04:17,9000
2024-11-15 12:04:16,9000
2024-11-15 12:04:15,9000
2024-11-15 12:04:14,9000
2024-11-15 12:04:13,9000
2024-11-15 12:04:12,9000
2024-11-15 12:04:11,9000
2024-11-15 12:04:10,9000
2024-11-15 12:04:09,9000
2024-11-15 12:04:08,9000
2024-11-15 12:04:07,9000
2024-11-15 12:04:06,9000
2024-11-15 12:04:05,9000
2024-11-15 12:04:04,9000
2024-11-15 12:04:03,9000
2024-11-15 12:04:02,9000
2024-11-15 12:04:01,9000
2024-11-15 12:04:00,9000
2024-11-15 12:03:59,9000
2024-11-15 12:03:58,9000
2024-11-15 12:03:57,9000
2024-11-15 12:03:56,9000
2024-11-15 12:03:55,9000
2024-11-15 12:03:54,9000
2024-11-15 12:03:53,9000
2024-11-15 12:03:52,9000
2024-11-15 12:03:51,9000
2024-11-15 12:03:50,9000
2024-11-15 12:03:49,9000
2024-11-15 12:03:48,9000
2024-11-15 12:03:47,9000
2024-11-15 12:03:46,9000
2024-11-15 12:03:45,9000
2024-11-15 12:03:44,9000
2024-11-15 12:03:43,9000
2024-11-15 12:03:42,9000
2024-11-15 12:03:41,9000
2024-11-15 12:03:40,9000
2024-11-15 12:03:39,9000
2024-11-15 12:03:38,9000
2024-11-15 12:03:37,9000
2024-11-15 12:03:36,9000
2024-11-15 12:03:35,9000
2024-11-15 12:03:34,9000
2024-11-15 12:03:33,9000
2024-11-15 12:03:32,9000
2024-11-15 12:03:31,9000
2024-11-15 12:03:30,9000
2024-11-15 12:03:29,9000
2024-11-15 12:03:28,9000
2024-11-15 12:03:27,9000
2024-11-15 12:03:26,9000
2024-11-15 12:03:25,9000
2024-11-15 12:03:24,9000
2024-11-15 12:03:23,9000
2024-11-15 12:03:22,9000
2024-11-15 12:03:21,9000
2024-11-15 12:03:20,9000
2024-11-15 12:03:19,9000
2024-11-15 12:03:18,9000
2024-11-15 12:03:17,9000
2024-11-15 12:03:16,9000
2024-11-15 12:03:15,9000
2024-11-15 12:03:14,9000
2024-11-15 12:03:13,9000
2024-11-15 12:03:12,9000
2024-11-15 12:03:11,9000
2024-11-15 12:03:10,9000
2024-11-15 12:03:09,9000
2024-11-15 12:03:08,9000
2024-11-15 12:03:07,9000
2024-11-15 12:03:06,9000
2024-11-15 12:03:05,9000
2024-11-15 12:03:04,9000
2024-11-15 12:03:03,9000
2024-11-15 12:03:02,9000
2024-11-15 12:03:01,9000
2024-11-15 12:03:00,9000
2024-11-15 12:02:59,9000
2024-11-15 12:02:58,9000
2024-11-15 12:02:57,9000
2024-11-15 12:02:56,9000
2024-11-15 12:02:55,9000
2024-11-15 12:02:54,9000
2024-11-15 12:02:53,9000
2024-11-15 12:02:52,9000
2024-11-15 12:02:51,9000
2024-11-15 12:02:50,9000
2024-11-15 12:02:49,9000
2024-11-15 12:02:48,9000
2024-11-15 12:02:47,9000
2024-11-15 12:02:46,9000
2024-11-15 12:02:45,9000
2024-11-15 12:02:44,9000
2024-11-15 12:02:43,9000
2024-11-15 12:02:42,9000
2024-11-15 12:02:41,9000
2024-11-15 12:02:40,9000
2024-11-15 12:02:39,9000
2024-11-15 12:02:38,9000
2024-11-15 12:02:37,9000
2024-11-15 12:02:36,9000
2024-11-15 12:02:35,9000
2024-11-15 12:02:34,9000
2024-11-15 12:02:33,9000
2024-11-15 12:02:32,9000
2024-11-15 12:02:31,9000
2024-11-15 12:02:30,9000
2024-11-15 12:02:29,9000
2024-11-15 12:02:28,9000
2024-11-15 12:02:27,9000
2024-11-15 12:02:26,9000
2024-11-15 12:02:25,9000
2024-11-15 12:02:24,9000
2024-11-15 12:02:23,9000
2024-11-15 12:02:22,9000
2024-11-15 12:02:21,9000
2024-11-15 12:02:20,9000
2024-11-15 12:02:19,9000
2024-11-15 12:02:18,9000
2024-11-15 12:02:17,9000
2024-11-15 12:02:16,9000
2024-11-15 12:02:15,9000
2024-11-15 12:02:14,9000
2024-11-15 12:02:13,9000
2024-11-15 12:02:12,9000
2024-11-15 12:02:11,9000
2024-11-15 12:02:10,9000
2024-11-15 12:02:09,9000
2024-11-15 12:02:08,9000
2024-11-15 12:02:07,9000
2024-11-15 12:02:06,9000
2024-11-15 12:02:05,9000
2024-11-15 12:02:04,9000
2024-11-15 12:02:03,9000
2024-11-15 12:02:02,9000
2024-11-15 12:02:01,9000
2024-11-15 12:02:00,9000
2024-11-15 12:01:59,9000
2024-11-15 12:01:58,9000
2024-11-15 12:01:57,9000
2024-11-15 12:01:56,9000
2024-11-15 12:01:55,9000
2024-11-15 12:01:54,9000
2024-11-15 12:01:53,9000
2024-11-15 12:01:52,9000
2024-11-15 12:01:51,9000
2024-11-15 12:01:50,9000
2024-11-15 12:01:49,9000
2024-11-15 12:01:48,9000
2024-11-15 12:01:47,9000
2024-11-15 12:01:46,9000
2024-11-15 12:01:45,9000
2024-11-15 12:01:44,9000
2024-11-15 12:01:43,9000
2024-11-15 12:01:42,9000
2024-11-15 12:01:41,9000
2024-11-15 12:01:40,9000
2024-11-15 12:01:39,9000
2024-11-15 12:01:38,9000
2024-11-15 12:01:37,9000
2024-11-15 12:01:36,9000
2024-11-15 12:01:35,9000
2024-11-15 12:01:34,9000
2024-11-15 12:01:33,9000
2024-11-15 12:01:32,9000
2024-11-15 12:01:31,9000
2024-11-15 12:01:30,9000
2024-11-15 12:01:29,9000
2024-11-15 12:01:28,9000
2024-11-15 12:01:27,9000
2024-11-15 12:01:26,9000
2024-11-15 12:01:25,9000
2024-11-15 12:01:24,9000
2024-11-15 12:01:23,9000
2024-11-15 12:01:22,9000
2024-11-15 12:01:21,9000
2024-11-15 12:01:20,9000
2024-11-15 12:01:19,9000
2024-11-15 12:01:18,9000
2024-11-15 12:01:17,9000
2024-11-15 12:01:16,9000
2024-11-15 12:01:15,9000
2024-11-15 12:01:14,9000
2024-11-15 12:01:13,9000
2024-11-15 12:01:12,9000
2024-11-15 12:01:11,9000
2024-11-15 12:01:10,9000
2024-11-15 12:01:09,9000
2024-11-15 12:01:08,9000
2024-11-15 12:01:07,9000
2024-11-15 12:01:06,9000
2024-11-15 12:01:05,9000
2024-11-15 12:01:04,9000
2024-11-15 12:01:03,9000
2024-11-15 12:01:02,9000
