time,time
2024-11-15 21:18:42,0.9999966
2024-11-15 21:18:40,0.9066467
2024-11-15 21:18:38,0.0933543
2024-11-15 21:18:36,1.0000057
2024-11-15 21:18:34,1.0000273
2024-11-15 21:18:32,1.197784
2024-11-15 21:18:30,1.722252
2024-11-15 21:18:28,5.219989
2024-11-15 21:18:26,2.951235
2024-11-15 21:18:24,7.333448
2024-11-15 21:18:22,4.168634
2024-11-15 21:18:20,1.6044123
2024-11-15 21:18:18,1.4267029
2024-11-15 21:18:16,2.333319
2024-11-15 21:18:14,2.135557
2024-11-15 21:18:12,4.175629
2024-11-15 21:18:10,5.371007
2024-11-15 21:18:08,2.422227
2024-11-15 21:18:06,1.66667
2024-11-15 21:18:04,3.051225
2024-11-15 21:18:02,4.373651
2024-11-15 21:18:00,7.595153
2024-11-15 21:17:58,3.666698
2024-11-15 21:17:56,4.161095
2024-11-15 21:17:54,15.773977
2024-11-15 21:17:52,16.478672
2024-11-15 21:17:50,12.444716
2024-11-15 21:17:48,19.37752
2024-11-15 21:17:46,13.334004
2024-11-15 21:17:44,14.618815
2024-11-15 21:17:42,18.46647
2024-11-15 21:17:40,15.65403
2024-11-15 21:17:38,12.271034
2024-11-15 21:17:36,11.666706
2024-11-15 21:17:34,11.666689
2024-11-15 21:17:32,11.744488
2024-11-15 21:17:30,13.246951
2024-11-15 21:17:28,19.79964
2024-11-15 21:17:26,13.404769
2024-11-15 21:17:24,17.33333
2024-11-15 21:17:22,26.03608
2024-11-15 21:17:20,30.41755
2024-11-15 21:17:18,37.56519
2024-11-15 21:17:16,107.55631
2024-11-15 21:17:14,11.000055
2024-11-15 21:17:12,10.406522
2024-11-15 21:17:10,9.406657
2024-11-15 21:17:08,8.953434
2024-11-15 21:17:06,8.764311
2024-11-15 21:17:04,11.333862
2024-11-15 21:17:02,9.35525
2024-11-15 21:17:00,7.703061
2024-11-15 21:16:58,8.686639
2024-11-15 21:16:56,12.170232
2024-11-15 21:16:54,13.751231
2024-11-15 21:16:52,11.333345
2024-11-15 21:16:50,11.926758
2024-11-15 21:16:48,13.360642
2024-11-15 21:16:46,23.33315
2024-11-15 21:16:44,30.25586
2024-11-15 21:16:42,17.4955
2024-11-15 21:16:40,5.203335
2024-11-15 21:16:38,4.802212
2024-11-15 21:16:36,4.884529
2024-11-15 21:16:34,7.000026
2024-11-15 21:16:32,6.604419
2024-11-15 21:16:30,6.348883
2024-11-15 21:16:28,6.313214
2024-11-15 21:16:26,4.593383
2024-11-15 21:16:24,5.608929
2024-11-15 21:16:22,6.666689
2024-11-15 21:16:20,6.271096
2024-11-15 21:16:18,6.593358
2024-11-15 21:16:16,6.906605
2024-11-15 21:16:14,6.000064
2024-11-15 21:16:12,8.373477
2024-11-15 21:16:10,7.033089
2024-11-15 21:16:08,5.988976
2024-11-15 21:16:06,6.511075
2024-11-15 21:16:04,5.000015
2024-11-15 21:16:02,4.703272
2024-11-15 21:16:00,5.192305
2024-11-15 21:15:58,5.837989
2024-11-15 21:15:56,7.297525
2024-11-15 21:15:54,5.333364
2024-11-15 21:15:52,6.025579
2024-11-15 21:15:50,5.807743
2024-11-15 21:15:48,5.395641
2024-11-15 21:15:46,5.906448
2024-11-15 21:15:44,5.124432
2024-11-15 21:15:42,6.333454
2024-11-15 21:15:40,5.9378
2024-11-15 21:15:38,5.791173
2024-11-15 21:15:36,7.04668
2024-11-15 21:15:34,7.359872
2024-11-15 21:15:32,6.000016
2024-11-15 21:15:30,7.780126
2024-11-15 21:15:28,7.417732
2024-11-15 21:15:26,6.271138
2024-11-15 21:15:24,5.666572
2024-11-15 21:15:22,6.263653
2024-11-15 21:15:20,7.081404
2024-11-15 21:15:18,10.566086
2024-11-15 21:15:16,6.500015
2024-11-15 21:15:14,6.515407
2024-11-15 21:15:12,6.666849
2024-11-15 21:15:10,7.161146
2024-11-15 21:15:08,6.609905
2024-11-15 21:15:06,6.031156
2024-11-15 21:15:04,6.333316
2024-11-15 21:15:02,6.531127
2024-11-15 21:15:00,6.760065
2024-11-15 21:14:58,7.666723
2024-11-15 21:14:56,7.468952
2024-11-15 21:14:54,7.442383
2024-11-15 21:14:52,8.266345
2024-11-15 21:14:50,6.466882
2024-11-15 21:14:48,11.000018
2024-11-15 21:14:46,9.219819
2024-11-15 21:14:44,7.604399
2024-11-15 21:14:42,7.675746
2024-11-15 21:14:40,11.000128
2024-11-15 21:14:38,9.022085
2024-11-15 21:14:36,7.853493
2024-11-15 21:14:34,9.666576
2024-11-15 21:14:32,9.567718
2024-11-15 21:14:30,14.543707
2024-11-15 21:14:28,19.97825
2024-11-15 21:14:26,20.33734
2024-11-15 21:14:24,10.666325
2024-11-15 21:14:22,10.864437
2024-11-15 21:14:20,10.604535
2024-11-15 21:14:18,10.333416
2024-11-15 21:14:16,10.333419
2024-11-15 21:14:14,11.619105
2024-11-15 21:14:12,11.906498
2024-11-15 21:14:10,11.79676
2024-11-15 21:14:08,12.65415
2024-11-15 21:14:06,18.43925
2024-11-15 21:14:04,13.000178
2024-11-15 21:14:02,14.978056
2024-11-15 21:14:00,16.068488
2024-11-15 21:13:58,13.453398
2024-11-15 21:13:56,12.999922
2024-11-15 21:13:54,12.604147
2024-11-15 21:13:52,13.282283
2024-11-15 21:13:50,21.86204
2024-11-15 21:13:48,15.666526
2024-11-15 21:13:46,19.82052
2024-11-15 21:13:44,22.20021
2024-11-15 21:13:42,17.6666
2024-11-15 21:13:40,17.46864
2024-11-15 21:13:38,17.30193
2024-11-15 21:13:36,17.00026
2024-11-15 21:13:34,27.97743
2024-11-15 21:13:32,26.50022
2024-11-15 21:13:30,20.95585
2024-11-15 21:13:28,26.31575
2024-11-15 21:13:26,19.66735
2024-11-15 21:13:24,19.86415
2024-11-15 21:13:22,19.90573
2024-11-15 21:13:20,19.00029
2024-11-15 21:13:18,25.82365
2024-11-15 21:13:16,22.88487
2024-11-15 21:13:14,18.16479
2024-11-15 21:13:12,23.00015
2024-11-15 21:13:10,20.92316
2024-11-15 21:13:08,22.17015
2024-11-15 21:13:06,21.92307
2024-11-15 21:13:04,25.93921
2024-11-15 21:13:02,28.85748
2024-11-15 21:13:00,21.12466
2024-11-15 21:12:58,22.33318
2024-11-15 21:12:56,21.83879
2024-11-15 21:12:54,34.85184
2024-11-15 21:12:52,42.31974
2024-11-15 21:12:50,25.95292
2024-11-15 21:12:48,25.35961
2024-11-15 21:12:46,24.37288
2024-11-15 21:12:44,28.27986
2024-11-15 21:12:42,31.00049
2024-11-15 21:12:40,27.73657
2024-11-15 21:12:38,33.80737
2024-11-15 21:12:36,31.68697
2024-11-15 21:12:34,26.48887
2024-11-15 21:12:32,28.00014
2024-11-15 21:12:30,27.99993
2024-11-15 21:12:28,28.59344
2024-11-15 21:12:26,29.31158
2024-11-15 21:12:24,32.33396
2024-11-15 21:12:22,35.30002
2024-11-15 21:12:20,36.32073
2024-11-15 21:12:18,27.52694
2024-11-15 21:12:16,37.36033
2024-11-15 21:12:14,36.00166
2024-11-15 21:12:12,40.74631
2024-11-15 21:12:10,44.98775
2024-11-15 21:12:08,44.20389
2024-11-15 21:12:06,30.41983
2024-11-15 21:12:04,34.64006
2024-11-15 21:12:02,36.00014
2024-11-15 21:12:00,34.2199
2024-11-15 21:11:58,35.96668
2024-11-15 21:11:56,37.80222
2024-11-15 21:11:54,38.39821
2024-11-15 21:11:52,45.77989
2024-11-15 21:11:50,46.95904
2024-11-15 21:11:48,32.87146
2024-11-15 21:11:46,41.33416
2024-11-15 21:11:44,49.14614
2024-11-15 21:11:42,46.78601
2024-11-15 21:11:40,41.20328
2024-11-15 21:11:38,41.56005
2024-11-15 21:11:36,47.00008
2024-11-15 21:11:34,42.25291
2024-11-15 21:11:32,42.56041
2024-11-15 21:11:30,44.19113
2024-11-15 21:11:28,36.33297
2024-11-15 21:11:26,42.46592
2024-11-15 21:11:24,45.85857
2024-11-15 21:11:22,38.34064
2024-11-15 21:11:20,41.67339
2024-11-15 21:11:18,52.54363
2024-11-15 21:11:16,59.69742
2024-11-15 21:11:14,52.37922
2024-11-15 21:11:12,42.66046
2024-11-15 21:11:10,39.59221
2024-11-15 21:11:08,41.98905
2024-11-15 21:11:06,44.96267
2024-11-15 21:11:04,41.9562
2024-11-15 21:11:02,46.31279
2024-11-15 21:11:00,51.8535
2024-11-15 21:10:58,53.66638
2024-11-15 21:10:56,43.77702
2024-11-15 21:10:54,46.19715
2024-11-15 21:10:52,48.24758
2024-11-15 21:10:50,45.83172
2024-11-15 21:10:48,50.66616
2024-11-15 21:10:46,54.62225
2024-11-15 21:10:44,56.46186
2024-11-15 21:10:42,47.28395
2024-11-15 21:10:40,40.33341
2024-11-15 21:10:38,45.67349
2024-11-15 21:10:36,50.23582
2024-11-15 21:10:34,59.00313
2024-11-15 21:10:32,64.04306
2024-11-15 21:10:30,66.01476
2024-11-15 21:10:28,55.11051
2024-11-15 21:10:26,51.44622
2024-11-15 21:10:24,81.66664
2024-11-15 21:10:22,78.60095
2024-11-15 21:10:20,58.00633
2024-11-15 21:10:18,46.60997
2024-11-15 21:10:16,59.00476
2024-11-15 21:10:14,55.73483
2024-11-15 21:10:12,72.48588
2024-11-15 21:10:10,92.9167
2024-11-15 21:10:08,68.72622
2024-11-15 21:10:06,49.58484
2024-11-15 21:10:04,59.63537
2024-11-15 21:10:02,70.66693
2024-11-15 21:10:00,66.90873
2024-11-15 21:09:58,66.63683
2024-11-15 21:09:56,86.88341
2024-11-15 21:09:54,66.33285
2024-11-15 21:09:52,56.64194
2024-11-15 21:09:50,51.52645
2024-11-15 21:09:48,66.33371
2024-11-15 21:09:46,97.88223
2024-11-15 21:09:44,97.44505
2024-11-15 21:09:42,80.94804
2024-11-15 21:09:40,67.59175
2024-11-15 21:09:38,71.59797
2024-11-15 21:09:36,101.66795
2024-11-15 21:09:34,76.34831
2024-11-15 21:09:32,54.84589
2024-11-15 21:09:30,63.86722
2024-11-15 21:09:28,69.44694
2024-11-15 21:09:26,44.66673
2024-11-15 21:09:24,82.54273
2024-11-15 21:09:22,74.18418
2024-11-15 21:09:20,50.85486
2024-11-15 21:09:18,52.66728
2024-11-15 21:09:16,50.19346
2024-11-15 21:09:14,90.03772
2024-11-15 21:09:12,93.47889
2024-11-15 21:09:10,78.29481
2024-11-15 21:09:08,97.33242
2024-11-15 21:09:06,68.35519
2024-11-15 21:09:04,79.65189
2024-11-15 21:09:02,73.70464
2024-11-15 21:09:00,55.04651
2024-11-15 21:08:58,54.11526
2024-11-15 21:08:56,40.66734
2024-11-15 21:08:54,42.34837
2024-11-15 21:08:52,40.23711
2024-11-15 21:08:50,44.82257
2024-11-15 21:08:48,106.60433
2024-11-15 21:08:46,64.00361
2024-11-15 21:08:44,49.16289
2024-11-15 21:08:42,48.49294
2024-11-15 21:08:40,52.82437
2024-11-15 21:08:38,53.91756
2024-11-15 21:08:36,78.09698
2024-11-15 21:08:34,69.33437
2024-11-15 21:08:32,97.62066
2024-11-15 21:08:30,80.50354
2024-11-15 21:08:28,33.24699
2024-11-15 21:08:26,37.58132
2024-11-15 21:08:24,39.52801
2024-11-15 21:08:22,30.53063
2024-11-15 21:08:20,20.79177
2024-11-15 21:08:18,33.33377
2024-11-15 21:08:16,30.16864
2024-11-15 21:08:14,28.65357
2024-11-15 21:08:12,35.49779
2024-11-15 21:08:10,40.33382
2024-11-15 21:08:08,33.60827
2024-11-15 21:08:06,47.69166
2024-11-15 21:08:04,64.35706
2024-11-15 21:08:02,37.9236
2024-11-15 21:08:00,19.18676
2024-11-15 21:07:58,22.1172
2024-11-15 21:07:56,42.66641
2024-11-15 21:07:54,29.80982
2024-11-15 21:07:52,35.83534
2024-11-15 21:07:50,43.60332
2024-11-15 21:07:48,20.33284
2024-11-15 21:07:46,25.47538
2024-11-15 21:07:44,29.59335
2024-11-15 21:07:42,30.59197
2024-11-15 21:07:40,36.3332
2024-11-15 21:07:38,28.22375
2024-11-15 21:07:36,25.21949
2024-11-15 21:07:34,51.39962
2024-11-15 21:07:32,60.70474
2024-11-15 21:07:30,19.00032
2024-11-15 21:07:28,16.033136
2024-11-15 21:07:26,16.769114
2024-11-15 21:07:24,19.9585
2024-11-15 21:07:22,32.11083
2024-11-15 21:07:20,28.33313
2024-11-15 21:07:18,16.268008
2024-11-15 21:07:16,17.69196
2024-11-15 21:07:14,23.04154
2024-11-15 21:07:12,10.328789
2024-11-15 21:07:10,8.666675
2024-11-15 21:07:08,10.446872
2024-11-15 21:07:06,13.254457
2024-11-15 21:07:04,28.66669
2024-11-15 21:07:02,20.55665
2024-11-15 21:07:00,48.03008
2024-11-15 21:06:58,64.50491
2024-11-15 21:06:56,4.666716
2024-11-15 21:06:54,4.86443
2024-11-15 21:06:52,7.175663
2024-11-15 21:06:50,8.293282
2024-11-15 21:06:48,4.66667
2024-11-15 21:06:46,5.260027
2024-11-15 21:06:44,5.697773
2024-11-15 21:06:42,6.249062
2024-11-15 21:06:40,8.666644
2024-11-15 21:06:38,7.677726
2024-11-15 21:06:36,6.813267
2024-11-15 21:06:34,5.0933
2024-11-15 21:06:32,6.217686
2024-11-15 21:06:30,8.333436
2024-11-15 21:06:28,6.355587
2024-11-15 21:06:26,5.000129
2024-11-15 21:06:24,5.046541
2024-11-15 21:06:22,5.920127
2024-11-15 21:06:20,9.564256
2024-11-15 21:06:18,5.33334
2024-11-15 21:06:16,4.937774
2024-11-15 21:06:14,4.791198
2024-11-15 21:06:12,5.999946
2024-11-15 21:06:10,5.999979
2024-11-15 21:06:08,5.999994
2024-11-15 21:06:06,5.999914
2024-11-15 21:06:04,6.791202
2024-11-15 21:06:02,7.675913
2024-11-15 21:06:00,11.000055
2024-11-15 21:05:58,10.406661
2024-11-15 21:05:56,10.197729
2024-11-15 21:05:54,10.208694
2024-11-15 21:05:52,8.99997
2024-11-15 21:05:50,11.175796
2024-11-15 21:05:48,13.133798
2024-11-15 21:05:46,17.66645
2024-11-15 21:05:44,14.501907
2024-11-15 21:05:42,12.302203
2024-11-15 21:05:40,12.000016
2024-11-15 21:05:38,11.703332
2024-11-15 21:05:36,13.280173
2024-11-15 21:05:34,13.906539
2024-11-15 21:05:32,12.80768
2024-11-15 21:05:30,13.375988
2024-11-15 21:05:28,22.67516
2024-11-15 21:05:26,14.66674
2024-11-15 21:05:24,14.073318
2024-11-15 21:05:22,14.117954
2024-11-15 21:05:20,18.0176
2024-11-15 21:05:18,13.333996
2024-11-15 21:05:16,13.135454
2024-11-15 21:05:14,13.046189
2024-11-15 21:05:12,14.169378
2024-11-15 21:05:10,20.66674
2024-11-15 21:05:08,19.97429
2024-11-15 21:05:06,13.566032
2024-11-15 21:05:04,8.610088
2024-11-15 21:05:02,8.841152
2024-11-15 21:05:00,16.345899
2024-11-15 21:04:58,9.781872
2024-11-15 21:04:56,7.666736
2024-11-15 21:04:54,8.260069
2024-11-15 21:04:52,8.635481
2024-11-15 21:04:50,8.333425
2024-11-15 21:04:48,7.739924
2024-11-15 21:04:46,7.364432
2024-11-15 21:04:44,7.666708
2024-11-15 21:04:42,7.567596
2024-11-15 21:04:40,9.57687
2024-11-15 21:04:38,10.719987
2024-11-15 21:04:36,8.03077
2024-11-15 21:04:34,8.333322
2024-11-15 21:04:32,12.486886
2024-11-15 21:04:30,14.742003
2024-11-15 21:04:28,9.466826
2024-11-15 21:04:26,13.62652
2024-11-15 21:04:24,10.279822
2024-11-15 21:04:22,13.00042
2024-11-15 21:04:20,13.59347
2024-11-15 21:04:18,13.844243
2024-11-15 21:04:16,12.333321
2024-11-15 21:04:14,10.948773
2024-11-15 21:04:12,11.186759
2024-11-15 21:04:10,11.96894
2024-11-15 21:04:08,11.666667
2024-11-15 21:04:06,11.864437
2024-11-15 21:04:04,12.395757
2024-11-15 21:04:02,13.071659
2024-11-15 21:04:00,17.77738
2024-11-15 21:03:58,25.33455
2024-11-15 21:03:56,18.9049
2024-11-15 21:03:54,18.75295
2024-11-15 21:03:52,21.13731
2024-11-15 21:03:50,16.27997
2024-11-15 21:03:48,18.71882
2024-11-15 21:03:46,16.497608
2024-11-15 21:03:44,21.33394
2024-11-15 21:03:42,18.95995
2024-11-15 21:03:40,17.02197
2024-11-15 21:03:38,14.000061
2024-11-15 21:03:36,16.96662
2024-11-15 21:03:34,17.02246
2024-11-15 21:03:32,15.978826
2024-11-15 21:03:30,18.71887
2024-11-15 21:03:28,16.8404
2024-11-15 21:03:26,24.99999
2024-11-15 21:03:24,19.9563
2024-11-15 21:03:22,19.36831
2024-11-15 21:03:20,21.25591
2024-11-15 21:03:18,20.60899
2024-11-15 21:03:16,21.66609
2024-11-15 21:03:14,26.31445
2024-11-15 21:03:12,23.66506
2024-11-15 21:03:10,20.66251
2024-11-15 21:03:08,30.33341
2024-11-15 21:03:06,24.59755
2024-11-15 21:03:04,21.6784
2024-11-15 21:03:02,30.98616
2024-11-15 21:03:00,26.00009
2024-11-15 21:02:58,30.74693
2024-11-15 21:02:56,27.86842
2024-11-15 21:02:54,23.79113
2024-11-15 21:02:52,24.95333
2024-11-15 21:02:50,24.70248
2024-11-15 21:02:48,26.66732
2024-11-15 21:02:46,28.64482
2024-11-15 21:02:44,29.65733
2024-11-15 21:02:42,26.33345
2024-11-15 21:02:40,28.11323
2024-11-15 21:02:38,29.48844
2024-11-15 21:02:36,31.00034
2024-11-15 21:02:34,34.26386
2024-11-15 21:02:32,32.84096
2024-11-15 21:02:30,32.35731
2024-11-15 21:02:28,51.99899
2024-11-15 21:02:26,42.50523
2024-11-15 21:02:24,30.4619
2024-11-15 21:02:22,27.91195
2024-11-15 21:02:20,39.75071
2024-11-15 21:02:18,37.33361
2024-11-15 21:02:16,39.21166
2024-11-15 21:02:14,34.46732
2024-11-15 21:02:12,30.39595
2024-11-15 21:02:10,31.43555
2024-11-15 21:02:08,35.66667
2024-11-15 21:02:06,38.83138
2024-11-15 21:02:04,40.15979
2024-11-15 21:02:02,32.43565
2024-11-15 21:02:00,36.67185
2024-11-15 21:01:58,42.79863
2024-11-15 21:01:56,45.71837
2024-11-15 21:01:54,33.33326
2024-11-15 21:01:52,36.30023
2024-11-15 21:01:50,39.5162
2024-11-15 21:01:48,51
2024-11-15 21:01:46,42.49514
2024-11-15 21:01:44,36.37108
2024-11-15 21:01:42,34.1682
2024-11-15 21:01:40,40.66728
2024-11-15 21:01:38,40.27159
2024-11-15 21:01:36,40.28048
2024-11-15 21:01:34,42.29879
2024-11-15 21:01:32,36.76009
2024-11-15 21:01:30,49.00039
2024-11-15 21:01:28,43.36305
2024-11-15 21:01:26,42.46653
2024-11-15 21:01:24,46.57726
2024-11-15 21:01:22,48.53026
2024-11-15 21:01:20,53.66665
2024-11-15 21:01:18,47.13954
2024-11-15 21:01:16,42.72925
2024-11-15 21:01:14,43.33336
2024-11-15 21:01:12,47.28833
2024-11-15 21:01:10,43.66999
2024-11-15 21:01:08,39.76909
2024-11-15 21:01:06,43.95349
2024-11-15 21:01:04,46.1607
2024-11-15 21:01:02,72.01534
2024-11-15 21:01:00,55.1811
2024-11-15 21:00:58,44.06456
2024-11-15 21:00:56,48.00064
2024-11-15 21:00:54,47.10992
2024-11-15 21:00:52,48.77453
2024-11-15 21:00:50,51.82767
2024-11-15 21:00:48,66.33207
2024-11-15 21:00:46,55.05845
2024-11-15 21:00:44,47.16202
2024-11-15 21:00:42,45.64011
2024-11-15 21:00:40,47.84238
2024-11-15 21:00:38,56.00069
2024-11-15 21:00:36,67.27418
2024-11-15 21:00:34,57.79001
2024-11-15 21:00:32,46.80877
2024-11-15 21:00:30,54.66692
2024-11-15 21:00:28,75.33673
2024-11-15 21:00:26,80.30222
2024-11-15 21:00:24,71.38477
2024-11-15 21:00:22,49.5017
2024-11-15 21:00:20,81.08792
2024-11-15 21:00:18,57.66663
2024-11-15 21:00:16,62.01824
2024-11-15 21:00:14,65.12466
2024-11-15 21:00:12,66.33313
2024-11-15 21:00:10,65.54227
2024-11-15 21:00:08,65.74738
2024-11-15 21:00:06,74.40029
2024-11-15 21:00:04,85.01117
2024-11-15 21:00:02,58.23887
2024-11-15 21:00:00,80.00403
2024-11-15 20:59:58,67.24287
2024-11-15 20:59:56,81.54853
2024-11-15 20:59:54,95.7183
2024-11-15 20:59:52,79.99128
2024-11-15 20:59:50,69.90967
2024-11-15 20:59:48,77.83446
2024-11-15 20:59:46,84.88723
2024-11-15 20:59:44,54.66692
2024-11-15 20:59:42,61.7873
2024-11-15 20:59:40,68.56534
2024-11-15 20:59:38,86.99988
2024-11-15 20:59:36,63.85845
2024-11-15 20:59:34,48.46709
2024-11-15 20:59:32,52.99989
2024-11-15 20:59:30,72.87809
2024-11-15 20:59:28,95.10442
2024-11-15 20:59:26,97.51412
2024-11-15 20:59:24,63.66586
2024-11-15 20:59:22,68.41431
2024-11-15 20:59:20,73.1469
2024-11-15 20:59:18,87.17121
2024-11-15 20:59:16,84.00314
2024-11-15 20:59:14,82.51518
2024-11-15 20:59:12,69.13591
2024-11-15 20:59:10,60.94642
2024-11-15 20:59:08,63.66699
2024-11-15 20:59:06,67.42497
2024-11-15 20:59:04,66.91851
2024-11-15 20:59:02,37.79329
2024-11-15 20:59:00,47.60199
2024-11-15 20:58:58,68.02168
2024-11-15 20:58:56,67.10005
2024-11-15 20:58:54,70.34426
2024-11-15 20:58:52,55.39739
2024-11-15 20:58:50,48.06952
2024-11-15 20:58:48,94.00884
2024-11-15 20:58:46,62.53974
2024-11-15 20:58:44,80.15981
2024-11-15 20:58:42,91.57264
2024-11-15 20:58:40,76.23772
2024-11-15 20:58:38,30.46713
2024-11-15 20:58:36,34.99949
2024-11-15 20:58:34,38.56007
2024-11-15 20:58:32,46.04372
2024-11-15 20:58:30,52.76323
2024-11-15 20:58:28,45.80246
2024-11-15 20:58:26,44.55021
2024-11-15 20:58:24,49.32026
2024-11-15 20:58:22,62.82274
2024-11-15 20:58:20,71.00021
2024-11-15 20:58:18,47.85731
2024-11-15 20:58:16,81.54979
2024-11-15 20:58:14,72.17997
2024-11-15 20:58:12,48.73
2024-11-15 20:58:10,50.01261
2024-11-15 20:58:08,21.00023
2024-11-15 20:58:06,23.76912
2024-11-15 20:58:04,26.39791
2024-11-15 20:58:02,33.40691
2024-11-15 20:58:00,34.32036
2024-11-15 20:57:58,52.41969
2024-11-15 20:57:56,53.68286
2024-11-15 20:57:54,26.33375
2024-11-15 20:57:52,52.64039
2024-11-15 20:57:50,68.27026
2024-11-15 20:57:48,47.30275
2024-11-15 20:57:46,69.66715
2024-11-15 20:57:44,36.43723
2024-11-15 20:57:42,13.651303
2024-11-15 20:57:40,13.763589
2024-11-15 20:57:38,16.33384
2024-11-15 20:57:36,16.728955
2024-11-15 20:57:34,21.94464
2024-11-15 20:57:32,24.95996
2024-11-15 20:57:30,21.33547
2024-11-15 20:57:28,43.68495
2024-11-15 20:57:26,53.65564
2024-11-15 20:57:24,29.52873
2024-11-15 20:57:22,24.69698
2024-11-15 20:57:20,28.79073
2024-11-15 20:57:18,7.33335
2024-11-15 20:57:16,8.322296
2024-11-15 20:57:14,8.999854
2024-11-15 20:57:12,10.978283
2024-11-15 20:57:10,12.162816
2024-11-15 20:57:08,10.826063
2024-11-15 20:57:06,13.999925
2024-11-15 20:57:04,16.572284
2024-11-15 20:57:02,17.9919
2024-11-15 20:57:00,14.665332
2024-11-15 20:56:58,12.787078
2024-11-15 20:56:56,8.236438
2024-11-15 20:56:54,17.07669
2024-11-15 20:56:52,23.15695
2024-11-15 20:56:50,8.4064
2024-11-15 20:56:48,7.951302
2024-11-15 20:56:46,12.333379
2024-11-15 20:56:44,13.322168
2024-11-15 20:56:42,9.549698
2024-11-15 20:56:40,13.719376
2024-11-15 20:56:38,17.43734
2024-11-15 20:56:36,5.406625
2024-11-15 20:56:34,4.64025
2024-11-15 20:56:32,5.999914
2024-11-15 20:56:30,6.197715
2024-11-15 20:56:28,6.348824
2024-11-15 20:56:26,6.406634
2024-11-15 20:56:24,5.640078
2024-11-15 20:56:22,6.859936
2024-11-15 20:56:20,5.484415
2024-11-15 20:56:18,5.333378
2024-11-15 20:56:16,5.728932
2024-11-15 20:56:14,5.20885
2024-11-15 20:56:12,4.853489
2024-11-15 20:56:10,6.666604
2024-11-15 20:56:08,7.754421
2024-11-15 20:56:06,9.785736
2024-11-15 20:56:04,10.573513
2024-11-15 20:56:02,9.666515
2024-11-15 20:56:00,6.69975
2024-11-15 20:55:58,4.931369
2024-11-15 20:55:56,7.593185
2024-11-15 20:55:54,8.266552
2024-11-15 20:55:52,5.937672
2024-11-15 20:55:50,5.333362
2024-11-15 20:55:48,6.3223
2024-11-15 20:55:46,7.28012
2024-11-15 20:55:44,9.595368
2024-11-15 20:55:42,5.666684
2024-11-15 20:55:40,5.567772
2024-11-15 20:55:38,5.401091
2024-11-15 20:55:36,5.457811
2024-11-15 20:55:34,6.666718
2024-11-15 20:55:32,6.666654
2024-11-15 20:55:30,6.604376
2024-11-15 20:55:28,6.000024
2024-11-15 20:55:26,6.989005
2024-11-15 20:55:24,7.853498
2024-11-15 20:55:22,9.666599
2024-11-15 20:55:20,7.787516
2024-11-15 20:55:18,6.796709
2024-11-15 20:55:16,7.513761
2024-11-15 20:55:14,11.986244
2024-11-15 20:55:12,7.031024
2024-11-15 20:55:10,7.333394
2024-11-15 20:55:08,7.926672
2024-11-15 20:55:06,8.115459
2024-11-15 20:55:04,6.000106
2024-11-15 20:55:02,6.988992
2024-11-15 20:55:00,7.542161
2024-11-15 20:54:58,6.333344
2024-11-15 20:54:56,8.212245
2024-11-15 20:54:54,8.313185
2024-11-15 20:54:52,7.599308
2024-11-15 20:54:50,8.197032
2024-11-15 20:54:48,13.332351
2024-11-15 20:54:46,10.464926
2024-11-15 20:54:44,8.203168
2024-11-15 20:54:42,8.197823
2024-11-15 20:54:40,8.520321
2024-11-15 20:54:38,10.333244
2024-11-15 20:54:36,9.838808
2024-11-15 20:54:34,9.994499
2024-11-15 20:54:32,10.395615
2024-11-15 20:54:30,11.15558
2024-11-15 20:54:28,12.666696
2024-11-15 20:54:26,23.24846
2024-11-15 20:54:24,19.91806
2024-11-15 20:54:22,12.38655
2024-11-15 20:54:20,9.666725
2024-11-15 20:54:18,11.347742
2024-11-15 20:54:16,13.587797
2024-11-15 20:54:14,13.975588
2024-11-15 20:54:12,10.500114
2024-11-15 20:54:10,10.888848
2024-11-15 20:54:08,14.666789
2024-11-15 20:54:06,13.282202
2024-11-15 20:54:04,13.049361
2024-11-15 20:54:02,20.00009
2024-11-15 20:54:00,14.95604
2024-11-15 20:53:58,12.192206
2024-11-15 20:53:56,12.66674
2024-11-15 20:53:54,12.666713
2024-11-15 20:53:52,12.666773
2024-11-15 20:53:50,13.258316
2024-11-15 20:53:48,19.18644
2024-11-15 20:53:46,21.00041
2024-11-15 20:53:44,16.055224
2024-11-15 20:53:42,13.118453
2024-11-15 20:53:40,17.35915
2024-11-15 20:53:38,15.999677
2024-11-15 20:53:36,16.000117
2024-11-15 20:53:34,19.7584
2024-11-15 20:53:32,22.48941
2024-11-15 20:53:30,23.39272
2024-11-15 20:53:28,18.10629
2024-11-15 20:53:26,23.90667
2024-11-15 20:53:24,23.00046
2024-11-15 20:53:22,21.21981
2024-11-15 20:53:20,28.30719
2024-11-15 20:53:18,33.31513
2024-11-15 20:53:16,26.66734
2024-11-15 20:53:14,22.71037
2024-11-15 20:53:12,21.58201
2024-11-15 20:53:10,22.37098
2024-11-15 20:53:08,20.52757
2024-11-15 20:53:06,30.3594
2024-11-15 20:53:04,29.00013
2024-11-15 20:53:02,26.92324
2024-11-15 20:53:00,23.12656
2024-11-15 20:52:58,28.32413
2024-11-15 20:52:56,33.46711
2024-11-15 20:52:54,38.60633
2024-11-15 20:52:52,44.26733
2024-11-15 20:52:50,41.99896
2024-11-15 20:52:48,45.36219
2024-11-15 20:52:46,47.04452
2024-11-15 20:52:44,40.99999
2024-11-15 20:52:42,51.97665
2024-11-15 20:52:40,42.78698
2024-11-15 20:52:38,31.64495
2024-11-15 20:52:36,34.66666
2024-11-15 20:52:34,31.30421
2024-11-15 20:52:32,32.5605
2024-11-15 20:52:30,34.2844
2024-11-15 20:52:28,27.33309
2024-11-15 20:52:26,38.11287
2024-11-15 20:52:24,37.19274
2024-11-15 20:52:22,38.62048
2024-11-15 20:52:20,35.78605
2024-11-15 20:52:18,39.69683
2024-11-15 20:52:16,37.29739
2024-11-15 20:52:14,31.16251
2024-11-15 20:52:12,32.5655
2024-11-15 20:52:10,62.3336
2024-11-15 20:52:08,44.33444
2024-11-15 20:52:06,31.67336
2024-11-15 20:52:04,28.92076
2024-11-15 20:52:02,32.99944
2024-11-15 20:52:00,35.76881
2024-11-15 20:51:58,38.72485
2024-11-15 20:51:56,47.25721
2024-11-15 20:51:54,30.33372
2024-11-15 20:51:52,38.73937
2024-11-15 20:51:50,45.19182
2024-11-15 20:51:48,45.13751
2024-11-15 20:51:46,40.00015
2024-11-15 20:51:44,39.40669
2024-11-15 20:51:42,39.28016
2024-11-15 20:51:40,41.85986
2024-11-15 20:51:38,40.35912
2024-11-15 20:51:36,39.90212
2024-11-15 20:51:34,48.66764
2024-11-15 20:51:32,46.88693
2024-11-15 20:51:30,44.82625
2024-11-15 20:51:28,36.66661
2024-11-15 20:51:26,38.05115
2024-11-15 20:51:24,44.34025
2024-11-15 20:51:22,48.19786
2024-11-15 20:51:20,47.18188
2024-11-15 20:51:18,36.90276
2024-11-15 20:51:16,45.66673
2024-11-15 20:51:14,51.20477
2024-11-15 20:51:12,45.50562
2024-11-15 20:51:10,41.17556
2024-11-15 20:51:08,44.61192
2024-11-15 20:51:06,64.29376
2024-11-15 20:51:04,69.38546
2024-11-15 20:51:02,43.99999
2024-11-15 20:51:00,43.70296
2024-11-15 20:50:58,44.38995
2024-11-15 20:50:56,44.8782
2024-11-15 20:50:54,43.69284
2024-11-15 20:50:52,44.14883
2024-11-15 20:50:50,48.63742
2024-11-15 20:50:48,53.27983
2024-11-15 20:50:46,53.60978
2024-11-15 20:50:44,51.97308
2024-11-15 20:50:42,42
2024-11-15 20:50:40,61.18538
2024-11-15 20:50:38,72.12384
2024-11-15 20:50:36,50.6666
2024-11-15 20:50:34,51.1612
2024-11-15 20:50:32,45.46763
2024-11-15 20:50:30,42.29828
2024-11-15 20:50:28,51.66646
2024-11-15 20:50:26,61.75398
2024-11-15 20:50:24,69.19607
2024-11-15 20:50:22,74.33294
2024-11-15 20:50:20,95.19979
2024-11-15 20:50:18,72.61252
2024-11-15 20:50:16,47.95571
2024-11-15 20:50:14,56.61466
2024-11-15 20:50:12,81.99978
2024-11-15 20:50:10,78.43966
2024-11-15 20:50:08,84.30656
2024-11-15 20:50:06,66.06804
2024-11-15 20:50:04,50.02505
2024-11-15 20:50:02,54.76034
2024-11-15 20:50:00,65.78629
2024-11-15 20:49:58,54.00045
2024-11-15 20:49:56,85.15203
2024-11-15 20:49:54,86.02836
2024-11-15 20:49:52,73.05832
2024-11-15 20:49:50,83.33319
2024-11-15 20:49:48,62.36747
2024-11-15 20:49:46,49.12034
2024-11-15 20:49:44,60.65358
2024-11-15 20:49:42,67.00042
2024-11-15 20:49:40,78.4722
2024-11-15 20:49:38,84.29453
2024-11-15 20:49:36,63.89212
2024-11-15 20:49:34,58.00242
2024-11-15 20:49:32,68.97872
2024-11-15 20:49:30,73.23617
2024-11-15 20:49:28,74.16493
2024-11-15 20:49:26,75.13443
2024-11-15 20:49:24,63.76535
2024-11-15 20:49:22,66.33322
2024-11-15 20:49:20,62.57484
2024-11-15 20:49:18,60.12433
2024-11-15 20:49:16,61.33313
2024-11-15 20:49:14,71.43629
2024-11-15 20:49:12,77.9158
2024-11-15 20:49:10,73.64102
2024-11-15 20:49:08,81.37012
2024-11-15 20:49:06,87.91174
2024-11-15 20:49:04,95.08247
2024-11-15 20:49:02,47.33351
2024-11-15 20:49:00,54.55259
2024-11-15 20:48:58,66.91723
2024-11-15 20:48:56,71.44516
2024-11-15 20:48:54,66.05412
2024-11-15 20:48:52,62.11446
2024-11-15 20:48:50,61.84327
2024-11-15 20:48:48,53.31891
2024-11-15 20:48:46,54.92872
2024-11-15 20:48:44,130.11625
2024-11-15 20:48:42,54.13887
2024-11-15 20:48:40,53.49182
2024-11-15 20:48:38,39.04265
2024-11-15 20:48:36,88.00173
2024-11-15 20:48:34,56.35216
2024-11-15 20:48:32,35.25797
2024-11-15 20:48:30,40.29916
2024-11-15 20:48:28,33.29778
2024-11-15 20:48:26,31.33311
2024-11-15 20:48:24,32.91558
2024-11-15 20:48:22,36.86372
2024-11-15 20:48:20,64.66727
2024-11-15 20:48:18,48.05415
2024-11-15 20:48:16,40.22438
2024-11-15 20:48:14,74.65776
2024-11-15 20:48:12,55.27954
2024-11-15 20:48:10,42.52954
2024-11-15 20:48:08,47.66983
2024-11-15 20:48:06,60.02824
2024-11-15 20:48:04,88.67256
2024-11-15 20:48:02,57.69927
2024-11-15 20:48:00,27.3265
2024-11-15 20:47:58,31.38711
2024-11-15 20:47:56,40.00027
2024-11-15 20:47:54,34.9564
2024-11-15 20:47:52,35.6534
2024-11-15 20:47:50,34.84078
2024-11-15 20:47:48,32.30234
2024-11-15 20:47:46,31.99984
2024-11-15 20:47:44,26.65979
2024-11-15 20:47:42,23.70066
2024-11-15 20:47:40,29.45708
2024-11-15 20:47:38,19.3333
2024-11-15 20:47:36,42.574
2024-11-15 20:47:34,44.35787
2024-11-15 20:47:32,32.67457
2024-11-15 20:47:30,13.333218
2024-11-15 20:47:28,17.58586
2024-11-15 20:47:26,21.09346
2024-11-15 20:47:24,19.12617
2024-11-15 20:47:22,34.60882
2024-11-15 20:47:20,43.8752
2024-11-15 20:47:18,19.99999
2024-11-15 20:47:16,23.56027
2024-11-15 20:47:14,24.69247
2024-11-15 20:47:12,12.653374
2024-11-15 20:47:10,19.00005
2024-11-15 20:47:08,18.01128
2024-11-15 20:47:06,17.8162
2024-11-15 20:47:04,21.37904
2024-11-15 20:47:02,10.63987
2024-11-15 20:47:00,12.00006
2024-11-15 20:46:58,12.395585
2024-11-15 20:46:56,12.635516
2024-11-15 20:46:54,12.333411
2024-11-15 20:46:52,9.168662
2024-11-15 20:46:50,20.6477
2024-11-15 20:46:48,27.9457
2024-11-15 20:46:46,9.462886
2024-11-15 20:46:44,23.66672
2024-11-15 20:46:42,12.788095
2024-11-15 20:46:40,5.34896
2024-11-15 20:46:38,5.795546
2024-11-15 20:46:36,8.666722
2024-11-15 20:46:34,7.084321
2024-11-15 20:46:32,5.802178
2024-11-15 20:46:30,5.651072
2024-11-15 20:46:28,5.453318
2024-11-15 20:46:26,5.000067
2024-11-15 20:46:24,4.999999
2024-11-15 20:46:22,7.769102
2024-11-15 20:46:20,9.324272
2024-11-15 20:46:18,5.999994
2024-11-15 20:46:16,6.000087
2024-11-15 20:46:14,9.856999
2024-11-15 20:46:12,8.840668
2024-11-15 20:46:10,6.442233
2024-11-15 20:46:08,7.359914
2024-11-15 20:46:06,6.000086
2024-11-15 20:46:04,5.70334
2024-11-15 20:46:02,5.994511
2024-11-15 20:46:00,6.395617
2024-11-15 20:45:58,6.999853
2024-11-15 20:45:56,7.000096
2024-11-15 20:45:54,6.208783
2024-11-15 20:45:52,5.69769
2024-11-15 20:45:50,5.968948
2024-11-15 20:45:48,5.666686
2024-11-15 20:45:46,5.864487
2024-11-15 20:45:44,6.373563
2024-11-15 20:45:42,9.688618
2024-11-15 20:45:40,6.666724
2024-11-15 20:45:38,7.064331
2024-11-15 20:45:36,7.712323
2024-11-15 20:45:34,11.327987
2024-11-15 20:45:32,8.759773
2024-11-15 20:45:30,7.197782
2024-11-15 20:45:28,7.06882
2024-11-15 20:45:26,4.826917
2024-11-15 20:45:24,7.968957
2024-11-15 20:45:22,7.666713
2024-11-15 20:45:20,7.666644
2024-11-15 20:45:18,7.791112
2024-11-15 20:45:16,8.813048
2024-11-15 20:45:14,7.06232
2024-11-15 20:45:12,7.666692
2024-11-15 20:45:10,8.161188
2024-11-15 20:45:08,10.379106
2024-11-15 20:45:06,11.697826
2024-11-15 20:45:04,11.657532
2024-11-15 20:45:02,8.333436
2024-11-15 20:45:00,8.333347
2024-11-15 20:44:58,8.551229
2024-11-15 20:44:56,10.666692
2024-11-15 20:44:54,9.677657
2024-11-15 20:44:52,8.968847
2024-11-15 20:44:50,8.666661
2024-11-15 20:44:48,8.271026
2024-11-15 20:44:46,7.406513
2024-11-15 20:44:44,8.977935
2024-11-15 20:44:42,10.162216
2024-11-15 20:44:40,9.013691
2024-11-15 20:44:38,13.999935
2024-11-15 20:44:36,10.439689
2024-11-15 20:44:34,10.076839
2024-11-15 20:44:32,11.2033
2024-11-15 20:44:30,10.844416
2024-11-15 20:44:28,9.33342
2024-11-15 20:44:26,9.728933
2024-11-15 20:44:24,9.208735
2024-11-15 20:44:22,8.791159
2024-11-15 20:44:20,9.953471
2024-11-15 20:44:18,9.982154
2024-11-15 20:44:16,14.667068
2024-11-15 20:44:14,12.194267
2024-11-15 20:44:12,17.32386
2024-11-15 20:44:10,16.8572
2024-11-15 20:44:08,13.146779
2024-11-15 20:44:06,11.333345
2024-11-15 20:44:04,13.509242
2024-11-15 20:44:02,14.109598
2024-11-15 20:44:00,12.21423
2024-11-15 20:43:58,11.582593
2024-11-15 20:43:56,14.186945
2024-11-15 20:43:54,15.906452
2024-11-15 20:43:52,15.000065
2024-11-15 20:43:50,16.186906
2024-11-15 20:43:48,17.37377
2024-11-15 20:43:46,21.00005
2024-11-15 20:43:44,18.42845
2024-11-15 20:43:42,17.75651
2024-11-15 20:43:40,28.33397
2024-11-15 20:43:38,30.50842
2024-11-15 20:43:36,23.49392
2024-11-15 20:43:34,17.97792
2024-11-15 20:43:32,21.00015
2024-11-15 20:43:30,19.81318
2024-11-15 20:43:28,19.19793
2024-11-15 20:43:26,19.7695
2024-11-15 20:43:24,24.52874
2024-11-15 20:43:22,29.66716
2024-11-15 20:43:20,26.10617
2024-11-15 20:43:18,23.27721
2024-11-15 20:43:16,19.59338
2024-11-15 20:43:14,20.8582
2024-11-15 20:43:12,24.33322
2024-11-15 20:43:10,27.30021
2024-11-15 20:43:08,28.67953
2024-11-15 20:43:06,22.33324
2024-11-15 20:43:04,27.08053
2024-11-15 20:43:02,30.25574
2024-11-15 20:43:00,30.57378
2024-11-15 20:42:58,39.97203
2024-11-15 20:42:56,30.00027
2024-11-15 20:42:54,27.82446
2024-11-15 20:42:52,25.97545
2024-11-15 20:42:50,23.10683
2024-11-15 20:42:48,29.0001
2024-11-15 20:42:46,32.2638
2024-11-15 20:42:44,29.65438
2024-11-15 20:42:42,26.76969
2024-11-15 20:42:40,30.37647
2024-11-15 20:42:38,24.33341
2024-11-15 20:42:36,27.69617
2024-11-15 20:42:34,30.39597
2024-11-15 20:42:32,30.231
2024-11-15 20:42:30,26.00007
2024-11-15 20:42:28,26.59315
2024-11-15 20:42:26,47.76938
2024-11-15 20:42:24,46.17592
2024-11-15 20:42:22,34.97542
2024-11-15 20:42:20,31.29748
2024-11-15 20:42:18,29.33391
2024-11-15 20:42:16,28.8385
2024-11-15 20:42:14,34.43299
2024-11-15 20:42:12,32.56554
2024-11-15 20:42:10,33.74144
2024-11-15 20:42:08,37.11534
2024-11-15 20:42:06,35.18673
2024-11-15 20:42:04,37.00014
2024-11-15 20:42:02,33.73635
2024-11-15 20:42:00,39.80742
2024-11-15 20:41:58,44.61053
2024-11-15 20:41:56,43.72039
2024-11-15 20:41:54,40.99932
2024-11-15 20:41:52,35.06574
2024-11-15 20:41:50,31.88988
2024-11-15 20:41:48,37.94007
2024-11-15 20:41:46,42.77346
2024-11-15 20:41:44,51.39741
2024-11-15 20:41:42,31.00007
2024-11-15 20:41:40,32.781
2024-11-15 20:41:38,36.0884
2024-11-15 20:41:36,56.33213
2024-11-15 20:41:34,55.54152
2024-11-15 20:41:32,57.76972
2024-11-15 20:41:30,61.24031
2024-11-15 20:41:28,74.11642
2024-11-15 20:41:26,51.59082
2024-11-15 20:41:24,57.33505
2024-11-15 20:41:22,60.49814
2024-11-15 20:41:20,60.79673
2024-11-15 20:41:18,42.66682
2024-11-15 20:41:16,39.30363
2024-11-15 20:41:14,36.93713
2024-11-15 20:41:12,36.33262
2024-11-15 20:41:10,34.35511
2024-11-15 20:41:08,38.14251
2024-11-15 20:41:06,43.12952
2024-11-15 20:41:04,57.33427
2024-11-15 20:41:02,56.24513
2024-11-15 20:41:00,45.90665
2024-11-15 20:40:58,39.90907
2024-11-15 20:40:56,46.48001
2024-11-15 20:40:54,56.00049
2024-11-15 20:40:52,56.79169
2024-11-15 20:40:50,56.64893
2024-11-15 20:40:48,50.40448
2024-11-15 20:40:46,54.33534
2024-11-15 20:40:44,57.99241
2024-11-15 20:40:42,49.71888
2024-11-15 20:40:40,42.20864
2024-11-15 20:40:38,40.9998
2024-11-15 20:40:36,50.79037
2024-11-15 20:40:34,62.14965
2024-11-15 20:40:32,64.55718
2024-11-15 20:40:30,58.74089
2024-11-15 20:40:28,75.66715
2024-11-15 20:40:26,68.15018
2024-11-15 20:40:24,66.12844
2024-11-15 20:40:22,94.335
2024-11-15 20:40:20,73.33321
2024-11-15 20:40:18,66.90431
2024-11-15 20:40:16,57.65409
2024-11-15 20:40:14,56.12357
2024-11-15 20:40:12,71.92827
2024-11-15 20:40:10,56.66657
2024-11-15 20:40:08,65.56876
2024-11-15 20:40:06,73.07035
2024-11-15 20:40:04,86.66635
2024-11-15 20:40:02,86.86378
2024-11-15 20:40:00,89.37204
2024-11-15 20:39:58,80.01984
2024-11-15 20:39:56,79.91696
2024-11-15 20:39:54,83.32082
2024-11-15 20:39:52,70.40798
2024-11-15 20:39:50,101.21266
2024-11-15 20:39:48,79.0004
2024-11-15 20:39:46,83.15429
2024-11-15 20:39:44,69.08642
2024-11-15 20:39:42,72.03676
2024-11-15 20:39:40,79.29375
2024-11-15 20:39:38,59.8169
2024-11-15 20:39:36,126.0021
2024-11-15 20:39:34,80.70399
2024-11-15 20:39:32,49.2303
2024-11-15 20:39:30,47.10035
2024-11-15 20:39:28,68.63592
2024-11-15 20:39:26,79.66874
2024-11-15 20:39:24,60.87575
2024-11-15 20:39:22,61.64632
2024-11-15 20:39:20,78.51988
2024-11-15 20:39:18,84.01636
2024-11-15 20:39:16,87.32553
2024-11-15 20:39:14,61.02368
2024-11-15 20:39:12,49.13169
2024-11-15 20:39:10,53.39613
2024-11-15 20:39:08,55.30723
2024-11-15 20:39:06,68.80944
2024-11-15 20:39:04,76.66766
2024-11-15 20:39:02,65.39198
2024-11-15 20:39:00,60.12495
2024-11-15 20:38:58,82.13203
2024-11-15 20:38:56,64.62453
2024-11-15 20:38:54,70.66532
2024-11-15 20:38:52,74.81969
2024-11-15 20:38:50,74.77203
2024-11-15 20:38:48,46.66783
2024-11-15 20:38:46,43.00686
2024-11-15 20:38:44,53.45491
2024-11-15 20:38:42,60.71496
2024-11-15 20:38:40,48.89063
2024-11-15 20:38:38,86.66716
2024-11-15 20:38:36,54.22839
2024-11-15 20:38:34,62.85576
2024-11-15 20:38:32,61.64957
2024-11-15 20:38:30,45.92913
2024-11-15 20:38:28,47.11
2024-11-15 20:38:26,96.73061
2024-11-15 20:38:24,75.07325
2024-11-15 20:38:22,63.81438
2024-11-15 20:38:20,98.00248
2024-11-15 20:38:18,67.93407
2024-11-15 20:38:16,47.48797
2024-11-15 20:38:14,49.0001
2024-11-15 20:38:12,31.98981
2024-11-15 20:38:10,21.70302
2024-11-15 20:38:08,33.84805
2024-11-15 20:38:06,22.66674
2024-11-15 20:38:04,22.86491
2024-11-15 20:38:02,23.37426
2024-11-15 20:38:00,27.60599
2024-11-15 20:37:58,32.79901
2024-11-15 20:37:56,26.00029
2024-11-15 20:37:54,66.9415
2024-11-15 20:37:52,72.45216
2024-11-15 20:37:50,53.59275
2024-11-15 20:37:48,21.01349
2024-11-15 20:37:46,26.00117
2024-11-15 20:37:44,23.92253
2024-11-15 20:37:42,39.80674
2024-11-15 20:37:40,50.34477
2024-11-15 20:37:38,37.07977
2024-11-15 20:37:36,33.00037
2024-11-15 20:37:34,25.28497
2024-11-15 20:37:32,31.66938
2024-11-15 20:37:30,37.83027
2024-11-15 20:37:28,20.00009
2024-11-15 20:37:26,36.61497
2024-11-15 20:37:24,24.85779
2024-11-15 20:37:22,27.98787
2024-11-15 20:37:20,25.57233
2024-11-15 20:37:18,14.533214
2024-11-15 20:37:16,12.988151
2024-11-15 20:37:14,40.10131
2024-11-15 20:37:12,21.66659
2024-11-15 20:37:10,24.04003
2024-11-15 20:37:08,23.87692
2024-11-15 20:37:06,6.453212
2024-11-15 20:37:04,6.000206
2024-11-15 20:37:02,10.153671
2024-11-15 20:37:00,10.230788
2024-11-15 20:36:58,8.582275
2024-11-15 20:36:56,10.579797
2024-11-15 20:36:54,6.577708
2024-11-15 20:36:52,7.333512
2024-11-15 20:36:50,9.904641
2024-11-15 20:36:48,11.557624
2024-11-15 20:36:46,11.511312
2024-11-15 20:36:44,21.33346
2024-11-15 20:36:42,12.531766
2024-11-15 20:36:40,6.20327
2024-11-15 20:36:38,5.406644
2024-11-15 20:36:36,5.093364
2024-11-15 20:36:34,5.999881
2024-11-15 20:36:32,6.000068
2024-11-15 20:36:30,7.186732
2024-11-15 20:36:28,5.824385
2024-11-15 20:36:26,4.520042
2024-11-15 20:36:24,6.333329
2024-11-15 20:36:22,5.937761
2024-11-15 20:36:20,5.837809
2024-11-15 20:36:18,7.266652
2024-11-15 20:36:16,5.217718
2024-11-15 20:36:14,7.333497
2024-11-15 20:36:12,6.542238
2024-11-15 20:36:10,6.373494
2024-11-15 20:36:08,9.999997
2024-11-15 20:36:06,6.835315
2024-11-15 20:36:04,4.697739
2024-11-15 20:36:02,5.217851
2024-11-15 20:36:00,7.333443
2024-11-15 20:35:58,6.838816
2024-11-15 20:35:56,5.016559
2024-11-15 20:35:54,4.186744
2024-11-15 20:35:52,5.859895
2024-11-15 20:35:50,4.64009
2024-11-15 20:35:48,6.000002
2024-11-15 20:35:46,5.406645
2024-11-15 20:35:44,4.703246
2024-11-15 20:35:42,4.598903
2024-11-15 20:35:40,4.697889
2024-11-15 20:35:38,4.9533
2024-11-15 20:35:36,4.671251
2024-11-15 20:35:34,6.333441
2024-11-15 20:35:32,6.135426
2024-11-15 20:35:30,8.373352
2024-11-15 20:35:28,10.186729
2024-11-15 20:35:26,11.688785
2024-11-15 20:35:24,8.666716
2024-11-15 20:35:22,7.084369
2024-11-15 20:35:20,6.197784
2024-11-15 20:35:18,6.34888
2024-11-15 20:35:16,6.733417
2024-11-15 20:35:14,8.937679
2024-11-15 20:35:12,8.333369
2024-11-15 20:35:10,7.937743
2024-11-15 20:35:08,7.57327
2024-11-15 20:35:06,6.6667
2024-11-15 20:35:04,7.161172
2024-11-15 20:35:02,8.093343
2024-11-15 20:35:00,8.401064
2024-11-15 20:34:58,8.488921
2024-11-15 20:34:56,10.186923
2024-11-15 20:34:54,11.99996
2024-11-15 20:34:52,9.82429
2024-11-15 20:34:50,8.442257
2024-11-15 20:34:48,10.013497
2024-11-15 20:34:46,14.595437
2024-11-15 20:34:44,10.666734
2024-11-15 20:34:42,9.677659
2024-11-15 20:34:40,10.18664
2024-11-15 20:34:38,10.014903
2024-11-15 20:34:36,9.636997
2024-11-15 20:34:34,13.035216
2024-11-15 20:34:32,18.35044
2024-11-15 20:34:30,14.86012
2024-11-15 20:34:28,11.009312
2024-11-15 20:34:26,11.978094
2024-11-15 20:34:24,13.022155
2024-11-15 20:34:22,9.999887
2024-11-15 20:34:20,11.780216
2024-11-15 20:34:18,12.968923
2024-11-15 20:34:16,12.666523
2024-11-15 20:34:14,13.457982
2024-11-15 20:34:12,15.541831
2024-11-15 20:34:10,28.86494
2024-11-15 20:34:08,12.813219
2024-11-15 20:34:06,10.999897
2024-11-15 20:34:04,17.23058
2024-11-15 20:34:02,14.972409
2024-11-15 20:34:00,12.181418
2024-11-15 20:33:58,13.536042
2024-11-15 20:33:56,15.546639
2024-11-15 20:33:54,16.4049
2024-11-15 20:33:52,20.33325
2024-11-15 20:33:50,17.56403
2024-11-15 20:33:48,15.573256
2024-11-15 20:33:46,14.666603
2024-11-15 20:33:44,15.161128
2024-11-15 20:33:42,14.906622
2024-11-15 20:33:40,16.1814
2024-11-15 20:33:38,17.48908
2024-11-15 20:33:36,19.00015
2024-11-15 20:33:34,23.94511
2024-11-15 20:33:32,26.49232
2024-11-15 20:33:30,18.33347
2024-11-15 20:33:28,18.33326
2024-11-15 20:33:26,18.53553
2024-11-15 20:33:24,22.44623
2024-11-15 20:33:22,41.33354
2024-11-15 20:33:20,28.47602
2024-11-15 20:33:18,19.69782
2024-11-15 20:33:16,19.99972
2024-11-15 20:33:14,19.40659
2024-11-15 20:33:12,19.59356
2024-11-15 20:33:10,19.78213
2024-11-15 20:33:08,17.66665
2024-11-15 20:33:06,24.68902
2024-11-15 20:33:04,22.67576
2024-11-15 20:33:02,24.32992
2024-11-15 20:33:00,28.41719
2024-11-15 20:32:58,26.21713
2024-11-15 20:32:56,28.33357
2024-11-15 20:32:54,25.76196
2024-11-15 20:32:52,21.32935
2024-11-15 20:32:50,23.35669
2024-11-15 20:32:48,23.82479
2024-11-15 20:32:46,24.91868
2024-11-15 20:32:44,47.80325
2024-11-15 20:32:42,26.54672
2024-11-15 20:32:40,27.00005
2024-11-15 20:32:38,25.81329
2024-11-15 20:32:36,25.18681
2024-11-15 20:32:34,27.00008
2024-11-15 20:32:32,29.07682
2024-11-15 20:32:30,31.98337
2024-11-15 20:32:28,33.79364
2024-11-15 20:32:26,40.20827
2024-11-15 20:32:24,27.6668
2024-11-15 20:32:22,27.27106
2024-11-15 20:32:20,27.40452
2024-11-15 20:32:18,31.33324
2024-11-15 20:32:16,29.35604
2024-11-15 20:32:14,37.69207
2024-11-15 20:32:12,42.71375
2024-11-15 20:32:10,28.02701
2024-11-15 20:32:08,38.15574
2024-11-15 20:32:06,39.66671
2024-11-15 20:32:04,44.61161
2024-11-15 20:32:02,46.87968
2024-11-15 20:32:00,35.9999
2024-11-15 20:31:58,43.41725
2024-11-15 20:31:56,36.9292
2024-11-15 20:31:54,29.51359
2024-11-15 20:31:52,34.03272
2024-11-15 20:31:50,30.20068
2024-11-15 20:31:48,37.00026
2024-11-15 20:31:46,42.63754
2024-11-15 20:31:44,46.2029
2024-11-15 20:31:42,44.21985
2024-11-15 20:31:40,42.15994
2024-11-15 20:31:38,35.58701
2024-11-15 20:31:36,52.58684
2024-11-15 20:31:34,64.85638
2024-11-15 20:31:32,34.33344
2024-11-15 20:31:30,35.52022
2024-11-15 20:31:28,37.23605
2024-11-15 20:31:26,45.6568
2024-11-15 20:31:24,42.33553
2024-11-15 20:31:22,40.94911
2024-11-15 20:31:20,47.4174
2024-11-15 20:31:18,52.00563
2024-11-15 20:31:16,50.99735
2024-11-15 20:31:14,44.29762
2024-11-15 20:31:12,42.33388
2024-11-15 20:31:10,46.88257
2024-11-15 20:31:08,51.18639
2024-11-15 20:31:06,52.00003
2024-11-15 20:31:04,52.34255
2024-11-15 20:31:02,55.66873
2024-11-15 20:31:00,65.9531
2024-11-15 20:30:58,71.31628
2024-11-15 20:30:56,55.74568
2024-11-15 20:30:54,63.69881
2024-11-15 20:30:52,70.70251
2024-11-15 20:30:50,72.66705
2024-11-15 20:30:48,65.34808
2024-11-15 20:30:46,63.7253
2024-11-15 20:30:44,96.66683
2024-11-15 20:30:42,79.06407
2024-11-15 20:30:40,69.3726
2024-11-15 20:30:38,71.19775
2024-11-15 20:30:36,73.73573
2024-11-15 20:30:34,97.0415
2024-11-15 20:30:32,79.7747
2024-11-15 20:30:30,72.80559
2024-11-15 20:30:28,119.66288
2024-11-15 20:30:26,87.02749
2024-11-15 20:30:24,64.41781
2024-11-15 20:30:22,62.74322
2024-11-15 20:30:20,71.33877
2024-11-15 20:30:18,84.33522
2024-11-15 20:30:16,86.50823
2024-11-15 20:30:14,93.33927
2024-11-15 20:30:12,98.86766
2024-11-15 20:30:10,117.00035
2024-11-15 20:30:08,108.10848
2024-11-15 20:30:06,101.77806
2024-11-15 20:30:04,95.09233
2024-11-15 20:30:02,52.54673
2024-11-15 20:30:00,53.00025
2024-11-15 20:29:58,56.16504
2024-11-15 20:29:56,60.31067
2024-11-15 20:29:54,80.60382
2024-11-15 20:29:52,91.33452
2024-11-15 20:29:50,60.27763
2024-11-15 20:29:48,73.81329
2024-11-15 20:29:46,96.70233
2024-11-15 20:29:44,87.33383
2024-11-15 20:29:42,66.66234
2024-11-15 20:29:40,73.76456
2024-11-15 20:29:38,86.99451
2024-11-15 20:29:36,74.32576
2024-11-15 20:29:34,77.39193
2024-11-15 20:29:32,76.33461
2024-11-15 20:29:30,82.06919
2024-11-15 20:29:28,84.223
2024-11-15 20:29:26,68.95975
2024-11-15 20:29:24,87.28403
2024-11-15 20:29:22,80.33256
2024-11-15 20:29:20,73.01491
2024-11-15 20:29:18,68.68515
2024-11-15 20:29:16,75.33431
2024-11-15 20:29:14,82.25619
2024-11-15 20:29:12,99.06725
2024-11-15 20:29:10,103.52069
2024-11-15 20:29:08,70.80843
2024-11-15 20:29:06,112.68263
2024-11-15 20:29:04,122.16794
2024-11-15 20:29:02,129.22921
2024-11-15 20:29:00,134.72325
2024-11-15 20:28:58,101.58812
2024-11-15 20:28:56,84.71216
2024-11-15 20:28:54,85.18389
2024-11-15 20:28:52,50.05245
2024-11-15 20:28:50,38.52279
2024-11-15 20:28:48,63.02658
2024-11-15 20:28:46,77.2517
2024-11-15 20:28:44,55.51931
2024-11-15 20:28:42,34.13357
2024-11-15 20:28:40,34.98623
2024-11-15 20:28:38,29.22184
2024-11-15 20:28:36,21.66665
2024-11-15 20:28:34,27.79833
2024-11-15 20:28:32,31.75105
2024-11-15 20:28:30,29.3331
2024-11-15 20:28:28,26.36649
2024-11-15 20:28:26,25.54755
2024-11-15 20:28:24,37.33323
2024-11-15 20:28:22,41.8823
2024-11-15 20:28:20,60.82334
2024-11-15 20:28:18,68.74103
2024-11-15 20:28:16,40.33302
2024-11-15 20:28:14,62.09428
2024-11-15 20:28:12,73.03195
2024-11-15 20:28:10,34.13833
2024-11-15 20:28:08,30.66668
2024-11-15 20:28:06,27.00737
2024-11-15 20:28:04,23.01664
2024-11-15 20:28:02,23.78003
2024-11-15 20:28:00,39.53759
2024-11-15 20:27:58,53.35684
2024-11-15 20:27:56,34.04508
2024-11-15 20:27:54,18.06625
2024-11-15 20:27:52,9.186712
2024-11-15 20:27:50,10.782131
2024-11-15 20:27:48,8.666672
2024-11-15 20:27:46,13.314851
2024-11-15 20:27:44,15.609929
2024-11-15 20:27:42,14.766502
2024-11-15 20:27:40,14.289669
2024-11-15 20:27:38,31.66684
2024-11-15 20:27:36,19.7991
2024-11-15 20:27:34,11.277579
2024-11-15 20:27:32,8.262529
2024-11-15 20:27:30,15.666609
2024-11-15 20:27:28,12.50212
2024-11-15 20:27:26,11.423258
2024-11-15 20:27:24,20.84788
2024-11-15 20:27:22,9.666486
2024-11-15 20:27:20,9.468862
2024-11-15 20:27:18,9.552868
2024-11-15 20:27:16,11.683311
2024-11-15 20:27:14,13.639358
2024-11-15 20:27:12,8.756443
2024-11-15 20:27:10,5.389976
2024-11-15 20:27:08,5.999996
2024-11-15 20:27:06,6.000112
2024-11-15 20:27:04,5.208878
2024-11-15 20:27:02,4.697794
2024-11-15 20:27:00,5.062258
2024-11-15 20:26:58,5.666657
2024-11-15 20:26:56,6.853421
2024-11-15 20:26:54,7.464356
2024-11-15 20:26:52,5.546685
2024-11-15 20:26:50,6.000072
2024-11-15 20:26:48,5.999947
2024-11-15 20:26:46,6.988893
2024-11-15 20:26:44,7.557739
2024-11-15 20:26:42,6.500074
2024-11-15 20:26:40,6.39101
2024-11-15 20:26:38,5.333333
2024-11-15 20:26:36,5.135548
2024-11-15 20:26:34,5.093376
2024-11-15 20:26:32,5.999884
2024-11-15 20:26:30,5.802227
2024-11-15 20:26:28,5.604507
2024-11-15 20:26:26,5.000028
2024-11-15 20:26:24,4.802221
2024-11-15 20:26:22,4.744477
2024-11-15 20:26:20,5.4843
2024-11-15 20:26:18,5.333422
2024-11-15 20:26:16,6.618961
2024-11-15 20:26:14,6.609906
2024-11-15 20:26:12,5.604524
2024-11-15 20:26:10,5.5203
2024-11-15 20:26:08,7.333196
2024-11-15 20:26:06,6.541992
2024-11-15 20:26:04,6.593382
2024-11-15 20:26:02,6.969021
2024-11-15 20:26:00,6.666629
2024-11-15 20:25:58,6.864379
2024-11-15 20:25:56,6.406609
2024-11-15 20:25:54,5.999999
2024-11-15 20:25:52,7.384503
2024-11-15 20:25:50,8.302218
2024-11-15 20:25:48,7.782305
2024-11-15 20:25:46,5.66665
2024-11-15 20:25:44,5.864418
2024-11-15 20:25:42,5.906571
2024-11-15 20:25:40,5.00007
2024-11-15 20:25:38,5.79122
2024-11-15 20:25:36,6.333325
2024-11-15 20:25:34,6.333308
2024-11-15 20:25:32,10.091316
2024-11-15 20:25:30,12.666486
2024-11-15 20:25:28,12.666988
2024-11-15 20:25:26,9.007406
2024-11-15 20:25:24,8.280097
2024-11-15 20:25:22,7.620945
2024-11-15 20:25:20,6.442181
2024-11-15 20:25:18,7.546497
2024-11-15 20:25:16,8.000197
2024-11-15 20:25:14,8.296692
2024-11-15 20:25:12,7.609947
2024-11-15 20:25:10,7.140118
2024-11-15 20:25:08,8.391041
2024-11-15 20:25:06,7.333299
2024-11-15 20:25:04,8.520088
2024-11-15 20:25:02,9.395635
2024-11-15 20:25:00,9.71981
2024-11-15 20:24:58,7.093427
2024-11-15 20:24:56,8.607113
2024-11-15 20:24:54,13.986278
2024-11-15 20:24:52,8.937648
2024-11-15 20:24:50,8.333444
2024-11-15 20:24:48,8.432414
2024-11-15 20:24:46,8.79654
2024-11-15 20:24:44,9.889968
2024-11-15 20:24:42,9.016739
2024-11-15 20:24:40,8.233654
2024-11-15 20:24:38,10.26621
2024-11-15 20:24:36,8.560236
2024-11-15 20:24:34,13.5643
2024-11-15 20:24:32,9.333445
2024-11-15 20:24:30,15.66285
2024-11-15 20:24:28,16.439799
2024-11-15 20:24:26,13.844547
2024-11-15 20:24:24,12.33312
2024-11-15 20:24:22,12.432561
2024-11-15 20:24:20,12.598842
2024-11-15 20:24:18,12.603881
2024-11-15 20:24:16,12.093451
2024-11-15 20:24:14,13.000312
2024-11-15 20:24:12,21.11019
2024-11-15 20:24:10,25.62355
2024-11-15 20:24:08,15.220238
2024-11-15 20:24:06,12.546452
2024-11-15 20:24:04,13.000022
2024-11-15 20:24:02,12.406346
2024-11-15 20:24:00,12.989128
2024-11-15 20:23:58,13.51128
2024-11-15 20:23:56,12.467177
2024-11-15 20:23:54,17.18565
2024-11-15 20:23:52,18.99985
2024-11-15 20:23:50,17.22002
2024-11-15 20:23:48,16.197778
2024-11-15 20:23:46,16.519922
2024-11-15 20:23:44,18.33434
2024-11-15 20:23:42,17.24548
2024-11-15 20:23:40,15.312581
2024-11-15 20:23:38,18.35694
2024-11-15 20:23:36,21.93445
2024-11-15 20:23:34,29.7547
2024-11-15 20:23:32,17.66613
2024-11-15 20:23:30,18.85337
2024-11-15 20:23:28,19.44897
2024-11-15 20:23:26,17.33313
2024-11-15 20:23:24,18.02578
2024-11-15 20:23:22,24.13729
2024-11-15 20:23:20,28.09308
2024-11-15 20:23:18,28.50246
2024-11-15 20:23:16,23.66715
2024-11-15 20:23:14,20.69934
2024-11-15 20:23:12,18.85296
2024-11-15 20:23:10,20.66708
2024-11-15 20:23:08,21.45782
2024-11-15 20:23:06,21.81289
2024-11-15 20:23:04,20.00041
2024-11-15 20:23:02,23.56043
2024-11-15 20:23:00,26.49769
2024-11-15 20:22:58,31.33336
2024-11-15 20:22:56,28.17514
2024-11-15 20:22:54,26.24344
2024-11-15 20:22:52,28.71715
2024-11-15 20:22:50,31.00026
2024-11-15 20:22:48,31.98903
2024-11-15 20:22:46,32.60414
2024-11-15 20:22:44,31.34539
2024-11-15 20:22:42,25.00033
2024-11-15 20:22:40,25.98922
2024-11-15 20:22:38,28.03667
2024-11-15 20:22:36,41.33289
2024-11-15 20:22:34,46.8713
2024-11-15 20:22:32,48.95457
2024-11-15 20:22:30,32.33365
2024-11-15 20:22:28,30.94893
2024-11-15 20:22:26,31.21434
2024-11-15 20:22:24,42.50259
2024-11-15 20:22:22,37.66691
2024-11-15 20:22:20,38.4576
2024-11-15 20:22:18,39.03047
2024-11-15 20:22:16,39.33276
2024-11-15 20:22:14,32.90528
2024-11-15 20:22:12,36.51124
2024-11-15 20:22:10,41.0658
2024-11-15 20:22:08,32.23302
2024-11-15 20:22:06,36.44538
2024-11-15 20:22:04,55.33418
2024-11-15 20:22:02,42.08018
2024-11-15 20:22:00,38.53785
2024-11-15 20:21:58,41.5868
2024-11-15 20:21:56,34.33416
2024-11-15 20:21:54,40.36639
2024-11-15 20:21:52,38.2693
2024-11-15 20:21:50,34.14063
2024-11-15 20:21:48,35.68687
2024-11-15 20:21:46,38.85444
2024-11-15 20:21:44,50.16283
2024-11-15 20:21:42,32.33218
2024-11-15 20:21:40,31.83852
2024-11-15 20:21:38,39.9067
2024-11-15 20:21:36,45.79231
2024-11-15 20:21:34,47.00696
2024-11-15 20:21:32,49.07305
2024-11-15 20:21:30,43.86916
2024-11-15 20:21:28,39.11581
2024-11-15 20:21:26,38.1665
2024-11-15 20:21:24,49.14149
2024-11-15 20:21:22,45.66694
2024-11-15 20:21:20,47.05097
2024-11-15 20:21:18,46.41751
2024-11-15 20:21:16,45.58239
2024-11-15 20:21:14,46.97332
2024-11-15 20:21:12,38.21386
2024-11-15 20:21:10,50.00073
2024-11-15 20:21:08,50.39569
2024-11-15 20:21:06,49.81037
2024-11-15 20:21:04,41.87369
2024-11-15 20:21:02,45.17373
2024-11-15 20:21:00,42.65393
2024-11-15 20:20:58,49.00101
2024-11-15 20:20:56,51.37215
2024-11-15 20:20:54,57.15218
2024-11-15 20:20:52,57.42886
2024-11-15 20:20:50,54.60866
2024-11-15 20:20:48,44.33344
2024-11-15 20:20:46,47.69546
2024-11-15 20:20:44,51.18636
2024-11-15 20:20:42,57.63709
2024-11-15 20:20:40,57.04935
2024-11-15 20:20:38,60.52709
2024-11-15 20:20:36,66.46381
2024-11-15 20:20:34,80.66651
2024-11-15 20:20:32,71.76597
2024-11-15 20:20:30,67.93866
2024-11-15 20:20:28,90.00132
2024-11-15 20:20:26,85.05604
2024-11-15 20:20:24,79.61243
2024-11-15 20:20:22,59.66665
2024-11-15 20:20:20,76.18224
2024-11-15 20:20:18,82.85197
2024-11-15 20:20:16,80.35258
2024-11-15 20:20:14,86.99783
2024-11-15 20:20:12,71.2754
2024-11-15 20:20:10,73.85095
2024-11-15 20:20:08,112.37135
2024-11-15 20:20:06,122.41245
2024-11-15 20:20:04,87.5126
2024-11-15 20:20:02,66.52815
2024-11-15 20:20:00,55.58219
2024-11-15 20:19:58,118.4729
2024-11-15 20:19:56,108.54598
2024-11-15 20:19:54,109.0036
2024-11-15 20:19:52,107.51545
2024-11-15 20:19:50,85.13702
2024-11-15 20:19:48,108.77393
2024-11-15 20:19:46,135.5009
2024-11-15 20:19:44,140.33319
2024-11-15 20:19:42,134.59812
2024-11-15 20:19:40,130.04507
2024-11-15 20:19:38,121.19529
2024-11-15 20:19:36,94.00624
2024-11-15 20:19:34,96.37702
2024-11-15 20:19:32,98.09393
2024-11-15 20:19:30,98.99571
2024-11-15 20:19:28,139.74766
2024-11-15 20:19:26,165.3306
2024-11-15 20:19:24,142.66158
2024-11-15 20:19:22,181.0367
2024-11-15 20:19:20,209.1074
2024-11-15 20:19:18,226.3329
2024-11-15 20:19:16,179.2583
2024-11-15 20:19:14,142.86062
2024-11-15 20:19:12,102.67218
2024-11-15 20:19:10,118.68983
2024-11-15 20:19:08,123.24864
2024-11-15 20:19:06,61
2024-11-15 20:19:04,76.13252
2024-11-15 20:19:02,73.44644
2024-11-15 20:19:00,104.75454
2024-11-15 20:18:58,129.44912
2024-11-15 20:18:56,102.71117
2024-11-15 20:18:54,110.21964
2024-11-15 20:18:52,68.66699
2024-11-15 20:18:50,128.41827
2024-11-15 20:18:48,166.17495
2024-11-15 20:18:46,135.31213
2024-11-15 20:18:44,139.47678
2024-11-15 20:18:42,130.34672
2024-11-15 20:18:40,18.52948
2024-11-15 20:18:38,58.46845
2024-11-15 20:18:36,19.33348
2024-11-15 20:18:34,58.0022
2024-11-15 20:18:32,45.0405
2024-11-15 20:18:30,17.90741
